account_id,customer_id,account_type,currency,balance,opening_balance,status,created_at,last_activity_at,primary
ACCT-000001,CUST-000001,savings,BDT,0.0,4178.26,active,2025-11-12 04:21:00+00:00,2026-09-18 04:17:59+00:00,true
ACCT-000002,CUST-000002,wallet,BDT,0.0,5260.57,active,2026-03-04 20:15:00+00:00,2026-09-28 03:59:11+00:00,true
ACCT-000003,CUST-000003,checking,BDT,0.0,8818.38,dormant,2026-02-12 06:10:00+00:00,2026-09-29 01:08:52+00:00,true
ACCT-000004,CUST-000003,savings,BDT,0.0,3695.26,active,2026-01-28 21:10:00+00:00,2026-08-28 02:04:48+00:00,false
ACCT-000005,CUST-000004,savings,BDT,0.0,132367.14,active,2026-06-03 13:15:00+00:00,2026-09-23 02:08:35+00:00,true
ACCT-000006,CUST-000004,savings,BDT,131267.54,263128.83,active,2026-05-29 08:15:00+00:00,2026-09-25 01:17:04+00:00,false
ACCT-000007,CUST-000005,fixed_deposit,BDT,0.0,39474.17,active,2026-07-30 18:32:00+00:00,2026-09-29 04:18:50+00:00,true
ACCT-000008,CUST-000006,checking,BDT,0.0,19819.06,active,2026-03-09 00:21:00+00:00,2026-09-20 11:58:13+00:00,true
ACCT-000009,CUST-000007,checking,USD,14405.94,14943.1,dormant,2026-04-22 16:58:00+00:00,2026-09-21 20:18:49+00:00,true
ACCT-000010,CUST-000008,checking,BDT,144169.93,370165.7,active,2025-11-02 03:02:00+00:00,2026-09-22 04:24:49+00:00,true
ACCT-000011,CUST-000009,wallet,BDT,0.0,4491.4,active,2026-02-08 22:54:00+00:00,2026-09-14 06:18:16+00:00,true
ACCT-000012,CUST-000010,savings,BDT,68979.46,10922.59,active,2026-06-17 22:20:00+00:00,2026-09-09 20:20:41+00:00,true
ACCT-000013,CUST-000011,wallet,BDT,0.0,74927.7,active,2025-11-08 01:55:00+00:00,2026-09-25 02:56:01+00:00,true
ACCT-000014,CUST-000012,wallet,BDT,597445.26,651851.53,active,2026-04-15 22:09:00+00:00,2026-09-18 04:25:12+00:00,true
ACCT-000015,CUST-000013,wallet,BDT,0.0,1700.28,dormant,2026-05-26 19:17:00+00:00,2026-09-27 10:38:28+00:00,true
ACCT-000016,CUST-000013,savings,BDT,50314.98,58794.02,active,2026-06-06 17:17:00+00:00,2026-09-13 02:47:41+00:00,false
ACCT-000017,CUST-000014,wallet,SGD,7253.85,6699.85,active,2026-02-01 12:52:00+00:00,2026-08-23 10:52:36+00:00,true
ACCT-000018,CUST-000014,savings,SGD,4659.58,4686.29,active,2026-02-03 20:52:00+00:00,2026-04-19 17:40:20+00:00,false
ACCT-000019,CUST-000015,savings,BDT,0.0,6231.34,active,2026-04-28 01:59:00+00:00,2026-08-30 20:54:48+00:00,true
ACCT-000020,CUST-000015,savings,BDT,0.0,16799.25,active,2026-05-02 19:59:00+00:00,2026-09-16 23:37:07+00:00,false
ACCT-000021,CUST-000016,checking,BDT,0.0,9839.06,active,2025-12-15 05:06:00+00:00,2026-09-02 02:10:34+00:00,true
ACCT-000022,CUST-000017,checking,BDT,47368.34,3217.05,active,2026-05-28 06:03:00+00:00,2026-09-27 18:00:15+00:00,true
ACCT-000023,CUST-000018,savings,BDT,1974.07,4929.82,active,2026-07-19 08:44:00+00:00,2026-09-04 03:19:41+00:00,true
ACCT-000024,CUST-000018,checking,BDT,0.0,6969.42,active,2026-07-30 14:44:00+00:00,2026-09-20 13:32:05+00:00,false
ACCT-000025,CUST-000019,checking,BDT,0.0,19132.76,active,2025-11-24 11:49:00+00:00,2026-09-26 06:26:47+00:00,true
ACCT-000026,CUST-000020,checking,BDT,128149.61,291967.19,frozen,2026-02-22 18:36:00+00:00,2026-09-19 20:04:06+00:00,true
ACCT-000027,CUST-000021,savings,BDT,0.0,11883.39,active,2026-03-16 05:30:00+00:00,2026-09-23 14:09:01+00:00,true
ACCT-000028,CUST-000022,wallet,BDT,14119.49,18563.64,active,2025-12-05 09:00:00+00:00,2026-09-17 20:41:27+00:00,true
ACCT-000029,CUST-000022,savings,BDT,538.13,18821.77,active,2025-11-18 05:00:00+00:00,2026-09-16 01:25:29+00:00,false
ACCT-000030,CUST-000023,wallet,BDT,0.0,5135.39,dormant,2026-04-22 20:02:00+00:00,2026-08-13 14:45:09+00:00,true
ACCT-000031,CUST-000023,savings,BDT,0.0,12958.16,active,2026-04-25 08:02:00+00:00,2026-09-24 13:24:22+00:00,false
ACCT-000032,CUST-000024,checking,BDT,91236.14,22681.92,active,2026-01-16 14:02:00+00:00,2026-09-25 15:00:10+00:00,true
ACCT-000033,CUST-000025,savings,SGD,81637.07,81736.28,active,2026-07-08 09:12:00+00:00,2026-09-28 03:57:05+00:00,true
ACCT-000034,CUST-000025,wallet,SGD,911.06,1104.11,active,2026-07-04 14:12:00+00:00,2026-09-10 20:33:35+00:00,false
ACCT-000035,CUST-000026,savings,BDT,0.0,9001.77,active,2026-06-29 01:06:00+00:00,2026-09-27 00:03:19+00:00,true
ACCT-000036,CUST-000026,checking,BDT,15008.12,30244.81,active,2026-06-19 21:06:00+00:00,2026-09-19 20:39:32+00:00,false
ACCT-000037,CUST-000026,savings,BDT,26238.78,27688.94,active,2026-06-16 21:06:00+00:00,2026-09-05 05:12:49+00:00,false
ACCT-000038,CUST-000027,checking,AED,25690.77,28700.72,active,2026-07-12 22:25:00+00:00,2026-09-30 16:18:18+00:00,true
ACCT-000039,CUST-000028,wallet,BDT,15240.74,17701.45,active,2026-03-17 23:35:00+00:00,2026-09-16 14:51:01+00:00,true
ACCT-000040,CUST-000028,savings,BDT,29402.23,29402.23,dormant,2026-03-13 04:35:00+00:00,2026-03-13 04:35:00+00:00,false
ACCT-000041,CUST-000029,checking,BDT,0.0,19963.73,active,2025-11-03 10:32:00+00:00,2026-09-04 23:50:51+00:00,true
ACCT-000042,CUST-000030,savings,BDT,0.0,9339.19,active,2026-05-03 18:24:00+00:00,2026-09-24 00:14:34+00:00,true
ACCT-000043,CUST-000031,wallet,BDT,212595.62,393407.1,active,2026-01-06 22:30:00+00:00,2026-09-25 16:58:15+00:00,true
ACCT-000044,CUST-000032,savings,BDT,0.0,4837.37,active,2026-07-09 20:00:00+00:00,2026-09-29 05:20:07+00:00,true
ACCT-000045,CUST-000033,savings,INR,0.0,4054.85,active,2025-12-12 06:07:00+00:00,2026-09-06 06:07:42+00:00,true
ACCT-000046,CUST-000034,savings,BDT,0.0,21663.28,active,2026-01-23 09:50:00+00:00,2026-09-29 05:17:12+00:00,true
ACCT-000047,CUST-000035,checking,GBP,28702.91,29437.53,active,2026-02-12 06:58:00+00:00,2026-09-21 10:48:46+00:00,true
ACCT-000048,CUST-000036,wallet,BDT,0.0,4290.35,active,2025-10-23 00:36:00+00:00,2026-09-21 01:41:20+00:00,true
ACCT-000049,CUST-000037,savings,BDT,16704.88,21162.47,active,2026-05-15 11:12:00+00:00,2026-09-20 23:46:00+00:00,true
ACCT-000050,CUST-000037,savings,BDT,55534.0,56657.81,active,2026-05-13 09:12:00+00:00,2026-08-25 07:51:12+00:00,false
ACCT-000051,CUST-000037,savings,BDT,10004.92,17676.7,active,2026-05-10 09:12:00+00:00,2026-09-15 19:42:37+00:00,false
ACCT-000052,CUST-000038,savings,BDT,0.0,18233.01,active,2026-05-17 03:55:00+00:00,2026-09-30 04:59:05+00:00,true
ACCT-000053,CUST-000039,wallet,BDT,0.0,3087.6,dormant,2025-11-15 13:41:00+00:00,2026-09-24 08:37:16+00:00,true
ACCT-000054,CUST-000040,savings,BDT,0.0,8630.39,active,2026-06-04 17:43:00+00:00,2026-09-29 09:04:08+00:00,true
ACCT-000055,CUST-000041,savings,BDT,3012.01,11036.42,active,2026-02-24 22:27:00+00:00,2026-09-22 12:03:34+00:00,true
ACCT-000056,CUST-000042,savings,BDT,252771.15,280409.04,active,2026-04-24 22:26:00+00:00,2026-09-24 02:15:00+00:00,true
ACCT-000057,CUST-000042,checking,BDT,424044.62,432960.09,active,2026-04-12 11:26:00+00:00,2026-09-05 15:34:13+00:00,false
ACCT-000058,CUST-000043,savings,BDT,0.0,5506.83,active,2026-01-29 20:55:00+00:00,2026-09-11 17:33:59+00:00,true
ACCT-000059,CUST-000044,savings,BDT,0.0,15791.58,active,2025-11-03 02:48:00+00:00,2026-09-17 18:16:50+00:00,true
ACCT-000060,CUST-000045,checking,BDT,0.0,10500.68,frozen,2026-07-25 23:42:00+00:00,2026-09-26 04:47:03+00:00,true
ACCT-000061,CUST-000045,wallet,BDT,0.0,4013.84,dormant,2026-07-24 13:42:00+00:00,2026-09-22 16:48:00+00:00,false
ACCT-000062,CUST-000046,wallet,BDT,0.0,7541.6,active,2026-03-16 09:05:00+00:00,2026-09-27 00:47:58+00:00,true
ACCT-000063,CUST-000047,savings,INR,2587.72,19204.67,active,2025-12-08 02:34:00+00:00,2026-08-28 01:05:50+00:00,true
ACCT-000064,CUST-000048,wallet,BDT,0.0,100074.8,active,2026-02-20 03:24:00+00:00,2026-09-28 22:22:51+00:00,true
ACCT-000065,CUST-000048,savings,BDT,858428.86,940086.97,active,2026-03-06 01:24:00+00:00,2026-09-28 16:50:07+00:00,false
ACCT-000066,CUST-000048,savings,BDT,209337.05,223631.06,active,2026-02-28 18:24:00+00:00,2026-08-08 20:59:58+00:00,false
ACCT-000067,CUST-000049,checking,BDT,0.0,14201.1,active,2026-02-20 07:27:00+00:00,2026-09-25 00:36:25+00:00,true
ACCT-000068,CUST-000049,savings,BDT,34094.75,41070.86,active,2026-02-18 15:27:00+00:00,2026-08-22 11:10:41+00:00,false
ACCT-000069,CUST-000049,checking,BDT,33176.81,44890.08,active,2026-02-21 08:27:00+00:00,2026-09-21 18:17:35+00:00,false
ACCT-000070,CUST-000050,savings,BDT,0.0,10669.86,active,2026-04-12 14:52:00+00:00,2026-09-16 22:16:40+00:00,true
ACCT-000071,CUST-000050,checking,BDT,0.0,20399.66,active,2026-04-02 21:52:00+00:00,2026-09-19 16:39:29+00:00,false
ACCT-000072,CUST-000051,checking,USD,26213.76,26469.6,active,2026-05-06 08:45:00+00:00,2026-08-24 06:14:49+00:00,true
ACCT-000073,CUST-000051,checking,USD,31055.26,31892.37,active,2026-04-30 02:45:00+00:00,2026-09-26 05:25:16+00:00,false
ACCT-000074,CUST-000051,checking,USD,11668.68,12271.49,active,2026-05-10 16:45:00+00:00,2026-09-28 22:01:54+00:00,false
ACCT-000075,CUST-000052,savings,BDT,145640.03,12277.23,active,2026-07-31 00:20:00+00:00,2026-09-04 08:00:19+00:00,true
ACCT-000076,CUST-000053,savings,BDT,1885655.95,548243.05,dormant,2025-12-21 20:34:00+00:00,2026-09-05 11:01:11+00:00,true
ACCT-000077,CUST-000053,checking,BDT,0.0,316478.28,active,2026-01-02 17:34:00+00:00,2026-09-26 19:07:55+00:00,false
ACCT-000078,CUST-000054,savings,AED,12495.03,12957.68,active,2025-12-21 13:59:00+00:00,2026-09-23 03:39:51+00:00,true
ACCT-000079,CUST-000055,checking,BDT,4680.18,7738.15,active,2025-11-23 21:59:00+00:00,2026-03-20 23:11:36+00:00,true
ACCT-000080,CUST-000055,savings,BDT,36947.92,37306.6,active,2025-12-09 13:59:00+00:00,2026-03-07 06:17:40+00:00,false
ACCT-000081,CUST-000056,checking,BDT,183475.84,260656.31,active,2025-11-27 10:48:00+00:00,2026-07-20 23:47:22+00:00,true
ACCT-000082,CUST-000057,wallet,BDT,1415104.92,75579.52,active,2026-01-21 17:13:00+00:00,2026-09-26 01:03:34+00:00,true
ACCT-000083,CUST-000057,wallet,BDT,342140.97,132686.03,active,2026-01-21 15:13:00+00:00,2026-09-29 21:01:01+00:00,false
ACCT-000084,CUST-000058,wallet,BDT,0.0,6379.92,active,2026-03-05 14:40:00+00:00,2026-09-28 10:49:05+00:00,true
ACCT-000085,CUST-000059,savings,BDT,1318321.69,1903041.49,active,2026-02-26 06:29:00+00:00,2026-09-26 18:54:40+00:00,true
ACCT-000086,CUST-000059,wallet,BDT,0.0,34157.04,dormant,2026-02-22 22:29:00+00:00,2026-09-22 13:34:11+00:00,false
ACCT-000087,CUST-000060,savings,BDT,47473.4,51942.62,active,2025-12-17 13:22:00+00:00,2026-05-08 17:03:10+00:00,true
ACCT-000088,CUST-000060,wallet,BDT,0.0,1632.55,active,2025-12-18 01:22:00+00:00,2026-08-17 00:50:25+00:00,false
ACCT-000089,CUST-000061,savings,BDT,0.0,5234.49,active,2026-03-20 04:57:00+00:00,2026-09-12 15:46:44+00:00,true
ACCT-000090,CUST-000061,checking,BDT,0.0,11739.86,active,2026-03-22 21:57:00+00:00,2026-09-29 09:40:14+00:00,false
ACCT-000091,CUST-000062,savings,BDT,0.0,8103.8,dormant,2025-10-10 22:12:00+00:00,2026-08-10 13:22:16+00:00,true
ACCT-000092,CUST-000063,wallet,BDT,6609.38,6609.38,active,2026-02-10 00:23:00+00:00,2026-02-10 00:23:00+00:00,true
ACCT-000093,CUST-000063,savings,BDT,4104.55,7001.45,active,2026-02-15 19:23:00+00:00,2026-07-18 22:23:09+00:00,false
ACCT-000094,CUST-000064,savings,MYR,604735.01,620657.26,active,2026-06-14 09:52:00+00:00,2026-09-03 21:51:26+00:00,true
ACCT-000095,CUST-000065,savings,BDT,257827.7,9057.01,dormant,2026-03-22 18:11:00+00:00,2026-09-28 22:21:01+00:00,true
ACCT-000096,CUST-000066,wallet,SGD,7500.19,7742.78,active,2026-04-06 16:33:00+00:00,2026-09-20 15:14:24+00:00,true
ACCT-000097,CUST-000066,checking,SGD,13478.86,13864.65,active,2026-04-02 17:33:00+00:00,2026-09-27 16:26:29+00:00,false
ACCT-000098,CUST-000067,savings,BDT,0.0,7663.84,active,2025-10-18 01:17:00+00:00,2026-08-09 07:25:03+00:00,true
ACCT-000099,CUST-000068,wallet,INR,14619.69,137769.45,active,2026-03-04 23:23:00+00:00,2026-09-09 22:02:32+00:00,true
ACCT-000100,CUST-000068,savings,INR,1426614.25,1402299.5,active,2026-03-09 23:23:00+00:00,2026-09-26 18:03:32+00:00,false
ACCT-000101,CUST-000069,checking,BDT,774.38,6049.16,active,2026-07-09 08:56:00+00:00,2026-09-02 21:33:04+00:00,true
ACCT-000102,CUST-000069,checking,BDT,4105.54,7841.51,active,2026-07-08 16:56:00+00:00,2026-08-23 23:42:02+00:00,false
ACCT-000103,CUST-000069,wallet,BDT,0.0,6412.23,active,2026-07-13 14:56:00+00:00,2026-09-25 09:07:41+00:00,false
ACCT-000104,CUST-000070,checking,BDT,0.0,6919.31,active,2026-07-15 22:03:00+00:00,2026-09-14 03:47:20+00:00,true
ACCT-000105,CUST-000071,checking,BDT,0.0,7895.85,dormant,2026-07-01 21:52:00+00:00,2026-09-15 07:31:33+00:00,true
ACCT-000106,CUST-000072,checking,BDT,18327.02,54040.03,active,2026-02-14 23:39:00+00:00,2026-09-24 14:41:41+00:00,true
ACCT-000107,CUST-000073,savings,USD,19884.3,19928.72,active,2025-12-06 22:37:00+00:00,2026-09-11 19:43:55+00:00,true
ACCT-000108,CUST-000074,wallet,BDT,0.0,75017.05,active,2026-07-08 06:25:00+00:00,2026-09-28 22:23:10+00:00,true
ACCT-000109,CUST-000075,savings,BDT,201939.23,16489.62,active,2026-07-31 04:22:00+00:00,2026-09-29 07:23:55+00:00,true
ACCT-000110,CUST-000076,wallet,BDT,0.0,1568.21,active,2025-12-16 19:54:00+00:00,2026-09-07 08:09:50+00:00,true
ACCT-000111,CUST-000077,wallet,BDT,0.0,2473.25,active,2026-02-13 14:42:00+00:00,2026-09-20 02:18:42+00:00,true
ACCT-000112,CUST-000078,checking,BDT,0.0,18897.45,active,2026-03-30 17:58:00+00:00,2026-09-18 08:06:57+00:00,true
ACCT-000113,CUST-000079,savings,SGD,2050.38,3846.1,dormant,2026-05-14 19:12:00+00:00,2026-09-18 08:39:58+00:00,true
ACCT-000114,CUST-000080,savings,BDT,0.0,7849.76,active,2026-01-03 19:54:00+00:00,2026-09-28 22:53:51+00:00,true
ACCT-000115,CUST-000081,checking,BDT,370232.99,15762.3,active,2026-05-22 08:25:00+00:00,2026-09-26 01:22:32+00:00,true
ACCT-000116,CUST-000082,savings,BDT,0.0,21652.24,active,2025-10-28 00:43:00+00:00,2026-09-01 14:55:46+00:00,true
ACCT-000117,CUST-000083,checking,BDT,0.0,12325.81,active,2026-04-29 23:59:00+00:00,2026-09-30 04:11:42+00:00,true
ACCT-000118,CUST-000084,savings,BDT,36145.73,39003.55,active,2026-02-27 12:57:00+00:00,2026-09-17 13:34:00+00:00,true
ACCT-000119,CUST-000084,savings,BDT,16572.07,41283.87,active,2026-02-25 06:57:00+00:00,2026-09-05 20:05:38+00:00,false
ACCT-000120,CUST-000085,checking,BDT,0.0,9309.67,active,2025-12-03 07:30:00+00:00,2026-09-24 23:34:34+00:00,true
ACCT-000121,CUST-000085,fixed_deposit,BDT,40091.13,50025.98,active,2025-11-30 05:30:00+00:00,2026-09-22 14:12:18+00:00,false
ACCT-000122,CUST-000086,savings,BDT,0.0,29118.82,active,2026-05-18 11:36:00+00:00,2026-09-23 08:19:36+00:00,true
ACCT-000123,CUST-000087,checking,BDT,0.0,7113.28,active,2026-05-18 12:28:00+00:00,2026-09-29 06:15:49+00:00,true
ACCT-000124,CUST-000087,savings,BDT,0.0,18344.7,active,2026-05-01 20:28:00+00:00,2026-09-25 07:43:17+00:00,false
ACCT-000125,CUST-000088,wallet,GBP,2250.57,2061.26,dormant,2026-02-26 15:09:00+00:00,2026-09-04 17:42:23+00:00,true
ACCT-000126,CUST-000089,savings,BDT,29042.62,38043.63,active,2025-10-19 07:34:00+00:00,2026-09-17 15:59:08+00:00,true
ACCT-000127,CUST-000089,savings,BDT,38324.58,38107.81,active,2025-10-14 18:34:00+00:00,2026-06-27 05:27:53+00:00,false
ACCT-000128,CUST-000090,wallet,BDT,0.0,2783.35,active,2025-11-09 20:27:00+00:00,2026-09-26 11:32:42+00:00,true
ACCT-000129,CUST-000091,checking,BDT,0.0,9155.81,active,2026-04-28 17:40:00+00:00,2026-09-26 00:54:12+00:00,true
ACCT-000130,CUST-000091,savings,BDT,0.0,2827.01,active,2026-05-02 04:40:00+00:00,2026-09-17 19:04:10+00:00,false
ACCT-000131,CUST-000091,savings,BDT,0.0,6204.3,active,2026-04-27 01:40:00+00:00,2026-09-29 04:26:56+00:00,false
ACCT-000132,CUST-000092,savings,MYR,5267.58,5575.8,active,2025-10-06 09:12:00+00:00,2026-08-17 16:39:58+00:00,true
ACCT-000133,CUST-000092,savings,MYR,21981.04,8706.63,active,2025-10-16 19:12:00+00:00,2026-09-16 11:42:39+00:00,false
ACCT-000134,CUST-000093,checking,BDT,44426.41,59557.78,active,2026-03-21 22:21:00+00:00,2026-09-23 13:40:54+00:00,true
ACCT-000135,CUST-000094,checking,BDT,0.0,25168.87,active,2026-01-26 15:10:00+00:00,2026-09-24 16:54:42+00:00,true
ACCT-000136,CUST-000095,wallet,BDT,0.0,19584.57,active,2026-05-03 06:04:00+00:00,2026-09-15 18:10:42+00:00,true
ACCT-000137,CUST-000096,savings,BDT,28740.55,10002.19,dormant,2025-12-10 19:49:00+00:00,2026-09-01 01:53:55+00:00,true
ACCT-000138,CUST-000097,wallet,BDT,0.0,4338.29,active,2026-04-19 04:46:00+00:00,2026-09-23 01:36:58+00:00,true
ACCT-000139,CUST-000098,savings,BDT,0.0,145458.25,active,2025-10-20 09:30:00+00:00,2026-09-09 23:48:06+00:00,true
ACCT-000140,CUST-000098,checking,BDT,165853.9,441102.04,active,2025-11-05 04:30:00+00:00,2026-09-24 01:09:31+00:00,false
ACCT-000141,CUST-000099,checking,BDT,0.0,5113.44,active,2026-04-14 02:26:00+00:00,2026-07-20 10:20:32+00:00,true
ACCT-000142,CUST-000099,savings,BDT,20196.96,22389.15,active,2026-04-20 17:26:00+00:00,2026-06-26 02:28:42+00:00,false
ACCT-000143,CUST-000099,savings,BDT,25646.9,37866.23,active,2026-04-20 07:26:00+00:00,2026-08-30 00:39:36+00:00,false
ACCT-000144,CUST-000100,savings,BDT,0.0,3040.01,active,2026-05-30 21:19:00+00:00,2026-09-18 02:33:09+00:00,true
ACCT-000145,CUST-000100,wallet,BDT,0.0,3320.73,active,2026-06-05 20:19:00+00:00,2026-09-26 01:35:47+00:00,false
ACCT-000146,CUST-000101,wallet,USD,4743.4,4886.28,dormant,2026-05-30 22:13:00+00:00,2026-08-29 03:18:15+00:00,true
ACCT-000147,CUST-000101,savings,USD,19656.2,19671.58,dormant,2026-05-27 09:13:00+00:00,2026-06-06 06:19:09+00:00,false
ACCT-000148,CUST-000101,savings,USD,21806.03,21811.66,active,2026-05-30 06:13:00+00:00,2026-07-13 01:29:21+00:00,false
ACCT-000149,CUST-000102,checking,BDT,4861.53,7268.67,active,2026-08-01 06:15:00+00:00,2026-09-25 01:14:25+00:00,true
ACCT-000150,CUST-000103,savings,BDT,0.0,16103.14,active,2025-12-21 13:56:00+00:00,2026-09-22 03:24:09+00:00,true
ACCT-000151,CUST-000103,wallet,BDT,0.0,8004.35,active,2025-12-26 16:56:00+00:00,2026-07-14 14:33:16+00:00,false
ACCT-000152,CUST-000104,wallet,BDT,0.0,2489.07,active,2026-06-25 09:42:00+00:00,2026-09-28 16:05:59+00:00,true
ACCT-000153,CUST-000105,wallet,BDT,0.0,1573.73,active,2026-05-02 04:12:00+00:00,2026-09-22 19:12:12+00:00,true
ACCT-000154,CUST-000106,checking,BDT,0.0,9684.79,active,2026-06-08 20:22:00+00:00,2026-09-22 17:39:01+00:00,true
ACCT-000155,CUST-000106,savings,BDT,0.0,20307.38,active,2026-06-03 06:22:00+00:00,2026-09-22 22:56:38+00:00,false
ACCT-000156,CUST-000107,checking,INR,771784.86,847948.4,active,2026-04-07 03:18:00+00:00,2026-09-22 02:39:24+00:00,true
ACCT-000157,CUST-000107,fixed_deposit,INR,1000519.63,1110915.45,active,2026-04-07 14:18:00+00:00,2026-09-28 04:56:30+00:00,false
ACCT-000158,CUST-000108,wallet,BDT,0.0,1350.8,active,2026-01-05 23:30:00+00:00,2026-09-10 13:07:32+00:00,true
ACCT-000159,CUST-000109,wallet,BDT,0.0,12543.23,active,2026-06-08 17:44:00+00:00,2026-09-17 17:32:58+00:00,true
ACCT-000160,CUST-000109,checking,BDT,0.0,34372.08,active,2026-06-15 01:44:00+00:00,2026-09-14 04:45:58+00:00,false
ACCT-000161,CUST-000109,checking,BDT,0.0,11058.3,dormant,2026-06-10 00:44:00+00:00,2026-08-29 11:05:38+00:00,false
ACCT-000162,CUST-000110,savings,BDT,0.0,34018.73,active,2025-10-27 17:11:00+00:00,2026-09-08 09:52:16+00:00,true
ACCT-000163,CUST-000111,checking,BDT,64020.6,12339.93,active,2026-05-10 08:12:00+00:00,2026-09-06 00:41:32+00:00,true
ACCT-000164,CUST-000111,savings,BDT,143918.82,147835.19,dormant,2026-05-17 06:12:00+00:00,2026-09-11 16:37:02+00:00,false
ACCT-000165,CUST-000111,savings,BDT,0.0,19390.9,active,2026-05-17 17:12:00+00:00,2026-08-13 01:04:20+00:00,false
ACCT-000166,CUST-000112,wallet,MYR,9265.37,9575.83,active,2025-11-11 06:37:00+00:00,2026-09-07 01:44:00+00:00,true
ACCT-000167,CUST-000112,checking,MYR,43214.14,43630.02,dormant,2025-11-29 19:37:00+00:00,2026-09-05 02:06:32+00:00,false
ACCT-000168,CUST-000113,checking,BDT,0.0,59064.02,active,2026-03-28 13:58:00+00:00,2026-09-04 06:56:28+00:00,true
ACCT-000169,CUST-000114,savings,BDT,2736.38,3369.55,active,2026-02-04 05:49:00+00:00,2026-08-09 04:43:43+00:00,true
ACCT-000170,CUST-000114,checking,BDT,13802.36,22916.92,active,2026-02-05 20:49:00+00:00,2026-08-08 17:17:03+00:00,false
ACCT-000171,CUST-000115,savings,GBP,8368.64,9052.59,active,2026-02-09 05:44:00+00:00,2026-09-30 03:42:20+00:00,true
ACCT-000172,CUST-000116,checking,BDT,69074.94,88136.49,active,2026-01-26 03:39:00+00:00,2026-08-28 12:24:32+00:00,true
ACCT-000173,CUST-000116,wallet,BDT,4524.9,9975.41,active,2026-01-24 07:39:00+00:00,2026-09-13 07:41:32+00:00,false
ACCT-000174,CUST-000117,wallet,BDT,267194.43,151220.9,dormant,2026-03-10 00:21:00+00:00,2026-09-29 11:29:52+00:00,true
ACCT-000175,CUST-000117,checking,BDT,5848378.84,3523322.99,active,2026-03-21 21:21:00+00:00,2026-09-26 18:59:47+00:00,false
ACCT-000176,CUST-000118,checking,BDT,0.0,229074.94,active,2026-07-12 02:05:00+00:00,2026-09-30 19:02:40+00:00,true
ACCT-000177,CUST-000119,checking,BDT,19822.81,82312.26,dormant,2026-06-25 11:49:00+00:00,2026-09-20 07:18:31+00:00,true
ACCT-000178,CUST-000119,savings,BDT,0.0,35992.17,active,2026-07-05 03:49:00+00:00,2026-09-20 02:29:22+00:00,false
ACCT-000179,CUST-000120,savings,BDT,859370.47,594622.8,active,2026-06-26 17:07:00+00:00,2026-09-28 18:40:56+00:00,true
ACCT-000180,CUST-000120,checking,BDT,1904065.73,1669358.17,active,2026-06-15 02:07:00+00:00,2026-09-22 10:09:10+00:00,false
ACCT-000181,CUST-000120,savings,BDT,355866.89,225345.37,dormant,2026-06-28 15:07:00+00:00,2026-09-25 18:05:10+00:00,false
ACCT-000182,CUST-000121,wallet,BDT,0.0,4614.67,active,2026-03-07 17:00:00+00:00,2026-08-17 03:11:06+00:00,true
ACCT-000183,CUST-000121,savings,BDT,5416.6,9736.62,active,2026-02-18 20:00:00+00:00,2026-06-09 01:45:26+00:00,false
ACCT-000184,CUST-000121,checking,BDT,7090.36,11940.1,active,2026-03-08 16:00:00+00:00,2026-08-28 01:22:18+00:00,false
ACCT-000185,CUST-000122,wallet,AED,5289.65,5830.77,active,2025-11-24 22:59:00+00:00,2026-09-22 03:28:16+00:00,true
ACCT-000186,CUST-000123,wallet,BDT,0.0,2831.93,active,2026-02-15 07:40:00+00:00,2026-08-19 16:11:01+00:00,true
ACCT-000187,CUST-000123,checking,BDT,62329.38,56551.88,active,2026-02-21 23:40:00+00:00,2026-08-15 21:01:58+00:00,false
ACCT-000188,CUST-000124,checking,BDT,16732.68,24336.62,active,2026-02-11 04:07:00+00:00,2026-09-10 18:46:06+00:00,true
ACCT-000189,CUST-000124,fixed_deposit,BDT,252675.12,55367.14,active,2026-02-12 22:07:00+00:00,2026-08-02 11:13:39+00:00,false
ACCT-000190,CUST-000124,savings,BDT,30503.72,30503.72,active,2026-01-31 02:07:00+00:00,2026-01-31 02:07:00+00:00,false
ACCT-000191,CUST-000125,wallet,BDT,0.0,39048.39,active,2026-03-06 12:07:00+00:00,2026-09-26 00:57:42+00:00,true
ACCT-000192,CUST-000126,wallet,BDT,0.0,664.63,active,2026-01-14 12:21:00+00:00,2026-09-13 08:42:03+00:00,true
ACCT-000193,CUST-000126,checking,BDT,0.0,15291.4,active,2026-01-14 21:21:00+00:00,2026-09-01 11:50:58+00:00,false
ACCT-000194,CUST-000127,savings,BDT,8255720.38,8497779.68,dormant,2026-05-02 19:07:00+00:00,2026-09-28 11:30:44+00:00,true
ACCT-000195,CUST-000127,checking,BDT,4022558.9,1903968.82,dormant,2026-04-29 06:07:00+00:00,2026-09-19 17:53:48+00:00,false
ACCT-000196,CUST-000128,savings,BDT,0.0,21332.91,active,2026-07-27 00:41:00+00:00,2026-09-27 18:56:11+00:00,true
ACCT-000197,CUST-000128,fixed_deposit,BDT,0.0,24690.81,active,2026-07-20 08:41:00+00:00,2026-09-08 02:49:19+00:00,false
ACCT-000198,CUST-000129,wallet,BDT,123586.62,5835.26,active,2026-03-16 14:15:00+00:00,2026-08-28 21:40:29+00:00,true
ACCT-000199,CUST-000130,savings,BDT,57506.05,60192.33,active,2026-04-01 17:16:00+00:00,2026-05-06 04:24:02+00:00,true
ACCT-000200,CUST-000130,checking,BDT,34273.26,36305.06,active,2026-03-31 08:16:00+00:00,2026-05-04 20:41:22+00:00,false
ACCT-000201,CUST-000130,checking,BDT,52530.89,52530.89,active,2026-03-21 14:16:00+00:00,2026-03-21 14:16:00+00:00,false
ACCT-000202,CUST-000131,wallet,BDT,0.0,2515.73,active,2025-12-05 08:17:00+00:00,2026-09-07 11:36:07+00:00,true
ACCT-000203,CUST-000131,wallet,BDT,0.0,7954.56,active,2025-12-02 22:17:00+00:00,2026-09-08 23:30:51+00:00,false
ACCT-000204,CUST-000132,wallet,BDT,0.0,18851.37,dormant,2026-08-15 19:00:00+00:00,2026-09-24 03:46:29+00:00,true
ACCT-000205,CUST-000133,wallet,BDT,0.0,1496.0,active,2026-01-17 01:23:00+00:00,2026-09-15 09:51:52+00:00,true
ACCT-000206,CUST-000133,savings,BDT,23343.08,46839.62,active,2026-01-08 11:23:00+00:00,2026-09-28 22:46:19+00:00,false
ACCT-000207,CUST-000134,savings,BDT,771.87,60868.38,active,2026-04-15 15:05:00+00:00,2026-09-16 22:08:54+00:00,true
ACCT-000208,CUST-000135,wallet,BDT,0.0,21742.46,active,2026-04-27 07:15:00+00:00,2026-09-29 03:14:25+00:00,true
ACCT-000209,CUST-000136,checking,BDT,88208.45,117940.17,active,2026-06-04 23:00:00+00:00,2026-09-12 15:19:47+00:00,true
ACCT-000210,CUST-000137,checking,BDT,0.0,35029.99,active,2025-10-25 21:35:00+00:00,2026-09-22 03:13:31+00:00,true
ACCT-000211,CUST-000138,savings,BDT,0.0,3770.13,active,2025-12-26 04:45:00+00:00,2026-08-15 00:05:06+00:00,true
ACCT-000212,CUST-000138,savings,BDT,32460.96,35778.03,dormant,2026-01-04 21:45:00+00:00,2026-09-04 19:05:58+00:00,false
ACCT-000213,CUST-000139,savings,BDT,159093.11,24010.0,active,2025-12-31 20:11:00+00:00,2026-09-11 09:24:20+00:00,true
ACCT-000214,CUST-000140,savings,BDT,11255.3,7987.74,active,2026-03-13 13:57:00+00:00,2026-08-03 13:35:41+00:00,true
ACCT-000215,CUST-000140,savings,BDT,0.0,9921.88,active,2026-02-28 01:57:00+00:00,2026-08-19 01:37:01+00:00,false
ACCT-000216,CUST-000141,wallet,BDT,0.0,3023.74,active,2026-02-05 05:53:00+00:00,2026-06-16 11:33:06+00:00,true
ACCT-000217,CUST-000141,savings,BDT,50966.01,56066.05,active,2026-02-06 15:53:00+00:00,2026-07-16 10:23:15+00:00,false
ACCT-000218,CUST-000141,savings,BDT,0.0,4880.72,active,2026-02-02 10:53:00+00:00,2026-08-26 19:12:38+00:00,false
ACCT-000219,CUST-000142,checking,INR,0.0,20076.53,active,2026-04-18 22:42:00+00:00,2026-09-15 16:46:26+00:00,true
ACCT-000220,CUST-000143,checking,SGD,12547.5,12546.1,active,2026-03-19 22:04:00+00:00,2026-08-10 23:32:08+00:00,true
ACCT-000221,CUST-000143,savings,SGD,9191.25,9207.08,active,2026-03-31 17:04:00+00:00,2026-09-08 08:40:36+00:00,false
ACCT-000222,CUST-000144,checking,BDT,311322.18,770786.88,frozen,2026-01-27 19:18:00+00:00,2026-09-28 20:47:17+00:00,true
ACCT-000223,CUST-000145,checking,BDT,0.0,8166.79,active,2026-01-06 18:39:00+00:00,2026-05-28 23:25:18+00:00,true
ACCT-000224,CUST-000145,savings,BDT,47416.22,48327.18,frozen,2025-12-21 01:39:00+00:00,2026-02-23 12:23:41+00:00,false
ACCT-000225,CUST-000146,wallet,BDT,0.0,6464.53,active,2026-02-26 22:31:00+00:00,2026-08-02 16:53:28+00:00,true
ACCT-000226,CUST-000146,savings,BDT,8807.9,25580.88,active,2026-03-07 07:31:00+00:00,2026-09-15 11:02:47+00:00,false
ACCT-000227,CUST-000147,wallet,USD,96237.21,98074.11,active,2025-11-19 19:13:00+00:00,2026-09-29 11:19:02+00:00,true
ACCT-000228,CUST-000147,savings,USD,203337.37,204542.75,active,2025-11-16 03:13:00+00:00,2026-09-17 18:33:53+00:00,false
ACCT-000229,CUST-000148,checking,BDT,0.0,2040.87,active,2026-01-29 06:09:00+00:00,2026-09-26 22:56:50+00:00,true
ACCT-000230,CUST-000149,savings,BDT,1267.13,7346.65,active,2025-11-12 02:00:00+00:00,2026-08-06 08:49:25+00:00,true
ACCT-000231,CUST-000149,checking,BDT,2657.5,11919.37,active,2025-11-17 22:00:00+00:00,2026-08-26 06:55:19+00:00,false
ACCT-000232,CUST-000150,wallet,BDT,0.0,6563.15,active,2025-10-27 18:35:00+00:00,2026-08-22 22:28:28+00:00,true
ACCT-000233,CUST-000151,savings,BDT,7728.17,49467.46,active,2025-12-26 06:08:00+00:00,2026-09-23 08:51:24+00:00,true
ACCT-000234,CUST-000152,checking,BDT,12958.67,31858.74,active,2026-06-30 11:07:00+00:00,2026-09-11 18:57:14+00:00,true
ACCT-000235,CUST-000152,fixed_deposit,BDT,129409.82,160068.6,active,2026-07-08 11:07:00+00:00,2026-09-25 22:44:11+00:00,false
ACCT-000236,CUST-000152,wallet,BDT,3587.24,5761.8,active,2026-07-10 19:07:00+00:00,2026-08-08 08:56:20+00:00,false
ACCT-000237,CUST-000153,checking,BDT,16963.96,20798.23,active,2026-01-25 02:38:00+00:00,2026-09-28 02:32:41+00:00,true
ACCT-000238,CUST-000153,wallet,BDT,0.0,1770.86,active,2026-02-09 05:38:00+00:00,2026-09-16 06:10:54+00:00,false
ACCT-000239,CUST-000154,savings,BDT,50726.59,182530.43,active,2026-04-09 18:53:00+00:00,2026-09-17 23:00:02+00:00,true
ACCT-000240,CUST-000155,savings,BDT,7196.67,25226.25,active,2025-11-20 21:40:00+00:00,2026-08-02 21:01:19+00:00,true
ACCT-000241,CUST-000155,savings,BDT,10819.12,11946.68,active,2025-11-16 13:40:00+00:00,2026-08-09 13:42:39+00:00,false
ACCT-000242,CUST-000155,wallet,BDT,0.0,3147.52,active,2025-11-11 07:40:00+00:00,2026-09-23 18:19:54+00:00,false
ACCT-000243,CUST-000156,wallet,BDT,43473.64,64913.17,closed,2026-03-16 03:44:00+00:00,2026-08-27 20:12:11+00:00,true
ACCT-000244,CUST-000156,wallet,BDT,0.0,37953.86,frozen,2026-03-07 23:44:00+00:00,2026-09-25 05:24:49+00:00,false
ACCT-000245,CUST-000156,wallet,BDT,391.57,12008.06,active,2026-03-13 18:44:00+00:00,2026-09-01 11:48:40+00:00,false
ACCT-000246,CUST-000157,savings,BDT,21207.15,21207.15,active,2026-06-05 12:55:00+00:00,2026-06-05 12:55:00+00:00,true
ACCT-000247,CUST-000157,savings,BDT,0.0,4907.25,active,2026-06-22 02:55:00+00:00,2026-09-29 17:01:57+00:00,false
ACCT-000248,CUST-000157,savings,BDT,4671.78,14527.83,active,2026-06-03 23:55:00+00:00,2026-09-08 17:41:04+00:00,false
ACCT-000249,CUST-000158,checking,BDT,16973.17,23423.88,active,2026-04-10 01:34:00+00:00,2026-09-09 16:24:35+00:00,true
ACCT-000250,CUST-000158,savings,BDT,3905.24,9237.73,active,2026-04-20 08:34:00+00:00,2026-09-22 14:26:27+00:00,false
ACCT-000251,CUST-000158,wallet,BDT,746.61,7520.44,active,2026-04-15 02:34:00+00:00,2026-09-06 22:20:10+00:00,false
ACCT-000252,CUST-000159,checking,SGD,60383.83,60427.08,closed,2026-04-13 14:25:00+00:00,2026-06-27 08:50:27+00:00,true
ACCT-000253,CUST-000160,checking,BDT,0.0,27597.26,active,2025-11-05 15:43:00+00:00,2026-08-31 03:38:01+00:00,true
ACCT-000254,CUST-000161,checking,BDT,0.0,4306.84,active,2026-03-15 08:32:00+00:00,2026-09-12 09:57:57+00:00,true
ACCT-000255,CUST-000161,savings,BDT,107224.45,113667.12,dormant,2026-03-10 10:32:00+00:00,2026-09-19 12:30:20+00:00,false
ACCT-000256,CUST-000162,wallet,BDT,2317678.76,1742994.1,active,2025-11-23 00:18:00+00:00,2026-09-23 05:00:55+00:00,true
ACCT-000257,CUST-000162,checking,BDT,2347967.54,2564885.51,active,2025-11-11 22:18:00+00:00,2026-09-28 15:50:56+00:00,false
ACCT-000258,CUST-000162,checking,BDT,1564637.4,941441.46,active,2025-11-12 20:18:00+00:00,2026-09-21 10:14:05+00:00,false
ACCT-000259,CUST-000163,checking,BDT,0.0,20759.74,active,2026-01-25 08:27:00+00:00,2026-08-29 20:03:34+00:00,true
ACCT-000260,CUST-000164,checking,MYR,12561.87,13172.67,active,2026-02-27 02:59:00+00:00,2026-09-24 23:47:43+00:00,true
ACCT-000261,CUST-000164,savings,MYR,14714.59,15114.72,dormant,2026-02-19 14:59:00+00:00,2026-09-03 15:04:56+00:00,false
ACCT-000262,CUST-000165,checking,BDT,18530.12,34595.27,dormant,2026-03-08 00:37:00+00:00,2026-09-25 14:21:33+00:00,true
ACCT-000263,CUST-000166,savings,BDT,0.0,12652.1,active,2026-07-13 20:24:00+00:00,2026-09-06 17:49:23+00:00,true
ACCT-000264,CUST-000166,checking,BDT,0.0,7468.22,active,2026-07-17 05:24:00+00:00,2026-09-14 18:08:02+00:00,false
ACCT-000265,CUST-000167,checking,BDT,0.0,6401.2,active,2025-12-29 10:32:00+00:00,2026-09-27 19:16:55+00:00,true
ACCT-000266,CUST-000168,savings,BDT,29980.36,79004.2,active,2025-11-11 15:13:00+00:00,2026-09-23 21:28:49+00:00,true
ACCT-000267,CUST-000169,savings,BDT,7662.23,12582.53,active,2025-11-27 10:30:00+00:00,2026-01-23 14:19:44+00:00,true
ACCT-000268,CUST-000170,savings,BDT,87232.63,93291.49,active,2026-06-29 15:43:00+00:00,2026-07-25 07:02:59+00:00,true
ACCT-000269,CUST-000170,checking,BDT,2468.91,8780.3,active,2026-06-29 16:43:00+00:00,2026-08-16 01:53:52+00:00,false
ACCT-000270,CUST-000171,savings,BDT,0.0,122085.77,dormant,2025-11-27 21:18:00+00:00,2026-09-28 03:38:52+00:00,true
ACCT-000271,CUST-000172,checking,BDT,4049053.89,883051.21,dormant,2025-11-27 05:42:00+00:00,2026-09-27 08:50:15+00:00,true
ACCT-000272,CUST-000172,savings,BDT,366445.44,381575.49,active,2025-11-28 14:42:00+00:00,2026-09-03 20:33:35+00:00,false
ACCT-000273,CUST-000173,savings,BDT,0.0,7956.45,active,2026-03-08 21:57:00+00:00,2026-09-10 08:17:52+00:00,true
ACCT-000274,CUST-000174,checking,SGD,30548.02,30098.45,active,2026-03-10 11:54:00+00:00,2026-07-27 23:53:13+00:00,true
ACCT-000275,CUST-000175,savings,BDT,12108.59,20123.75,active,2026-03-01 09:32:00+00:00,2026-09-28 10:07:42+00:00,true
ACCT-000276,CUST-000176,fixed_deposit,BDT,0.0,25792.74,active,2026-04-20 00:28:00+00:00,2026-09-29 10:17:02+00:00,true
ACCT-000277,CUST-000177,wallet,BDT,177558.85,4106.16,active,2026-03-04 17:16:00+00:00,2026-09-30 15:36:04+00:00,true
ACCT-000278,CUST-000178,wallet,BDT,0.0,7229.75,closed,2025-12-27 17:01:00+00:00,2026-09-29 12:04:44+00:00,true
ACCT-000279,CUST-000179,checking,BDT,3071.58,5823.97,active,2025-12-14 00:23:00+00:00,2026-04-18 17:21:56+00:00,true
ACCT-000280,CUST-000180,wallet,BDT,0.0,2407.43,active,2026-04-11 21:06:00+00:00,2026-09-15 00:07:00+00:00,true
ACCT-000281,CUST-000180,checking,BDT,9676.54,20599.89,frozen,2026-03-26 22:06:00+00:00,2026-08-02 08:08:22+00:00,false
ACCT-000282,CUST-000181,savings,AED,52750.3,53462.43,dormant,2025-11-02 22:24:00+00:00,2026-09-23 07:04:15+00:00,true
ACCT-000283,CUST-000182,savings,BDT,0.0,4273.52,active,2026-07-01 02:15:00+00:00,2026-09-27 20:53:17+00:00,true
ACCT-000284,CUST-000183,savings,BDT,8368.38,41911.57,active,2026-05-13 05:31:00+00:00,2026-09-22 05:27:42+00:00,true
ACCT-000285,CUST-000184,savings,BDT,15396.52,47521.78,active,2025-12-06 21:04:00+00:00,2026-09-28 18:14:13+00:00,true
ACCT-000286,CUST-000184,wallet,BDT,0.0,1861.69,active,2025-11-25 07:04:00+00:00,2026-09-28 06:44:08+00:00,false
ACCT-000287,CUST-000184,savings,BDT,11711.72,18408.3,active,2025-12-07 17:04:00+00:00,2026-08-24 04:05:00+00:00,false
ACCT-000288,CUST-000185,checking,BDT,181549.28,5577.26,active,2026-07-16 19:31:00+00:00,2026-09-23 12:32:52+00:00,true
ACCT-000289,CUST-000186,checking,BDT,10581.54,13345.99,active,2025-12-21 19:24:00+00:00,2026-04-12 01:08:30+00:00,true
ACCT-000290,CUST-000187,checking,BDT,76877.24,129830.55,active,2025-11-21 15:29:00+00:00,2026-09-12 10:14:17+00:00,true
ACCT-000291,CUST-000187,checking,BDT,828971.07,917641.11,active,2025-11-29 19:29:00+00:00,2026-09-29 13:12:14+00:00,false
ACCT-000292,CUST-000188,fixed_deposit,BDT,107606.2,112774.93,active,2026-06-16 00:27:00+00:00,2026-08-16 19:07:17+00:00,true
ACCT-000293,CUST-000189,savings,BDT,157107.92,392410.88,active,2026-03-29 09:59:00+00:00,2026-09-24 02:57:29+00:00,true
ACCT-000294,CUST-000190,savings,BDT,0.0,10272.11,active,2025-11-11 16:49:00+00:00,2026-09-08 08:02:12+00:00,true
ACCT-000295,CUST-000191,wallet,BDT,0.0,3786.08,active,2026-05-01 01:01:00+00:00,2026-09-27 01:19:50+00:00,true
ACCT-000296,CUST-000192,checking,BDT,0.0,6717.11,frozen,2026-03-06 21:11:00+00:00,2026-09-14 08:34:30+00:00,true
ACCT-000297,CUST-000193,checking,BDT,3590.93,7684.2,active,2026-01-28 03:09:00+00:00,2026-08-14 14:22:43+00:00,true
ACCT-000298,CUST-000194,wallet,BDT,1811.08,6427.54,active,2025-12-08 19:35:00+00:00,2026-09-25 21:10:30+00:00,true
ACCT-000299,CUST-000195,wallet,BDT,0.0,17625.81,active,2026-07-11 15:58:00+00:00,2026-09-29 09:48:26+00:00,true
ACCT-000300,CUST-000196,wallet,BDT,0.0,1226.74,active,2026-03-04 02:25:00+00:00,2026-09-06 09:35:13+00:00,true
ACCT-000301,CUST-000196,checking,BDT,11884.64,33545.49,active,2026-03-12 07:25:00+00:00,2026-09-28 19:24:19+00:00,false
ACCT-000302,CUST-000197,savings,BDT,0.0,10775.6,active,2026-06-25 01:22:00+00:00,2026-09-14 10:44:39+00:00,true
ACCT-000303,CUST-000197,wallet,BDT,0.0,1785.32,active,2026-06-26 06:22:00+00:00,2026-08-21 12:13:39+00:00,false
ACCT-000304,CUST-000198,savings,BDT,8790.59,11367.87,active,2026-07-12 08:55:00+00:00,2026-08-17 21:14:37+00:00,true
ACCT-000305,CUST-000199,savings,BDT,26919.74,39275.51,active,2026-07-16 06:13:00+00:00,2026-09-06 23:34:58+00:00,true
ACCT-000306,CUST-000199,savings,BDT,0.0,9840.72,active,2026-07-13 01:13:00+00:00,2026-09-29 13:32:51+00:00,false
ACCT-000307,CUST-000200,checking,INR,0.0,32817.76,active,2025-11-23 06:44:00+00:00,2026-09-13 20:07:48+00:00,true
ACCT-000308,CUST-000201,wallet,BDT,11360.8,32041.7,active,2026-02-28 11:08:00+00:00,2026-09-22 02:45:43+00:00,true
ACCT-000309,CUST-000201,savings,BDT,0.0,2729.28,active,2026-02-28 16:08:00+00:00,2026-07-09 00:05:29+00:00,false
ACCT-000310,CUST-000202,checking,BDT,0.0,26632.33,active,2026-07-15 16:52:00+00:00,2026-09-21 17:03:57+00:00,true
ACCT-000311,CUST-000203,checking,BDT,279997.41,309781.85,active,2026-05-04 19:43:00+00:00,2026-09-26 05:12:57+00:00,true
ACCT-000312,CUST-000204,checking,BDT,198628.62,224508.78,active,2026-05-17 21:17:00+00:00,2026-09-02 21:49:31+00:00,true
ACCT-000313,CUST-000204,savings,BDT,42242.85,60285.8,active,2026-05-27 07:17:00+00:00,2026-07-17 12:47:16+00:00,false
ACCT-000314,CUST-000205,checking,BDT,3802.71,16663.74,dormant,2026-02-05 14:18:00+00:00,2026-07-15 07:06:11+00:00,true
ACCT-000315,CUST-000205,checking,BDT,0.0,14845.29,active,2026-01-28 05:18:00+00:00,2026-06-02 00:24:54+00:00,false
ACCT-000316,CUST-000206,checking,BDT,0.0,8661.79,active,2025-11-21 22:42:00+00:00,2026-08-04 08:39:00+00:00,true
ACCT-000317,CUST-000206,wallet,BDT,104535.07,5315.3,active,2025-11-14 10:42:00+00:00,2026-09-02 09:08:42+00:00,false
ACCT-000318,CUST-000207,checking,USD,77348.24,77566.2,active,2026-01-02 08:57:00+00:00,2026-09-14 18:10:44+00:00,true
ACCT-000319,CUST-000208,savings,GBP,29490.58,29719.07,active,2026-03-24 03:06:00+00:00,2026-09-18 17:21:34+00:00,true
ACCT-000320,CUST-000209,wallet,BDT,0.0,3016.19,active,2026-05-03 20:44:00+00:00,2026-09-24 20:21:16+00:00,true
ACCT-000321,CUST-000210,savings,BDT,0.0,5774.13,active,2026-07-30 20:53:00+00:00,2026-09-25 07:04:48+00:00,true
ACCT-000322,CUST-000211,savings,AED,51129.34,51201.64,active,2025-12-08 09:02:00+00:00,2026-03-01 00:07:07+00:00,true
ACCT-000323,CUST-000212,checking,BDT,0.0,12160.72,active,2026-04-12 22:30:00+00:00,2026-09-12 03:39:47+00:00,true
ACCT-000324,CUST-000213,checking,BDT,0.0,10806.22,active,2026-03-01 14:58:00+00:00,2026-09-18 02:14:33+00:00,true
ACCT-000325,CUST-000213,checking,BDT,0.0,7894.15,active,2026-02-28 06:58:00+00:00,2026-08-20 04:49:55+00:00,false
ACCT-000326,CUST-000214,savings,BDT,13759.45,27772.64,active,2026-01-27 07:43:00+00:00,2026-09-27 04:49:30+00:00,true
ACCT-000327,CUST-000214,wallet,BDT,0.0,4404.47,active,2026-02-01 08:43:00+00:00,2026-09-19 03:57:38+00:00,false
ACCT-000328,CUST-000215,checking,BDT,0.0,17493.88,active,2026-05-09 02:50:00+00:00,2026-09-07 19:09:30+00:00,true
ACCT-000329,CUST-000215,checking,BDT,208721.67,16458.65,active,2026-05-04 08:50:00+00:00,2026-08-24 13:45:20+00:00,false
ACCT-000330,CUST-000216,savings,BDT,3925.5,37898.76,active,2026-04-04 04:48:00+00:00,2026-09-24 07:21:40+00:00,true
ACCT-000331,CUST-000217,fixed_deposit,AED,202741.17,202878.85,active,2026-08-11 12:51:00+00:00,2026-09-24 01:47:14+00:00,true
ACCT-000332,CUST-000217,savings,AED,20421.15,21447.62,active,2026-08-08 23:51:00+00:00,2026-09-25 02:10:05+00:00,false
ACCT-000333,CUST-000218,fixed_deposit,BDT,91776.49,114666.5,active,2026-08-15 11:40:00+00:00,2026-09-23 08:50:53+00:00,true
ACCT-000334,CUST-000219,checking,BDT,4236.34,39757.45,active,2026-05-08 09:30:00+00:00,2026-08-25 02:28:51+00:00,true
ACCT-000335,CUST-000219,savings,BDT,4096.53,21571.36,active,2026-05-16 21:30:00+00:00,2026-09-28 18:39:11+00:00,false
ACCT-000336,CUST-000220,wallet,BDT,181735.79,149086.4,active,2026-02-21 21:42:00+00:00,2026-09-02 09:12:20+00:00,true
ACCT-000337,CUST-000220,wallet,BDT,1323831.7,432443.66,active,2026-02-11 22:42:00+00:00,2026-09-26 12:35:38+00:00,false
ACCT-000338,CUST-000220,savings,BDT,467239.94,796434.44,dormant,2026-02-10 23:42:00+00:00,2026-09-25 14:05:39+00:00,false
ACCT-000339,CUST-000221,checking,GBP,52629.02,52693.16,dormant,2026-05-01 22:03:00+00:00,2026-09-23 06:53:22+00:00,true
ACCT-000340,CUST-000221,savings,GBP,32166.89,32232.53,active,2026-04-28 19:03:00+00:00,2026-07-09 15:23:45+00:00,false
ACCT-000341,CUST-000221,checking,GBP,83336.39,83388.74,active,2026-05-08 18:03:00+00:00,2026-08-14 11:17:47+00:00,false
ACCT-000342,CUST-000222,checking,BDT,0.0,19107.6,active,2026-04-28 18:14:00+00:00,2026-09-10 23:23:26+00:00,true
ACCT-000343,CUST-000223,checking,BDT,290.93,17725.32,active,2026-07-05 23:37:00+00:00,2026-08-07 14:05:40+00:00,true
ACCT-000344,CUST-000223,savings,BDT,2435.04,12953.58,active,2026-07-06 23:37:00+00:00,2026-07-18 12:09:48+00:00,false
ACCT-000345,CUST-000224,wallet,BDT,0.0,3734.95,active,2026-01-21 18:37:00+00:00,2026-08-10 07:53:17+00:00,true
ACCT-000346,CUST-000225,checking,BDT,0.0,52389.55,dormant,2025-12-11 10:58:00+00:00,2026-09-16 02:36:28+00:00,true
ACCT-000347,CUST-000225,checking,BDT,0.0,62695.82,active,2025-12-11 04:58:00+00:00,2026-09-22 22:52:32+00:00,false
ACCT-000348,CUST-000226,checking,BDT,55986.12,56347.19,active,2026-03-14 14:24:00+00:00,2026-04-10 13:53:15+00:00,true
ACCT-000349,CUST-000226,savings,BDT,13591.11,16712.18,active,2026-03-14 09:24:00+00:00,2026-07-02 15:57:43+00:00,false
ACCT-000350,CUST-000226,savings,BDT,101111.23,119529.11,active,2026-02-27 20:24:00+00:00,2026-09-03 01:05:14+00:00,false
ACCT-000351,CUST-000227,savings,BDT,48900.77,50902.42,active,2026-01-22 02:56:00+00:00,2026-06-30 16:30:59+00:00,true
ACCT-000352,CUST-000228,savings,BDT,24922.48,28049.28,active,2025-11-10 23:30:00+00:00,2026-08-07 11:24:06+00:00,true
ACCT-000353,CUST-000228,checking,BDT,0.0,1171.47,active,2025-11-09 01:30:00+00:00,2026-06-16 18:42:37+00:00,false
ACCT-000354,CUST-000228,savings,BDT,25937.5,58162.6,active,2025-11-16 02:30:00+00:00,2026-09-11 09:22:14+00:00,false
ACCT-000355,CUST-000229,savings,BDT,6681.76,11130.36,active,2026-07-22 12:51:00+00:00,2026-09-13 10:20:11+00:00,true
ACCT-000356,CUST-000229,savings,BDT,33251.28,45585.92,active,2026-07-18 20:51:00+00:00,2026-09-30 04:22:38+00:00,false
ACCT-000357,CUST-000230,wallet,BDT,0.0,591.69,active,2025-10-12 14:00:00+00:00,2026-09-06 15:55:52+00:00,true
ACCT-000358,CUST-000230,savings,BDT,45686.65,52113.83,frozen,2025-10-23 07:00:00+00:00,2026-08-28 05:25:36+00:00,false
ACCT-000359,CUST-000231,savings,BDT,1773.33,113247.02,active,2026-03-02 21:40:00+00:00,2026-09-21 07:40:51+00:00,true
ACCT-000360,CUST-000232,checking,BDT,0.0,3517.26,active,2025-12-17 21:50:00+00:00,2026-09-28 22:18:03+00:00,true
ACCT-000361,CUST-000233,merchant_settlement,BDT,1014746.56,1288671.11,active,2025-11-26 19:46:00+00:00,2026-09-27 02:04:56+00:00,true
ACCT-000362,CUST-000233,merchant_settlement,BDT,0.0,306597.65,active,2025-12-10 06:46:00+00:00,2026-09-28 06:51:48+00:00,false
ACCT-000363,CUST-000234,wallet,BDT,0.0,3631.26,dormant,2025-12-17 02:39:00+00:00,2026-09-29 21:34:11+00:00,true
ACCT-000364,CUST-000235,savings,BDT,3050.44,19792.28,active,2026-02-11 11:25:00+00:00,2026-09-17 07:01:36+00:00,true
ACCT-000365,CUST-000235,checking,BDT,0.0,15876.19,active,2026-02-15 02:25:00+00:00,2026-09-24 12:11:41+00:00,false
ACCT-000366,CUST-000236,wallet,BDT,0.0,3580.5,active,2026-01-02 23:22:00+00:00,2026-09-20 20:15:04+00:00,true
ACCT-000367,CUST-000237,checking,BDT,0.0,12901.82,active,2026-07-05 16:47:00+00:00,2026-09-19 15:10:59+00:00,true
ACCT-000368,CUST-000238,savings,BDT,0.0,14785.47,active,2026-03-14 22:45:00+00:00,2026-09-29 15:00:14+00:00,true
ACCT-000369,CUST-000239,savings,BDT,21896.09,70934.34,active,2025-11-04 09:24:00+00:00,2026-09-22 05:58:04+00:00,true
ACCT-000370,CUST-000239,wallet,BDT,0.0,6265.85,active,2025-11-02 18:24:00+00:00,2026-09-04 23:27:26+00:00,false
ACCT-000371,CUST-000240,savings,BDT,0.0,14429.03,active,2026-06-29 10:37:00+00:00,2026-09-24 10:09:01+00:00,true
ACCT-000372,CUST-000241,savings,MYR,21492.17,22540.35,active,2026-02-23 00:47:00+00:00,2026-08-23 19:58:46+00:00,true
ACCT-000373,CUST-000242,checking,BDT,0.0,13435.68,active,2026-08-06 00:05:00+00:00,2026-09-25 15:05:31+00:00,true
ACCT-000374,CUST-000243,checking,BDT,0.0,15955.86,active,2026-08-07 07:32:00+00:00,2026-09-27 09:54:27+00:00,true
ACCT-000375,CUST-000244,wallet,BDT,0.0,541.98,active,2025-12-06 09:10:00+00:00,2026-09-12 00:48:58+00:00,true
ACCT-000376,CUST-000244,checking,BDT,0.0,27320.48,active,2025-11-19 03:10:00+00:00,2026-09-21 08:49:44+00:00,false
ACCT-000377,CUST-000245,savings,BDT,8273.12,11578.3,active,2026-03-29 13:00:00+00:00,2026-06-28 03:20:21+00:00,true
ACCT-000378,CUST-000245,checking,BDT,7324.8,18918.89,active,2026-03-24 12:00:00+00:00,2026-09-28 05:47:36+00:00,false
ACCT-000379,CUST-000246,checking,USD,18580.15,18824.59,active,2026-03-26 04:35:00+00:00,2026-09-11 01:30:00+00:00,true
ACCT-000380,CUST-000247,checking,INR,10544.8,11680.16,active,2026-01-27 16:29:00+00:00,2026-03-29 04:08:02+00:00,true
ACCT-000381,CUST-000247,fixed_deposit,INR,70534.31,72109.24,active,2026-01-17 08:29:00+00:00,2026-06-09 04:17:06+00:00,false
ACCT-000382,CUST-000248,savings,BDT,0.0,12840.35,active,2026-04-14 11:35:00+00:00,2026-09-29 17:54:32+00:00,true
ACCT-000383,CUST-000249,savings,BDT,0.0,34284.04,active,2026-05-31 07:47:00+00:00,2026-09-29 07:19:47+00:00,true
ACCT-000384,CUST-000250,savings,BDT,0.0,17789.36,active,2026-01-18 22:55:00+00:00,2026-09-19 14:10:00+00:00,true
ACCT-000385,CUST-000250,wallet,BDT,247.5,12555.23,active,2026-01-11 18:55:00+00:00,2026-07-12 20:40:47+00:00,false
ACCT-000386,CUST-000250,savings,BDT,18643.86,23410.29,active,2026-01-24 10:55:00+00:00,2026-08-12 23:32:42+00:00,false
ACCT-000387,CUST-000251,checking,USD,116962.64,113532.79,active,2026-07-22 06:29:00+00:00,2026-09-15 22:28:14+00:00,true
ACCT-000388,CUST-000251,checking,USD,622718.71,620837.05,active,2026-07-19 02:29:00+00:00,2026-09-30 04:24:56+00:00,false
ACCT-000389,CUST-000251,wallet,USD,18311.81,19225.87,active,2026-07-29 00:29:00+00:00,2026-09-19 12:17:02+00:00,false
ACCT-000390,CUST-000252,savings,BDT,67258.07,78053.49,active,2026-02-06 23:16:00+00:00,2026-08-19 17:43:30+00:00,true
ACCT-000391,CUST-000252,wallet,BDT,248239.93,278529.96,active,2026-02-14 14:16:00+00:00,2026-06-27 01:00:42+00:00,false
ACCT-000392,CUST-000253,checking,BDT,0.0,7977.03,active,2025-10-24 03:50:00+00:00,2026-07-12 12:24:18+00:00,true
ACCT-000393,CUST-000253,checking,BDT,0.0,17344.43,active,2025-10-13 07:50:00+00:00,2026-03-06 00:15:25+00:00,false
ACCT-000394,CUST-000254,wallet,BDT,1457.17,1457.17,active,2026-04-28 13:16:00+00:00,2026-04-28 13:16:00+00:00,true
ACCT-000395,CUST-000254,savings,BDT,60458.18,61772.73,active,2026-05-08 10:16:00+00:00,2026-08-28 07:41:53+00:00,false
ACCT-000396,CUST-000254,wallet,BDT,421.71,2549.42,active,2026-04-29 22:16:00+00:00,2026-09-26 20:12:48+00:00,false
ACCT-000397,CUST-000255,checking,BDT,1209.59,5278.65,active,2026-04-06 15:20:00+00:00,2026-09-11 03:56:19+00:00,true
ACCT-000398,CUST-000255,checking,BDT,4230.46,10431.89,active,2026-04-01 00:20:00+00:00,2026-09-27 20:33:44+00:00,false
ACCT-000399,CUST-000255,checking,BDT,9302.38,16474.59,dormant,2026-04-01 16:20:00+00:00,2026-09-07 06:42:27+00:00,false
ACCT-000400,CUST-000256,checking,BDT,0.0,23330.59,active,2026-06-28 04:08:00+00:00,2026-09-25 18:21:49+00:00,true
ACCT-000401,CUST-000257,savings,BDT,0.0,10732.5,active,2026-05-02 01:59:00+00:00,2026-09-06 07:14:33+00:00,true
ACCT-000402,CUST-000257,savings,BDT,0.0,19647.26,active,2026-05-01 04:59:00+00:00,2026-09-30 00:20:57+00:00,false
ACCT-000403,CUST-000258,wallet,BDT,0.0,5880.16,active,2025-10-25 01:22:00+00:00,2026-08-12 20:09:37+00:00,true
ACCT-000404,CUST-000258,fixed_deposit,BDT,134709.47,136092.11,active,2025-10-23 06:22:00+00:00,2026-06-15 12:32:42+00:00,false
ACCT-000405,CUST-000259,checking,BDT,574.1,11288.07,active,2026-03-20 01:21:00+00:00,2026-09-30 00:31:49+00:00,true
ACCT-000406,CUST-000260,checking,BDT,7651.33,16101.22,active,2026-01-08 02:26:00+00:00,2026-08-19 18:02:59+00:00,true
ACCT-000407,CUST-000260,fixed_deposit,BDT,8786.35,27565.58,active,2025-12-29 10:26:00+00:00,2026-09-26 10:29:08+00:00,false
ACCT-000408,CUST-000261,wallet,BDT,0.0,669.17,dormant,2025-12-09 09:57:00+00:00,2026-09-18 09:40:39+00:00,true
ACCT-000409,CUST-000262,savings,BDT,10089.58,8763.06,active,2026-07-21 06:18:00+00:00,2026-09-30 04:43:03+00:00,true
ACCT-000410,CUST-000262,checking,BDT,0.0,29262.82,active,2026-07-31 02:18:00+00:00,2026-09-29 18:59:13+00:00,false
ACCT-000411,CUST-000263,checking,BDT,796969.1,990824.9,active,2026-03-13 06:35:00+00:00,2026-09-29 00:07:23+00:00,true
ACCT-000412,CUST-000264,wallet,AED,115400.04,120532.72,active,2026-06-29 17:22:00+00:00,2026-09-26 04:39:20+00:00,true
ACCT-000413,CUST-000264,wallet,AED,40012.1,41964.19,active,2026-06-24 05:22:00+00:00,2026-09-05 02:37:55+00:00,false
ACCT-000414,CUST-000265,wallet,BDT,0.0,1304.5,dormant,2026-07-27 07:39:00+00:00,2026-09-24 04:01:04+00:00,true
ACCT-000415,CUST-000266,wallet,BDT,0.0,1379.03,active,2026-07-09 07:26:00+00:00,2026-09-19 22:02:56+00:00,true
ACCT-000416,CUST-000267,checking,BDT,19195.93,29252.77,active,2026-06-10 13:51:00+00:00,2026-09-21 05:46:25+00:00,true
ACCT-000417,CUST-000267,checking,BDT,0.0,4322.19,active,2026-05-21 03:51:00+00:00,2026-09-20 01:47:54+00:00,false
ACCT-000418,CUST-000268,savings,MYR,19331.85,21068.51,active,2026-03-18 21:26:00+00:00,2026-08-09 11:52:05+00:00,true
ACCT-000419,CUST-000269,checking,BDT,738793.54,1385417.58,active,2026-08-03 00:44:00+00:00,2026-09-28 01:05:48+00:00,true
ACCT-000420,CUST-000269,savings,BDT,1049790.68,1044636.04,active,2026-07-16 16:44:00+00:00,2026-09-27 22:43:05+00:00,false
ACCT-000421,CUST-000269,savings,BDT,0.0,53074.61,active,2026-07-17 03:44:00+00:00,2026-09-18 19:04:29+00:00,false
ACCT-000422,CUST-000270,checking,BDT,0.0,10919.86,active,2026-05-12 19:57:00+00:00,2026-09-29 00:48:16+00:00,true
ACCT-000423,CUST-000271,checking,BDT,58014.37,59603.92,active,2026-02-12 11:32:00+00:00,2026-08-23 13:30:02+00:00,true
ACCT-000424,CUST-000272,savings,BDT,28691.94,54849.8,active,2026-05-23 09:52:00+00:00,2026-08-29 18:29:26+00:00,true
ACCT-000425,CUST-000273,savings,BDT,0.0,9621.2,active,2026-01-04 11:36:00+00:00,2026-09-15 21:34:35+00:00,true
ACCT-000426,CUST-000273,wallet,BDT,0.0,2703.51,active,2026-01-07 12:36:00+00:00,2026-09-27 02:24:22+00:00,false
ACCT-000427,CUST-000274,checking,MYR,11387.92,12040.5,active,2025-12-11 15:30:00+00:00,2026-09-23 00:24:52+00:00,true
ACCT-000428,CUST-000275,savings,BDT,70753.46,70391.91,active,2026-01-11 10:00:00+00:00,2026-09-02 21:06:34+00:00,true
ACCT-000429,CUST-000275,checking,BDT,8688.68,11000.94,active,2026-01-29 02:00:00+00:00,2026-09-26 17:36:13+00:00,false
ACCT-000430,CUST-000276,savings,AED,15133.04,16414.75,active,2025-12-20 06:00:00+00:00,2026-09-02 03:50:25+00:00,true
ACCT-000431,CUST-000277,wallet,BDT,94199.51,169420.55,dormant,2026-01-08 08:53:00+00:00,2026-09-16 09:24:22+00:00,true
ACCT-000432,CUST-000278,checking,AED,31583.69,31608.11,active,2026-04-29 10:05:00+00:00,2026-04-29 10:05:00+00:00,true
ACCT-000433,CUST-000278,checking,AED,4235.14,4322.11,dormant,2026-04-15 18:05:00+00:00,2026-06-02 15:39:04+00:00,false
ACCT-000434,CUST-000279,fixed_deposit,BDT,24596.92,66715.81,active,2026-03-02 05:20:00+00:00,2026-09-29 21:09:54+00:00,true
ACCT-000435,CUST-000280,savings,SGD,29320.61,28099.04,active,2026-04-05 05:12:00+00:00,2026-09-02 08:44:57+00:00,true
ACCT-000436,CUST-000280,checking,SGD,24497.18,24656.11,active,2026-03-28 13:12:00+00:00,2026-08-26 13:27:48+00:00,false
ACCT-000437,CUST-000281,savings,BDT,0.0,12766.95,active,2025-11-11 10:36:00+00:00,2026-07-02 21:32:28+00:00,true
ACCT-000438,CUST-000281,checking,BDT,41106.86,41106.86,active,2025-11-05 20:36:00+00:00,2025-11-05 20:36:00+00:00,false
ACCT-000439,CUST-000282,savings,BDT,0.0,4403.47,active,2026-07-07 18:10:00+00:00,2026-09-25 11:42:34+00:00,true
ACCT-000440,CUST-000283,wallet,BDT,0.0,1482.44,active,2025-11-23 16:05:00+00:00,2026-09-05 07:01:48+00:00,true
ACCT-000441,CUST-000284,savings,BDT,14335.24,16626.8,active,2026-04-02 06:14:00+00:00,2026-08-27 10:33:11+00:00,true
ACCT-000442,CUST-000285,checking,AED,17092.71,18196.3,active,2026-07-09 12:27:00+00:00,2026-09-27 14:00:12+00:00,true
ACCT-000443,CUST-000286,wallet,BDT,0.0,1066.31,active,2025-12-17 00:32:00+00:00,2026-08-20 04:10:11+00:00,true
ACCT-000444,CUST-000287,savings,SGD,7191.46,7704.99,active,2025-11-04 14:47:00+00:00,2026-09-14 05:11:08+00:00,true
ACCT-000445,CUST-000288,fixed_deposit,BDT,3344828.58,3670484.64,active,2026-08-08 10:41:00+00:00,2026-09-28 08:53:29+00:00,true
ACCT-000446,CUST-000289,wallet,MYR,5165.7,360.87,dormant,2026-01-06 18:14:00+00:00,2026-09-21 14:10:19+00:00,true
ACCT-000447,CUST-000290,checking,BDT,1688455.69,1210142.57,active,2026-03-02 22:30:00+00:00,2026-09-09 18:40:18+00:00,true
ACCT-000448,CUST-000290,wallet,BDT,428835.1,554856.5,active,2026-02-22 18:30:00+00:00,2026-07-07 15:27:48+00:00,false
ACCT-000449,CUST-000291,checking,BDT,0.0,10147.75,active,2026-04-11 04:59:00+00:00,2026-09-26 19:40:42+00:00,true
ACCT-000450,CUST-000292,savings,BDT,275588.97,20307.69,active,2026-01-08 03:01:00+00:00,2026-09-18 11:07:35+00:00,true
ACCT-000451,CUST-000292,savings,BDT,9551.99,20739.75,active,2025-12-22 20:01:00+00:00,2026-08-21 06:51:20+00:00,false
ACCT-000452,CUST-000293,savings,BDT,0.0,12379.82,active,2026-07-16 14:26:00+00:00,2026-09-26 21:17:16+00:00,true
ACCT-000453,CUST-000294,checking,BDT,4997.15,7643.79,active,2025-10-19 02:06:00+00:00,2026-06-17 03:06:08+00:00,true
ACCT-000454,CUST-000294,wallet,BDT,0.0,3611.05,active,2025-10-05 17:06:00+00:00,2026-03-11 18:28:14+00:00,false
ACCT-000455,CUST-000295,checking,MYR,17227.93,18163.5,active,2026-03-14 00:28:00+00:00,2026-08-12 08:14:17+00:00,true
ACCT-000456,CUST-000296,savings,MYR,67533.5,69375.91,active,2026-07-05 06:38:00+00:00,2026-09-14 00:59:48+00:00,true
ACCT-000457,CUST-000296,savings,MYR,25090.33,26758.07,active,2026-07-07 09:38:00+00:00,2026-09-16 01:43:30+00:00,false
ACCT-000458,CUST-000297,wallet,BDT,0.0,6707.82,active,2026-06-21 15:10:00+00:00,2026-09-25 19:01:12+00:00,true
ACCT-000459,CUST-000298,wallet,BDT,0.0,8353.89,active,2025-10-25 06:01:00+00:00,2026-08-03 23:12:22+00:00,true
ACCT-000460,CUST-000299,savings,USD,1005.87,1671.79,frozen,2025-11-16 11:17:00+00:00,2026-08-24 21:22:38+00:00,true
ACCT-000461,CUST-000300,savings,BDT,2312.26,15194.87,active,2025-12-08 17:43:00+00:00,2026-09-10 08:46:00+00:00,true
ACCT-000462,CUST-000301,savings,BDT,0.0,6845.17,active,2025-11-20 07:15:00+00:00,2026-08-31 15:59:18+00:00,true
ACCT-000463,CUST-000302,wallet,MYR,1854.97,6058.24,active,2026-06-10 22:39:00+00:00,2026-09-24 05:02:58+00:00,true
ACCT-000464,CUST-000303,checking,BDT,3577.13,5119.74,active,2026-07-08 09:07:00+00:00,2026-07-08 09:07:00+00:00,true
ACCT-000465,CUST-000303,wallet,BDT,0.0,2875.38,active,2026-07-03 01:07:00+00:00,2026-09-09 06:10:03+00:00,false
ACCT-000466,CUST-000303,savings,BDT,7699.48,11365.92,active,2026-06-29 23:07:00+00:00,2026-09-18 18:30:15+00:00,false
ACCT-000467,CUST-000304,savings,BDT,0.0,6379.75,active,2026-04-23 01:25:00+00:00,2026-09-15 01:57:57+00:00,true
ACCT-000468,CUST-000304,checking,BDT,33557.0,56455.85,active,2026-04-19 07:25:00+00:00,2026-09-23 17:11:05+00:00,false
ACCT-000469,CUST-000305,savings,BDT,874167.63,907604.68,dormant,2025-12-29 23:46:00+00:00,2026-08-08 14:21:08+00:00,true
ACCT-000470,CUST-000305,wallet,BDT,171498.14,193874.32,active,2026-01-03 00:46:00+00:00,2026-08-03 13:27:06+00:00,false
ACCT-000471,CUST-000305,savings,BDT,335711.87,345781.53,active,2025-12-24 15:46:00+00:00,2026-05-23 19:44:32+00:00,false
ACCT-000472,CUST-000306,savings,BDT,9105.36,66567.13,active,2026-03-19 14:38:00+00:00,2026-09-15 22:59:49+00:00,true
ACCT-000473,CUST-000306,wallet,BDT,0.0,12674.21,active,2026-03-09 10:38:00+00:00,2026-09-13 15:44:50+00:00,false
ACCT-000474,CUST-000307,checking,BDT,7712.27,12935.46,active,2026-03-08 06:40:00+00:00,2026-09-23 10:42:37+00:00,true
ACCT-000475,CUST-000307,savings,BDT,42458.68,27223.8,active,2026-02-21 11:40:00+00:00,2026-08-02 15:19:56+00:00,false
ACCT-000476,CUST-000308,checking,BDT,0.0,8063.94,active,2026-05-11 22:32:00+00:00,2026-09-29 03:49:49+00:00,true
ACCT-000477,CUST-000309,checking,BDT,23203.88,43140.04,active,2025-11-05 23:22:00+00:00,2026-09-29 18:05:53+00:00,true
ACCT-000478,CUST-000310,savings,BDT,0.0,9411.11,active,2026-06-01 04:10:00+00:00,2026-09-29 03:55:03+00:00,true
ACCT-000479,CUST-000311,savings,BDT,0.0,7736.87,active,2026-07-17 07:29:00+00:00,2026-09-17 06:31:36+00:00,true
ACCT-000480,CUST-000312,checking,BDT,10486.58,3498.91,active,2025-10-31 16:16:00+00:00,2026-05-26 17:29:20+00:00,true
ACCT-000481,CUST-000312,savings,BDT,16023.77,33403.23,active,2025-11-01 19:16:00+00:00,2026-09-22 00:39:37+00:00,false
ACCT-000482,CUST-000313,wallet,BDT,0.0,2326.04,active,2026-08-06 19:56:00+00:00,2026-09-26 16:49:43+00:00,true
ACCT-000483,CUST-000314,wallet,BDT,0.0,7608.23,active,2026-06-28 21:12:00+00:00,2026-09-28 19:57:50+00:00,true
ACCT-000484,CUST-000315,savings,USD,5680.27,5779.6,active,2025-10-06 01:53:00+00:00,2026-09-29 04:03:07+00:00,true
ACCT-000485,CUST-000316,wallet,MYR,590308.56,608982.68,active,2026-02-21 09:19:00+00:00,2026-09-17 15:07:48+00:00,true
ACCT-000486,CUST-000316,savings,MYR,311678.2,234968.07,active,2026-02-22 13:19:00+00:00,2026-09-21 22:01:15+00:00,false
ACCT-000487,CUST-000317,savings,BDT,0.0,2403.14,active,2026-03-26 03:24:00+00:00,2026-08-29 16:54:00+00:00,true
ACCT-000488,CUST-000318,checking,BDT,0.0,11151.4,active,2025-11-18 18:11:00+00:00,2026-09-01 18:50:09+00:00,true
ACCT-000489,CUST-000319,savings,BDT,0.0,12959.9,active,2026-03-13 16:21:00+00:00,2026-09-24 06:39:05+00:00,true
ACCT-000490,CUST-000320,wallet,BDT,0.0,2714.13,active,2025-10-26 19:25:00+00:00,2026-07-19 00:38:35+00:00,true
ACCT-000491,CUST-000320,checking,BDT,0.0,7437.62,active,2025-11-02 19:25:00+00:00,2026-09-01 18:57:01+00:00,false
ACCT-000492,CUST-000321,savings,BDT,893845.23,999075.54,active,2025-11-10 19:03:00+00:00,2026-08-10 19:00:58+00:00,true
ACCT-000493,CUST-000321,savings,BDT,303138.09,322650.98,active,2025-11-26 09:03:00+00:00,2026-09-24 01:19:24+00:00,false
ACCT-000494,CUST-000322,savings,BDT,0.0,25777.97,active,2026-02-26 03:23:00+00:00,2026-07-31 03:36:12+00:00,true
ACCT-000495,CUST-000323,savings,BDT,0.0,13359.11,active,2026-07-03 20:34:00+00:00,2026-09-14 21:36:38+00:00,true
ACCT-000496,CUST-000323,savings,BDT,0.0,21674.59,active,2026-06-18 05:34:00+00:00,2026-09-28 09:54:13+00:00,false
ACCT-000497,CUST-000324,wallet,BDT,0.0,1149.69,active,2026-06-12 10:19:00+00:00,2026-09-25 21:58:21+00:00,true
ACCT-000498,CUST-000325,savings,BDT,0.0,17712.08,dormant,2026-02-13 16:19:00+00:00,2026-09-23 08:01:03+00:00,true
ACCT-000499,CUST-000326,wallet,BDT,0.0,4661.36,dormant,2026-07-02 10:29:00+00:00,2026-09-13 10:10:24+00:00,true
ACCT-000500,CUST-000326,savings,BDT,44355.89,73379.87,active,2026-06-18 15:29:00+00:00,2026-09-30 19:24:56+00:00,false
ACCT-000501,CUST-000327,savings,INR,132817.61,6931.02,active,2026-03-14 01:31:00+00:00,2026-09-26 14:46:50+00:00,true
ACCT-000502,CUST-000328,checking,BDT,0.0,3582.26,active,2026-02-22 06:03:00+00:00,2026-09-28 08:37:30+00:00,true
ACCT-000503,CUST-000329,checking,BDT,0.0,9415.12,active,2026-02-16 17:17:00+00:00,2026-08-18 04:16:40+00:00,true
ACCT-000504,CUST-000329,fixed_deposit,BDT,70218.73,88184.59,active,2026-02-04 13:17:00+00:00,2026-08-25 18:45:55+00:00,false
ACCT-000505,CUST-000329,wallet,BDT,0.0,3507.75,active,2026-02-13 22:17:00+00:00,2026-07-24 20:35:11+00:00,false
ACCT-000506,CUST-000330,savings,BDT,0.0,51001.64,active,2026-01-03 13:51:00+00:00,2026-08-16 13:35:05+00:00,true
ACCT-000507,CUST-000331,wallet,AED,12251.16,14234.49,active,2026-01-30 11:09:00+00:00,2026-08-15 02:16:33+00:00,true
ACCT-000508,CUST-000332,checking,BDT,0.0,14333.84,active,2026-06-30 18:42:00+00:00,2026-09-24 03:30:13+00:00,true
ACCT-000509,CUST-000333,checking,BDT,0.0,6326.39,dormant,2026-05-13 03:07:00+00:00,2026-09-26 15:14:40+00:00,true
ACCT-000510,CUST-000333,wallet,BDT,0.0,1801.5,active,2026-05-01 05:07:00+00:00,2026-08-24 21:56:13+00:00,false
ACCT-000511,CUST-000333,wallet,BDT,0.0,4391.97,active,2026-05-07 00:07:00+00:00,2026-09-11 20:44:30+00:00,false
ACCT-000512,CUST-000334,wallet,BDT,0.0,2720.03,active,2026-07-03 23:02:00+00:00,2026-09-17 16:38:36+00:00,true
ACCT-000513,CUST-000334,savings,BDT,0.0,4153.33,active,2026-07-10 02:02:00+00:00,2026-09-22 15:15:00+00:00,false
ACCT-000514,CUST-000335,checking,BDT,2131121.62,748726.36,active,2025-11-17 17:17:00+00:00,2026-09-28 15:28:18+00:00,true
ACCT-000515,CUST-000335,wallet,BDT,1067529.86,187700.56,active,2025-11-23 08:17:00+00:00,2026-09-29 09:26:36+00:00,false
ACCT-000516,CUST-000336,checking,MYR,25393.53,25846.84,active,2026-03-06 04:35:00+00:00,2026-09-19 00:13:08+00:00,true
ACCT-000517,CUST-000337,savings,BDT,122567.26,183188.55,active,2025-12-24 22:32:00+00:00,2026-09-14 21:26:22+00:00,true
ACCT-000518,CUST-000337,checking,BDT,28278.21,37645.27,active,2025-12-14 18:32:00+00:00,2026-09-22 05:30:00+00:00,false
ACCT-000519,CUST-000338,checking,MYR,6775.5,7871.42,active,2025-12-08 21:54:00+00:00,2026-09-22 16:25:18+00:00,true
ACCT-000520,CUST-000339,checking,BDT,20602.06,22982.39,active,2026-06-12 04:12:00+00:00,2026-09-24 18:48:15+00:00,true
ACCT-000521,CUST-000339,savings,BDT,22568.77,31761.31,active,2026-06-09 15:12:00+00:00,2026-06-09 15:12:00+00:00,false
ACCT-000522,CUST-000340,savings,BDT,489491.78,520543.08,active,2026-07-19 04:58:00+00:00,2026-09-18 10:17:00+00:00,true
ACCT-000523,CUST-000340,savings,BDT,1426992.17,894861.28,active,2026-07-27 21:58:00+00:00,2026-09-26 07:07:59+00:00,false
ACCT-000524,CUST-000340,savings,BDT,3459280.11,2923688.56,active,2026-07-17 09:58:00+00:00,2026-09-29 13:32:05+00:00,false
ACCT-000525,CUST-000341,checking,BDT,0.0,4835.21,active,2025-11-19 14:21:00+00:00,2026-09-11 01:50:59+00:00,true
ACCT-000526,CUST-000341,savings,BDT,8761.12,15643.76,active,2025-12-07 05:21:00+00:00,2026-07-14 19:35:01+00:00,false
ACCT-000527,CUST-000342,savings,BDT,0.0,15689.16,active,2026-08-09 11:34:00+00:00,2026-09-25 11:38:13+00:00,true
ACCT-000528,CUST-000342,savings,BDT,0.0,5970.86,active,2026-07-24 20:34:00+00:00,2026-09-17 02:49:51+00:00,false
ACCT-000529,CUST-000343,savings,BDT,18786.02,29695.73,active,2025-12-30 15:02:00+00:00,2026-07-24 23:07:05+00:00,true
ACCT-000530,CUST-000344,savings,BDT,0.0,16515.28,active,2025-12-23 09:47:00+00:00,2026-07-27 01:27:45+00:00,true
ACCT-000531,CUST-000344,wallet,BDT,0.0,982.09,active,2025-12-17 22:47:00+00:00,2026-06-21 00:14:15+00:00,false
ACCT-000532,CUST-000345,savings,BDT,9945.6,29910.43,active,2026-07-28 10:52:00+00:00,2026-09-04 10:13:48+00:00,true
ACCT-000533,CUST-000345,savings,BDT,0.0,17495.28,active,2026-08-04 04:52:00+00:00,2026-09-29 05:38:52+00:00,false
ACCT-000534,CUST-000346,savings,BDT,190818.02,15501.01,active,2026-01-03 10:28:00+00:00,2026-09-22 17:40:08+00:00,true
ACCT-000535,CUST-000347,checking,MYR,9360.03,14322.28,active,2026-05-16 12:00:00+00:00,2026-09-30 05:09:23+00:00,true
ACCT-000536,CUST-000348,savings,BDT,0.0,7190.53,active,2026-04-20 00:08:00+00:00,2026-09-24 03:18:17+00:00,true
ACCT-000537,CUST-000349,checking,BDT,260108.09,270754.26,active,2025-12-19 16:39:00+00:00,2026-04-30 01:31:08+00:00,true
ACCT-000538,CUST-000349,wallet,BDT,0.0,44829.94,active,2025-12-10 19:39:00+00:00,2026-09-25 12:06:04+00:00,false
ACCT-000539,CUST-000349,savings,BDT,72072.03,95658.94,active,2025-12-16 14:39:00+00:00,2026-04-19 22:25:05+00:00,false
ACCT-000540,CUST-000350,checking,BDT,0.0,14847.85,active,2026-01-10 15:59:00+00:00,2026-08-25 10:17:22+00:00,true
ACCT-000541,CUST-000351,checking,BDT,0.0,20506.67,active,2025-11-19 19:52:00+00:00,2026-07-19 15:10:13+00:00,true
ACCT-000542,CUST-000351,savings,BDT,14069.54,24327.7,dormant,2025-11-16 13:52:00+00:00,2026-09-06 00:44:11+00:00,false
ACCT-000543,CUST-000352,checking,BDT,0.0,8558.64,active,2025-12-20 12:35:00+00:00,2026-09-15 08:48:32+00:00,true
ACCT-000544,CUST-000353,savings,GBP,33912.42,33919.89,dormant,2026-04-12 08:42:00+00:00,2026-07-27 12:28:33+00:00,true
ACCT-000545,CUST-000353,checking,GBP,107072.47,107079.81,active,2026-04-15 07:42:00+00:00,2026-07-03 03:57:09+00:00,false
ACCT-000546,CUST-000354,checking,BDT,0.0,16273.22,active,2026-05-14 23:21:00+00:00,2026-09-25 07:15:02+00:00,true
ACCT-000547,CUST-000355,savings,BDT,5210.79,42617.96,dormant,2026-06-29 09:04:00+00:00,2026-09-27 13:40:33+00:00,true
ACCT-000548,CUST-000356,wallet,BDT,0.0,8466.28,frozen,2026-03-11 03:36:00+00:00,2026-09-18 03:04:28+00:00,true
ACCT-000549,CUST-000357,checking,BDT,0.0,7930.14,active,2025-11-09 01:44:00+00:00,2026-09-27 11:11:22+00:00,true
ACCT-000550,CUST-000358,checking,BDT,0.0,7321.61,active,2026-01-11 06:53:00+00:00,2026-06-19 22:22:27+00:00,true
ACCT-000551,CUST-000358,savings,BDT,74192.91,78558.39,active,2025-12-31 00:53:00+00:00,2026-08-04 18:24:37+00:00,false
ACCT-000552,CUST-000359,savings,AED,2841.69,4507.96,active,2026-08-01 17:35:00+00:00,2026-09-26 23:12:14+00:00,true
ACCT-000553,CUST-000360,checking,BDT,0.0,14545.61,active,2026-01-25 00:57:00+00:00,2026-09-18 21:11:24+00:00,true
ACCT-000554,CUST-000361,checking,BDT,7552.43,27515.28,active,2025-12-22 15:14:00+00:00,2026-08-04 20:17:10+00:00,true
ACCT-000555,CUST-000361,savings,BDT,515.13,9816.32,active,2026-01-03 20:14:00+00:00,2026-09-18 14:30:48+00:00,false
ACCT-000556,CUST-000362,fixed_deposit,GBP,157819.27,157932.65,active,2026-03-19 09:42:00+00:00,2026-08-15 10:56:29+00:00,true
ACCT-000557,CUST-000362,savings,GBP,463230.83,463926.94,active,2026-03-03 06:42:00+00:00,2026-08-24 03:06:55+00:00,false
ACCT-000558,CUST-000363,savings,BDT,0.0,9299.94,active,2025-11-16 09:06:00+00:00,2026-09-06 17:34:14+00:00,true
ACCT-000559,CUST-000363,savings,BDT,5705.73,47994.99,active,2025-11-27 19:06:00+00:00,2026-09-30 09:53:02+00:00,false
ACCT-000560,CUST-000364,checking,BDT,0.0,23850.48,active,2026-01-07 13:09:00+00:00,2026-09-14 16:41:39+00:00,true
ACCT-000561,CUST-000365,savings,BDT,236561.11,3782.23,active,2026-03-23 08:27:00+00:00,2026-09-28 22:06:25+00:00,true
ACCT-000562,CUST-000365,checking,BDT,68844.6,31910.72,active,2026-03-09 18:27:00+00:00,2026-09-16 14:38:03+00:00,false
ACCT-000563,CUST-000366,checking,BDT,2106.43,6225.45,active,2026-01-08 05:59:00+00:00,2026-09-14 19:07:53+00:00,true
ACCT-000564,CUST-000366,savings,BDT,15931.7,33468.1,active,2025-12-31 06:59:00+00:00,2026-09-18 00:52:33+00:00,false
ACCT-000565,CUST-000367,savings,BDT,0.0,5623.23,active,2026-07-28 05:01:00+00:00,2026-09-26 15:17:01+00:00,true
ACCT-000566,CUST-000368,savings,BDT,0.0,14083.49,active,2025-12-08 20:56:00+00:00,2026-09-25 13:02:42+00:00,true
ACCT-000567,CUST-000369,checking,BDT,0.0,5762.89,active,2026-07-25 22:59:00+00:00,2026-09-29 12:23:10+00:00,true
ACCT-000568,CUST-000370,wallet,BDT,174099.29,970.32,active,2026-02-10 06:45:00+00:00,2026-09-21 22:47:04+00:00,true
ACCT-000569,CUST-000371,checking,BDT,71930.49,65697.45,active,2026-05-28 18:27:00+00:00,2026-09-25 19:47:11+00:00,true
ACCT-000570,CUST-000371,savings,BDT,4723.23,17989.82,active,2026-06-12 14:27:00+00:00,2026-09-17 03:49:08+00:00,false
ACCT-000571,CUST-000372,wallet,BDT,0.0,3353.38,active,2026-03-13 12:07:00+00:00,2026-04-08 21:20:30+00:00,true
ACCT-000572,CUST-000373,savings,BDT,485536.47,487268.19,active,2025-12-19 12:15:00+00:00,2026-06-03 22:45:19+00:00,true
ACCT-000573,CUST-000373,wallet,BDT,132120.46,132841.48,active,2025-12-10 22:15:00+00:00,2026-09-02 04:18:23+00:00,false
ACCT-000574,CUST-000373,savings,BDT,401635.34,449396.49,active,2025-12-21 16:15:00+00:00,2026-05-27 04:09:00+00:00,false
ACCT-000575,CUST-000374,checking,BDT,0.0,8744.34,active,2026-03-13 06:34:00+00:00,2026-07-30 13:25:09+00:00,true
ACCT-000576,CUST-000374,checking,BDT,0.0,9088.77,active,2026-03-22 14:34:00+00:00,2026-09-04 21:31:03+00:00,false
ACCT-000577,CUST-000375,savings,BDT,192575.57,32795.29,active,2026-07-21 04:03:00+00:00,2026-09-29 23:47:33+00:00,true
ACCT-000578,CUST-000376,savings,BDT,0.0,6728.58,active,2026-05-04 08:30:00+00:00,2026-09-04 11:12:25+00:00,true
ACCT-000579,CUST-000377,savings,BDT,0.0,15130.03,active,2026-06-23 15:46:00+00:00,2026-09-28 16:06:13+00:00,true
ACCT-000580,CUST-000378,savings,BDT,642677.2,696698.22,dormant,2026-06-30 18:16:00+00:00,2026-09-27 01:34:13+00:00,true
ACCT-000581,CUST-000379,savings,BDT,0.0,1759.95,active,2025-12-01 11:20:00+00:00,2026-09-08 09:09:57+00:00,true
ACCT-000582,CUST-000380,savings,BDT,0.0,89634.44,active,2026-02-27 08:37:00+00:00,2026-09-14 04:24:14+00:00,true
ACCT-000583,CUST-000381,savings,BDT,138175.75,243249.76,active,2025-10-27 10:54:00+00:00,2026-09-07 08:53:02+00:00,true
ACCT-000584,CUST-000382,fixed_deposit,BDT,8076621.39,5104381.07,active,2026-02-25 07:08:00+00:00,2026-09-18 09:48:04+00:00,true
ACCT-000585,CUST-000382,savings,BDT,3927334.69,1374810.95,active,2026-03-02 06:08:00+00:00,2026-09-27 17:44:51+00:00,false
ACCT-000586,CUST-000383,savings,AED,15321.73,16091.07,active,2025-11-26 19:12:00+00:00,2026-09-12 00:21:42+00:00,true
ACCT-000587,CUST-000384,checking,INR,3040.47,15853.2,active,2026-05-26 01:38:00+00:00,2026-09-12 22:40:01+00:00,true
ACCT-000588,CUST-000384,savings,INR,15695.89,21602.93,active,2026-05-25 19:38:00+00:00,2026-09-17 04:22:28+00:00,false
ACCT-000589,CUST-000384,savings,INR,3733.36,19959.84,active,2026-06-01 17:38:00+00:00,2026-09-23 13:06:30+00:00,false
ACCT-000590,CUST-000385,savings,BDT,0.0,6770.71,active,2026-06-11 16:29:00+00:00,2026-09-28 03:58:46+00:00,true
ACCT-000591,CUST-000386,savings,BDT,433806.54,309699.05,active,2026-01-11 05:04:00+00:00,2026-09-14 22:04:25+00:00,true
ACCT-000592,CUST-000386,checking,BDT,859472.57,471824.36,active,2026-01-17 04:04:00+00:00,2026-09-15 10:13:09+00:00,false
ACCT-000593,CUST-000387,fixed_deposit,GBP,183213.64,183888.71,dormant,2025-10-31 17:28:00+00:00,2026-09-29 18:36:11+00:00,true
ACCT-000594,CUST-000388,savings,BDT,0.0,7957.89,active,2025-12-09 13:17:00+00:00,2026-09-22 05:15:05+00:00,true
ACCT-000595,CUST-000388,savings,BDT,0.0,23126.8,active,2025-12-07 17:17:00+00:00,2026-06-28 07:56:31+00:00,false
ACCT-000596,CUST-000389,fixed_deposit,BDT,14140.23,32024.02,active,2026-03-16 12:26:00+00:00,2026-09-26 11:52:27+00:00,true
ACCT-000597,CUST-000390,wallet,BDT,0.0,249267.86,active,2026-03-14 19:27:00+00:00,2026-09-29 11:29:13+00:00,true
ACCT-000598,CUST-000391,checking,BDT,0.0,16386.36,active,2025-10-21 20:33:00+00:00,2026-08-28 13:14:45+00:00,true
ACCT-000599,CUST-000392,checking,BDT,0.0,7737.29,active,2026-07-15 06:00:00+00:00,2026-09-30 14:57:33+00:00,true
ACCT-000600,CUST-000393,savings,BDT,0.0,21559.81,active,2025-10-22 10:31:00+00:00,2026-09-23 16:49:08+00:00,true
ACCT-000601,CUST-000394,savings,BDT,420948.39,430245.35,frozen,2026-04-25 10:28:00+00:00,2026-08-12 14:23:43+00:00,true
ACCT-000602,CUST-000394,wallet,BDT,6921.38,12734.14,active,2026-05-02 22:28:00+00:00,2026-09-27 12:05:09+00:00,false
ACCT-000603,CUST-000394,checking,BDT,17756.45,108957.03,active,2026-04-13 10:28:00+00:00,2026-09-25 06:44:33+00:00,false
ACCT-000604,CUST-000395,savings,BDT,13984.48,20447.76,active,2026-03-02 16:22:00+00:00,2026-08-19 05:33:36+00:00,true
ACCT-000605,CUST-000396,savings,BDT,34976.73,84126.49,active,2026-03-30 18:33:00+00:00,2026-09-09 02:32:53+00:00,true
ACCT-000606,CUST-000397,checking,BDT,6908.15,9218.37,active,2026-05-29 01:13:00+00:00,2026-09-09 09:11:53+00:00,true
ACCT-000607,CUST-000397,savings,BDT,21529.02,22142.71,active,2026-06-08 09:13:00+00:00,2026-07-17 18:28:24+00:00,false
ACCT-000608,CUST-000398,savings,BDT,271079.66,319368.34,dormant,2026-05-03 14:31:00+00:00,2026-09-28 14:46:03+00:00,true
ACCT-000609,CUST-000399,checking,BDT,22583.02,50020.88,dormant,2026-02-17 22:03:00+00:00,2026-08-28 13:01:12+00:00,true
ACCT-000610,CUST-000400,checking,BDT,0.0,13464.27,active,2026-02-09 20:02:00+00:00,2026-09-19 22:26:06+00:00,true
ACCT-000611,CUST-000401,wallet,AED,5575.38,9617.95,active,2026-01-25 03:15:00+00:00,2026-09-24 17:16:58+00:00,true
ACCT-000612,CUST-000402,wallet,BDT,0.0,2872.9,active,2026-08-01 13:31:00+00:00,2026-09-04 10:59:57+00:00,true
ACCT-000613,CUST-000402,savings,BDT,0.0,10721.68,active,2026-07-26 11:31:00+00:00,2026-09-26 05:22:17+00:00,false
ACCT-000614,CUST-000403,checking,BDT,164834.56,179541.15,active,2026-07-02 14:17:00+00:00,2026-09-18 05:47:06+00:00,true
ACCT-000615,CUST-000404,savings,BDT,208328.62,10064.24,dormant,2026-03-26 21:09:00+00:00,2026-09-27 12:55:52+00:00,true
ACCT-000616,CUST-000405,savings,GBP,41448.0,41481.59,active,2026-03-15 12:18:00+00:00,2026-08-26 18:03:09+00:00,true
ACCT-000617,CUST-000405,wallet,GBP,6621.28,6713.71,active,2026-03-21 07:18:00+00:00,2026-09-03 11:58:40+00:00,false
ACCT-000618,CUST-000405,checking,GBP,16059.92,15025.23,active,2026-03-25 23:18:00+00:00,2026-09-05 09:42:00+00:00,false
ACCT-000619,CUST-000406,checking,BDT,0.0,28170.86,active,2025-12-28 17:05:00+00:00,2026-09-08 00:32:38+00:00,true
ACCT-000620,CUST-000407,savings,USD,16449.63,15948.04,active,2026-07-11 02:16:00+00:00,2026-09-30 14:00:30+00:00,true
ACCT-000621,CUST-000408,wallet,BDT,0.0,5229.73,active,2026-06-29 19:22:00+00:00,2026-09-26 20:27:33+00:00,true
ACCT-000622,CUST-000409,savings,BDT,0.0,27615.64,active,2026-05-07 08:42:00+00:00,2026-09-22 12:12:13+00:00,true
ACCT-000623,CUST-000410,savings,BDT,9766.61,20297.77,active,2026-05-10 20:39:00+00:00,2026-09-06 17:04:27+00:00,true
ACCT-000624,CUST-000410,savings,BDT,0.0,9045.64,dormant,2026-05-03 16:39:00+00:00,2026-09-04 22:26:06+00:00,false
ACCT-000625,CUST-000410,savings,BDT,79796.43,84603.47,active,2026-05-13 11:39:00+00:00,2026-08-27 20:24:41+00:00,false
ACCT-000626,CUST-000411,savings,BDT,329190.58,7284.54,dormant,2026-02-16 05:12:00+00:00,2026-09-30 21:41:19+00:00,true
ACCT-000627,CUST-000412,wallet,BDT,0.0,5952.61,active,2025-11-14 07:56:00+00:00,2026-09-19 02:23:05+00:00,true
ACCT-000628,CUST-000413,savings,GBP,12219.22,12300.45,active,2025-12-20 00:02:00+00:00,2026-08-31 04:26:22+00:00,true
ACCT-000629,CUST-000413,checking,GBP,21261.64,21480.5,active,2025-12-19 17:02:00+00:00,2026-09-19 14:57:47+00:00,false
ACCT-000630,CUST-000413,fixed_deposit,GBP,50439.98,49997.0,active,2025-12-07 07:02:00+00:00,2026-09-18 09:53:57+00:00,false
ACCT-000631,CUST-000414,savings,BDT,0.0,2022.44,active,2026-03-03 19:45:00+00:00,2026-09-27 20:06:17+00:00,true
ACCT-000632,CUST-000415,savings,BDT,0.0,1971.08,active,2026-05-12 16:07:00+00:00,2026-09-20 15:51:24+00:00,true
ACCT-000633,CUST-000416,wallet,BDT,0.0,36513.32,active,2025-11-29 01:49:00+00:00,2026-09-21 20:24:00+00:00,true
ACCT-000634,CUST-000416,checking,BDT,1616418.41,1299812.97,active,2025-11-30 09:49:00+00:00,2026-08-30 21:17:06+00:00,false
ACCT-000635,CUST-000417,wallet,BDT,0.0,3561.74,active,2026-07-02 22:18:00+00:00,2026-09-22 15:43:24+00:00,true
ACCT-000636,CUST-000417,savings,BDT,0.0,3325.22,active,2026-07-07 20:18:00+00:00,2026-09-26 06:28:19+00:00,false
ACCT-000637,CUST-000418,wallet,BDT,0.0,1430.68,active,2025-10-18 16:58:00+00:00,2026-09-23 07:16:43+00:00,true
ACCT-000638,CUST-000419,savings,BDT,0.0,2344.61,active,2026-03-01 16:50:00+00:00,2026-09-02 01:33:23+00:00,true
ACCT-000639,CUST-000419,fixed_deposit,BDT,50292.39,74869.73,active,2026-02-26 23:50:00+00:00,2026-09-16 14:19:19+00:00,false
ACCT-000640,CUST-000420,savings,USD,36384.12,36549.48,active,2026-01-09 23:22:00+00:00,2026-08-27 07:54:03+00:00,true
ACCT-000641,CUST-000421,savings,BDT,12704.09,327049.75,active,2026-04-03 04:19:00+00:00,2026-09-26 23:43:27+00:00,true
ACCT-000642,CUST-000422,checking,GBP,5548.85,5686.47,active,2026-06-09 03:25:00+00:00,2026-09-06 12:45:50+00:00,true
ACCT-000643,CUST-000422,savings,GBP,26154.69,26199.76,active,2026-06-04 06:25:00+00:00,2026-08-09 15:15:56+00:00,false
ACCT-000644,CUST-000422,wallet,GBP,10934.96,10631.82,active,2026-06-20 07:25:00+00:00,2026-09-13 13:26:11+00:00,false
ACCT-000645,CUST-000423,savings,SGD,5807.22,5975.82,active,2026-06-30 02:59:00+00:00,2026-08-30 14:46:14+00:00,true
ACCT-000646,CUST-000423,fixed_deposit,SGD,372193.97,372249.67,active,2026-06-20 06:59:00+00:00,2026-09-19 11:37:10+00:00,false
ACCT-000647,CUST-000424,savings,BDT,0.0,81405.5,active,2026-04-27 15:18:00+00:00,2026-09-23 02:35:02+00:00,true
ACCT-000648,CUST-000424,checking,BDT,0.0,82817.07,active,2026-04-27 16:18:00+00:00,2026-09-20 02:44:08+00:00,false
ACCT-000649,CUST-000425,savings,GBP,1686.95,2022.52,active,2026-01-20 13:48:00+00:00,2026-09-20 06:13:49+00:00,true
ACCT-000650,CUST-000426,savings,BDT,13450.0,25858.9,active,2026-06-03 19:46:00+00:00,2026-06-12 21:04:47+00:00,true
ACCT-000651,CUST-000427,savings,USD,21729.03,21922.81,active,2026-02-04 07:15:00+00:00,2026-09-28 06:19:22+00:00,true
ACCT-000652,CUST-000428,savings,BDT,0.0,11275.73,active,2026-04-04 18:06:00+00:00,2026-09-25 04:01:21+00:00,true
ACCT-000653,CUST-000429,checking,AED,60011.8,61083.58,active,2025-10-23 17:42:00+00:00,2026-09-16 14:44:33+00:00,true
ACCT-000654,CUST-000430,checking,BDT,0.0,14109.72,active,2026-03-04 00:34:00+00:00,2026-09-13 18:56:50+00:00,true
ACCT-000655,CUST-000431,wallet,BDT,0.0,3055.11,active,2026-05-17 12:31:00+00:00,2026-09-27 17:58:10+00:00,true
ACCT-000656,CUST-000432,checking,BDT,0.0,122366.72,active,2026-02-02 18:34:00+00:00,2026-09-13 00:11:43+00:00,true
ACCT-000657,CUST-000432,merchant_settlement,BDT,299636.51,508503.25,active,2026-01-25 12:34:00+00:00,2026-09-16 01:20:36+00:00,false
ACCT-000658,CUST-000433,savings,BDT,145359.6,198041.3,closed,2025-12-01 10:31:00+00:00,2026-07-23 11:35:40+00:00,true
ACCT-000659,CUST-000433,savings,BDT,66091.0,243039.53,active,2025-12-09 15:31:00+00:00,2026-09-21 06:51:34+00:00,false
ACCT-000660,CUST-000434,savings,BDT,0.0,10343.13,active,2026-02-09 18:54:00+00:00,2026-09-28 07:36:39+00:00,true
ACCT-000661,CUST-000434,wallet,BDT,0.0,6801.7,active,2026-01-29 02:54:00+00:00,2026-06-13 03:33:44+00:00,false
ACCT-000662,CUST-000435,checking,AED,32752.26,33177.92,active,2026-06-13 16:13:00+00:00,2026-09-19 02:51:24+00:00,true
ACCT-000663,CUST-000435,savings,AED,40688.25,43880.26,active,2026-06-15 11:13:00+00:00,2026-09-30 07:01:10+00:00,false
ACCT-000664,CUST-000436,savings,BDT,9078.44,9817.64,active,2025-10-16 06:42:00+00:00,2026-09-09 06:16:35+00:00,true
ACCT-000665,CUST-000437,savings,BDT,0.0,4993.27,active,2026-01-27 06:23:00+00:00,2026-09-01 10:50:05+00:00,true
ACCT-000666,CUST-000438,wallet,SGD,497.17,1036.88,active,2026-01-19 02:05:00+00:00,2026-09-25 23:37:25+00:00,true
ACCT-000667,CUST-000438,checking,SGD,4719.38,5479.37,active,2026-01-18 11:05:00+00:00,2026-08-19 04:58:38+00:00,false
ACCT-000668,CUST-000439,wallet,BDT,18.46,2214.13,active,2026-02-26 14:02:00+00:00,2026-06-04 04:18:02+00:00,true
ACCT-000669,CUST-000440,checking,BDT,1043302.06,1105531.09,active,2026-03-08 09:59:00+00:00,2026-09-30 09:56:32+00:00,true
ACCT-000670,CUST-000441,wallet,BDT,0.0,7376.73,active,2025-11-16 20:46:00+00:00,2026-09-14 02:30:04+00:00,true
ACCT-000671,CUST-000442,savings,BDT,26437.73,34056.08,active,2026-04-07 23:38:00+00:00,2026-05-29 08:18:47+00:00,true
ACCT-000672,CUST-000443,checking,BDT,0.0,14989.87,dormant,2025-10-29 01:10:00+00:00,2026-08-28 02:52:53+00:00,true
ACCT-000673,CUST-000443,wallet,BDT,0.0,975.13,active,2025-10-17 20:10:00+00:00,2026-09-11 01:52:09+00:00,false
ACCT-000674,CUST-000444,savings,BDT,0.0,3633.57,active,2026-05-31 21:04:00+00:00,2026-09-27 00:45:25+00:00,true
ACCT-000675,CUST-000445,savings,BDT,0.0,3036.74,active,2026-07-21 14:02:00+00:00,2026-09-28 19:14:08+00:00,true
ACCT-000676,CUST-000446,savings,BDT,384323.28,665725.65,active,2026-08-04 08:58:00+00:00,2026-09-27 02:44:07+00:00,true
ACCT-000677,CUST-000447,savings,BDT,0.0,28233.8,active,2026-07-19 06:53:00+00:00,2026-09-30 06:58:56+00:00,true
ACCT-000678,CUST-000448,savings,BDT,10286.63,22301.99,active,2026-01-11 18:06:00+00:00,2026-09-22 18:57:49+00:00,true
ACCT-000679,CUST-000449,wallet,BDT,47232.47,71601.32,active,2025-11-25 06:56:00+00:00,2026-09-02 04:56:56+00:00,true
ACCT-000680,CUST-000450,savings,BDT,1404270.53,1493449.84,dormant,2025-12-31 00:02:00+00:00,2026-09-24 02:49:57+00:00,true
ACCT-000681,CUST-000451,savings,BDT,31681.99,48033.69,active,2026-08-15 09:34:00+00:00,2026-09-26 22:47:21+00:00,true
ACCT-000682,CUST-000451,wallet,BDT,106.99,7631.41,dormant,2026-07-27 16:34:00+00:00,2026-09-12 17:37:19+00:00,false
ACCT-000683,CUST-000451,savings,BDT,0.0,7581.11,active,2026-08-04 20:34:00+00:00,2026-09-21 11:29:31+00:00,false
ACCT-000684,CUST-000452,savings,MYR,53231.87,55634.11,active,2026-06-16 03:41:00+00:00,2026-09-28 16:43:08+00:00,true
ACCT-000685,CUST-000453,checking,BDT,0.0,29243.92,active,2026-08-05 10:15:00+00:00,2026-09-29 04:43:36+00:00,true
ACCT-000686,CUST-000454,savings,BDT,0.0,3685.54,active,2026-04-14 07:16:00+00:00,2026-09-13 03:46:41+00:00,true
ACCT-000687,CUST-000455,savings,USD,7630.98,7821.87,active,2026-07-07 02:54:00+00:00,2026-09-26 01:23:10+00:00,true
ACCT-000688,CUST-000456,checking,BDT,1907402.57,2048641.42,dormant,2026-01-16 18:20:00+00:00,2026-09-28 12:39:08+00:00,true
ACCT-000689,CUST-000457,wallet,SGD,636.92,1088.24,active,2026-04-28 17:38:00+00:00,2026-09-23 06:15:34+00:00,true
ACCT-000690,CUST-000458,savings,AED,52118.22,57902.55,active,2026-01-04 14:15:00+00:00,2026-09-30 02:41:00+00:00,true
ACCT-000691,CUST-000458,savings,AED,344192.67,349234.76,active,2026-01-08 12:15:00+00:00,2026-09-21 02:25:07+00:00,false
ACCT-000692,CUST-000458,savings,AED,1018610.6,1021464.97,active,2026-01-12 08:15:00+00:00,2026-09-20 01:34:58+00:00,false
ACCT-000693,CUST-000459,savings,BDT,0.0,10061.53,active,2025-10-18 03:40:00+00:00,2026-08-25 19:16:36+00:00,true
ACCT-000694,CUST-000459,wallet,BDT,67393.94,2551.59,active,2025-10-16 14:40:00+00:00,2026-08-01 13:54:17+00:00,false
ACCT-000695,CUST-000459,wallet,BDT,0.0,14364.8,active,2025-10-16 21:40:00+00:00,2026-06-23 07:41:20+00:00,false
ACCT-000696,CUST-000460,checking,SGD,107903.07,111093.91,active,2026-04-02 00:45:00+00:00,2026-09-25 23:47:20+00:00,true
ACCT-000697,CUST-000461,wallet,BDT,0.0,2209.78,active,2026-05-07 11:17:00+00:00,2026-09-21 00:38:14+00:00,true
ACCT-000698,CUST-000462,checking,MYR,7810.34,9261.54,active,2025-11-18 15:30:00+00:00,2026-09-23 10:29:26+00:00,true
ACCT-000699,CUST-000463,savings,BDT,72411.88,12264.38,active,2026-07-21 18:38:00+00:00,2026-09-30 11:08:52+00:00,true
ACCT-000700,CUST-000464,wallet,BDT,0.0,1312.67,active,2026-07-29 09:32:00+00:00,2026-09-13 15:27:35+00:00,true
ACCT-000701,CUST-000465,checking,BDT,0.0,13085.79,active,2026-08-03 05:02:00+00:00,2026-09-25 10:19:36+00:00,true
ACCT-000702,CUST-000465,savings,BDT,0.0,16770.99,active,2026-07-20 07:02:00+00:00,2026-09-29 09:22:19+00:00,false
ACCT-000703,CUST-000466,checking,AED,1361799.57,1306235.9,active,2026-03-22 05:59:00+00:00,2026-09-29 12:46:21+00:00,true
ACCT-000704,CUST-000466,merchant_settlement,AED,1730628.79,1741210.43,active,2026-03-20 18:59:00+00:00,2026-09-27 03:24:08+00:00,false
ACCT-000705,CUST-000467,checking,BDT,60657.98,87751.71,active,2026-01-22 10:30:00+00:00,2026-09-25 01:07:33+00:00,true
ACCT-000706,CUST-000468,savings,BDT,0.0,6988.94,active,2025-11-04 21:21:00+00:00,2026-08-26 03:49:56+00:00,true
ACCT-000707,CUST-000469,wallet,BDT,0.0,3377.64,active,2026-07-06 03:24:00+00:00,2026-09-15 08:54:19+00:00,true
ACCT-000708,CUST-000470,savings,BDT,0.0,7871.77,active,2025-11-21 01:16:00+00:00,2026-09-27 13:05:50+00:00,true
ACCT-000709,CUST-000471,checking,MYR,16676.85,17472.11,active,2026-01-23 11:46:00+00:00,2026-09-30 07:37:04+00:00,true
ACCT-000710,CUST-000472,checking,BDT,481842.54,553875.55,active,2025-12-13 08:02:00+00:00,2026-09-09 10:15:58+00:00,true
ACCT-000711,CUST-000473,wallet,BDT,0.0,4725.18,active,2026-04-18 17:16:00+00:00,2026-09-28 07:28:35+00:00,true
ACCT-000712,CUST-000474,wallet,BDT,0.0,154.74,active,2026-04-27 01:16:00+00:00,2026-09-27 14:43:06+00:00,true
ACCT-000713,CUST-000475,savings,BDT,0.0,15187.3,active,2025-10-30 21:36:00+00:00,2026-09-08 08:22:18+00:00,true
ACCT-000714,CUST-000476,wallet,BDT,2264680.55,68549.5,active,2026-06-21 04:18:00+00:00,2026-09-28 21:58:26+00:00,true
ACCT-000715,CUST-000476,wallet,BDT,2380054.38,226630.71,active,2026-06-21 20:18:00+00:00,2026-09-27 22:24:17+00:00,false
ACCT-000716,CUST-000476,savings,BDT,276935.06,355840.54,active,2026-06-17 11:18:00+00:00,2026-09-27 19:27:06+00:00,false
ACCT-000717,CUST-000477,wallet,SGD,7270.82,7653.57,active,2025-10-25 13:40:00+00:00,2026-09-30 07:09:06+00:00,true
ACCT-000718,CUST-000478,savings,BDT,6935.92,25188.98,active,2026-05-22 00:25:00+00:00,2026-09-18 10:56:14+00:00,true
ACCT-000719,CUST-000478,checking,BDT,0.0,24846.02,active,2026-05-14 14:25:00+00:00,2026-07-31 14:45:47+00:00,false
ACCT-000720,CUST-000479,wallet,BDT,807.77,1948.93,active,2026-08-16 06:34:00+00:00,2026-09-28 12:55:41+00:00,true
ACCT-000721,CUST-000480,wallet,BDT,0.0,685.8,active,2026-03-26 07:12:00+00:00,2026-07-18 00:41:35+00:00,true
ACCT-000722,CUST-000480,savings,BDT,0.0,28093.52,dormant,2026-03-30 19:12:00+00:00,2026-09-11 15:41:36+00:00,false
ACCT-000723,CUST-000481,checking,BDT,0.0,9654.17,active,2026-07-06 01:15:00+00:00,2026-09-25 13:14:44+00:00,true
ACCT-000724,CUST-000482,wallet,BDT,0.0,3955.98,active,2026-05-27 00:59:00+00:00,2026-09-26 17:10:57+00:00,true
ACCT-000725,CUST-000483,checking,BDT,0.0,11641.0,active,2025-12-31 07:32:00+00:00,2026-09-18 00:13:09+00:00,true
ACCT-000726,CUST-000484,savings,BDT,0.0,19985.43,active,2026-05-12 15:58:00+00:00,2026-09-28 22:02:58+00:00,true
ACCT-000727,CUST-000485,wallet,BDT,178235.15,5078.74,active,2026-01-29 21:43:00+00:00,2026-09-07 19:29:53+00:00,true
ACCT-000728,CUST-000486,savings,INR,10693.74,15752.91,active,2026-03-29 21:31:00+00:00,2026-09-15 11:25:18+00:00,true
ACCT-000729,CUST-000487,checking,BDT,715.7,5658.13,active,2025-10-13 17:34:00+00:00,2026-07-02 21:41:55+00:00,true
ACCT-000730,CUST-000487,wallet,BDT,0.0,7629.24,active,2025-10-28 10:34:00+00:00,2026-09-11 13:35:35+00:00,false
ACCT-000731,CUST-000487,wallet,BDT,0.0,5326.9,active,2025-10-26 20:34:00+00:00,2026-09-28 04:25:16+00:00,false
ACCT-000732,CUST-000488,checking,BDT,297960.8,51405.84,active,2025-12-10 20:14:00+00:00,2026-09-29 14:10:41+00:00,true
ACCT-000733,CUST-000489,checking,SGD,10430.0,10672.53,active,2026-05-30 11:06:00+00:00,2026-09-22 11:48:53+00:00,true
ACCT-000734,CUST-000490,wallet,BDT,53563.59,26257.64,active,2026-05-05 12:44:00+00:00,2026-09-28 14:02:06+00:00,true
ACCT-000735,CUST-000490,wallet,BDT,87874.77,124708.25,active,2026-05-16 23:44:00+00:00,2026-09-17 18:44:40+00:00,false
ACCT-000736,CUST-000491,savings,MYR,8704.85,10060.21,active,2026-04-06 22:56:00+00:00,2026-09-20 16:38:42+00:00,true
ACCT-000737,CUST-000491,checking,MYR,7189.76,7217.15,active,2026-03-29 00:56:00+00:00,2026-09-09 19:59:52+00:00,false
ACCT-000738,CUST-000492,savings,BDT,0.0,6092.65,active,2025-10-23 08:37:00+00:00,2026-06-26 10:10:13+00:00,true
ACCT-000739,CUST-000493,checking,BDT,0.0,12233.57,frozen,2026-04-30 15:29:00+00:00,2026-09-26 08:02:06+00:00,true
ACCT-000740,CUST-000494,checking,BDT,68494.29,77179.12,active,2026-07-27 18:01:00+00:00,2026-09-22 12:21:33+00:00,true
ACCT-000741,CUST-000495,checking,BDT,8512.82,12185.0,active,2025-11-07 00:49:00+00:00,2026-08-28 10:24:06+00:00,true
ACCT-000742,CUST-000496,checking,BDT,0.0,67246.92,frozen,2025-10-14 01:40:00+00:00,2026-09-08 01:07:27+00:00,true
ACCT-000743,CUST-000497,checking,INR,32833.99,66330.64,active,2026-03-12 08:23:00+00:00,2026-09-29 11:32:15+00:00,true
ACCT-000744,CUST-000498,checking,BDT,6388.97,23522.82,active,2026-02-18 08:55:00+00:00,2026-09-29 03:46:45+00:00,true
ACCT-000745,CUST-000499,checking,BDT,140448.18,180662.0,active,2026-04-20 10:24:00+00:00,2026-09-22 17:42:00+00:00,true
ACCT-000746,CUST-000499,wallet,BDT,30768.92,59798.45,active,2026-04-21 00:24:00+00:00,2026-09-25 04:56:54+00:00,false
ACCT-000747,CUST-000499,checking,BDT,146782.87,198664.1,active,2026-04-19 08:24:00+00:00,2026-09-18 02:23:38+00:00,false
ACCT-000748,CUST-000500,savings,BDT,0.0,3326.14,active,2026-04-05 11:43:00+00:00,2026-09-11 19:04:57+00:00,true
ACCT-000749,CUST-000501,savings,BDT,21873.78,69797.24,active,2026-08-03 17:47:00+00:00,2026-09-24 06:12:44+00:00,true
ACCT-000750,CUST-000502,checking,BDT,0.0,9862.63,active,2026-04-20 20:33:00+00:00,2026-09-28 20:51:34+00:00,true
ACCT-000751,CUST-000503,checking,BDT,0.0,6390.38,dormant,2026-07-20 04:14:00+00:00,2026-09-29 06:28:16+00:00,true
ACCT-000752,CUST-000504,wallet,BDT,10606.44,11460.31,active,2026-04-02 22:04:00+00:00,2026-07-04 12:14:36+00:00,true
ACCT-000753,CUST-000505,wallet,USD,6298.73,6549.09,active,2026-05-14 20:06:00+00:00,2026-09-20 17:22:24+00:00,true
ACCT-000754,CUST-000506,wallet,BDT,0.0,25050.91,active,2026-02-03 11:21:00+00:00,2026-09-20 15:44:51+00:00,true
ACCT-000755,CUST-000506,savings,BDT,0.0,10615.93,active,2026-02-02 11:21:00+00:00,2026-09-25 00:04:54+00:00,false
ACCT-000756,CUST-000507,checking,BDT,15377.08,19742.63,active,2026-01-29 05:52:00+00:00,2026-08-03 19:46:41+00:00,true
ACCT-000757,CUST-000507,savings,BDT,11258.97,9200.21,active,2026-01-10 23:52:00+00:00,2026-07-30 03:49:05+00:00,false
ACCT-000758,CUST-000507,checking,BDT,31421.98,48266.85,active,2026-01-17 05:52:00+00:00,2026-09-13 14:42:43+00:00,false
ACCT-000759,CUST-000508,checking,BDT,10247.75,42019.78,active,2026-06-22 05:43:00+00:00,2026-09-21 18:28:13+00:00,true
ACCT-000760,CUST-000509,savings,MYR,3840.62,7196.97,active,2026-04-08 23:21:00+00:00,2026-09-23 23:38:00+00:00,true
ACCT-000761,CUST-000510,checking,BDT,0.0,14979.52,active,2025-11-03 21:17:00+00:00,2026-08-17 10:16:04+00:00,true
ACCT-000762,CUST-000510,checking,BDT,0.0,14813.78,active,2025-10-20 12:17:00+00:00,2026-08-24 22:54:30+00:00,false
ACCT-000763,CUST-000511,savings,BDT,0.0,1636.55,closed,2026-08-01 12:34:00+00:00,2026-09-20 12:20:15+00:00,true
ACCT-000764,CUST-000512,savings,BDT,0.0,10488.22,active,2026-02-19 22:38:00+00:00,2026-09-27 21:47:40+00:00,true
ACCT-000765,CUST-000512,wallet,BDT,0.0,3598.51,active,2026-02-10 01:38:00+00:00,2026-09-01 11:29:58+00:00,false
ACCT-000766,CUST-000513,savings,BDT,0.0,14458.06,active,2026-02-24 09:37:00+00:00,2026-09-17 14:34:30+00:00,true
ACCT-000767,CUST-000514,savings,MYR,20048.71,20863.39,active,2026-08-02 12:47:00+00:00,2026-09-23 20:21:55+00:00,true
ACCT-000768,CUST-000514,savings,MYR,86946.49,88011.63,active,2026-07-31 06:47:00+00:00,2026-09-30 17:48:36+00:00,false
ACCT-000769,CUST-000515,wallet,USD,20147.04,20509.58,active,2026-01-10 16:17:00+00:00,2026-09-22 01:04:02+00:00,true
ACCT-000770,CUST-000516,savings,BDT,4177.82,44217.68,active,2025-12-18 06:02:00+00:00,2026-09-24 21:20:19+00:00,true
ACCT-000771,CUST-000517,checking,BDT,0.0,26823.1,active,2025-11-08 04:45:00+00:00,2026-09-03 22:33:41+00:00,true
ACCT-000772,CUST-000518,checking,BDT,0.0,12375.12,dormant,2025-11-02 17:31:00+00:00,2026-09-23 18:18:00+00:00,true
ACCT-000773,CUST-000519,checking,AED,7876.65,8619.77,active,2025-10-26 21:32:00+00:00,2026-09-01 20:43:34+00:00,true
ACCT-000774,CUST-000519,wallet,AED,261.73,558.49,active,2025-10-27 09:32:00+00:00,2026-08-13 23:23:40+00:00,false
ACCT-000775,CUST-000520,wallet,BDT,0.0,18746.5,active,2026-07-30 12:38:00+00:00,2026-09-24 02:19:37+00:00,true
ACCT-000776,CUST-000521,savings,INR,92835.26,132156.52,active,2025-12-01 14:36:00+00:00,2026-07-20 03:07:25+00:00,true
ACCT-000777,CUST-000522,wallet,BDT,0.0,7275.53,active,2026-05-30 07:08:00+00:00,2026-09-05 04:37:27+00:00,true
ACCT-000778,CUST-000522,savings,BDT,0.0,9617.77,frozen,2026-05-26 09:08:00+00:00,2026-09-26 00:33:36+00:00,false
ACCT-000779,CUST-000523,fixed_deposit,BDT,0.0,41024.53,active,2025-12-15 20:28:00+00:00,2026-09-29 13:21:17+00:00,true
ACCT-000780,CUST-000524,savings,BDT,0.0,13638.09,active,2025-11-21 13:02:00+00:00,2026-09-16 10:11:31+00:00,true
ACCT-000781,CUST-000525,savings,BDT,180.64,4848.49,active,2025-11-28 03:55:00+00:00,2026-05-23 17:16:51+00:00,true
ACCT-000782,CUST-000526,checking,BDT,0.0,12497.82,active,2026-05-21 06:52:00+00:00,2026-09-09 18:45:14+00:00,true
ACCT-000783,CUST-000527,wallet,USD,2817.74,2936.22,active,2025-10-27 23:17:00+00:00,2026-09-28 21:31:53+00:00,true
ACCT-000784,CUST-000528,savings,USD,53585.55,53716.69,active,2026-06-22 14:41:00+00:00,2026-09-28 05:35:08+00:00,true
ACCT-000785,CUST-000529,savings,BDT,0.0,93674.5,active,2026-05-30 09:03:00+00:00,2026-09-25 12:29:55+00:00,true
ACCT-000786,CUST-000530,wallet,GBP,4797.09,5003.21,active,2026-04-03 21:58:00+00:00,2026-09-05 11:06:34+00:00,true
ACCT-000787,CUST-000531,savings,BDT,34133.97,37278.1,active,2026-02-25 09:04:00+00:00,2026-08-16 20:01:32+00:00,true
ACCT-000788,CUST-000532,savings,BDT,128456.12,109109.04,active,2026-04-06 19:04:00+00:00,2026-09-23 15:35:36+00:00,true
ACCT-000789,CUST-000533,checking,BDT,19427.45,19427.45,active,2025-12-23 02:14:00+00:00,2025-12-23 02:14:00+00:00,true
ACCT-000790,CUST-000533,wallet,BDT,0.0,1142.92,active,2025-12-20 16:14:00+00:00,2026-08-26 07:34:23+00:00,false
ACCT-000791,CUST-000534,savings,BDT,0.0,34401.0,active,2026-07-18 15:43:00+00:00,2026-09-24 18:54:30+00:00,true
ACCT-000792,CUST-000535,checking,BDT,191626.91,281809.91,active,2025-12-19 01:07:00+00:00,2026-09-22 02:05:21+00:00,true
ACCT-000793,CUST-000535,checking,BDT,118870.43,138401.33,active,2025-12-18 11:07:00+00:00,2026-09-21 23:54:51+00:00,false
ACCT-000794,CUST-000536,fixed_deposit,BDT,106058.76,145053.68,frozen,2026-01-30 03:35:00+00:00,2026-09-20 21:22:13+00:00,true
ACCT-000795,CUST-000537,savings,BDT,0.0,7050.69,active,2026-07-21 06:27:00+00:00,2026-09-29 20:02:42+00:00,true
ACCT-000796,CUST-000538,savings,BDT,0.0,13620.8,frozen,2026-06-17 05:31:00+00:00,2026-09-18 07:16:00+00:00,true
ACCT-000797,CUST-000539,checking,BDT,0.0,10980.59,active,2025-11-09 11:03:00+00:00,2026-05-11 17:35:36+00:00,true
ACCT-000798,CUST-000540,wallet,BDT,0.0,6682.96,active,2026-05-28 03:04:00+00:00,2026-09-30 00:44:12+00:00,true
ACCT-000799,CUST-000541,wallet,BDT,2117587.17,124090.75,active,2025-11-13 17:37:00+00:00,2026-09-22 16:57:10+00:00,true
ACCT-000800,CUST-000541,savings,BDT,480089.52,443553.41,active,2025-11-10 08:37:00+00:00,2026-09-07 05:14:52+00:00,false
ACCT-000801,CUST-000541,savings,BDT,668682.35,171441.09,active,2025-11-11 15:37:00+00:00,2026-09-17 10:48:38+00:00,false
ACCT-000802,CUST-000542,wallet,BDT,0.0,1370.05,active,2025-11-27 11:09:00+00:00,2026-08-11 20:00:27+00:00,true
ACCT-000803,CUST-000543,checking,USD,6750.06,7193.44,active,2026-03-23 23:09:00+00:00,2026-09-28 15:15:53+00:00,true
ACCT-000804,CUST-000544,savings,BDT,0.0,7386.32,active,2025-10-17 14:17:00+00:00,2026-09-20 06:09:27+00:00,true
ACCT-000805,CUST-000544,savings,BDT,7894.71,15810.72,active,2025-10-18 05:17:00+00:00,2026-09-08 22:36:50+00:00,false
ACCT-000806,CUST-000545,savings,BDT,0.0,46115.81,active,2026-04-24 06:04:00+00:00,2026-09-07 03:09:09+00:00,true
ACCT-000807,CUST-000545,checking,BDT,0.0,12135.72,active,2026-04-28 16:04:00+00:00,2026-09-29 08:17:35+00:00,false
ACCT-000808,CUST-000546,savings,BDT,0.0,6599.62,active,2025-10-13 06:08:00+00:00,2026-09-18 10:29:40+00:00,true
ACCT-000809,CUST-000547,savings,AED,28020.03,28475.42,active,2025-11-16 17:57:00+00:00,2026-09-14 08:35:17+00:00,true
ACCT-000810,CUST-000548,savings,BDT,171701.51,257410.65,active,2025-12-15 10:42:00+00:00,2026-09-29 22:45:32+00:00,true
ACCT-000811,CUST-000549,savings,BDT,0.0,25430.21,active,2026-04-27 15:06:00+00:00,2026-08-31 19:15:20+00:00,true
ACCT-000812,CUST-000549,savings,BDT,12355.31,31986.3,active,2026-04-22 07:06:00+00:00,2026-07-09 11:27:34+00:00,false
ACCT-000813,CUST-000550,savings,BDT,0.0,6880.31,active,2026-01-27 12:28:00+00:00,2026-08-26 09:19:00+00:00,true
ACCT-000814,CUST-000551,checking,BDT,19097.43,155548.03,frozen,2026-03-01 06:18:00+00:00,2026-08-13 20:00:07+00:00,true
ACCT-000815,CUST-000552,fixed_deposit,GBP,712837.43,715594.25,active,2026-05-23 14:03:00+00:00,2026-09-22 17:49:30+00:00,true
ACCT-000816,CUST-000553,checking,BDT,252318.55,14145.21,active,2026-04-03 17:43:00+00:00,2026-09-21 01:59:17+00:00,true
ACCT-000817,CUST-000554,savings,BDT,1088732.57,1151269.88,active,2026-04-20 19:42:00+00:00,2026-09-28 06:12:48+00:00,true
ACCT-000818,CUST-000555,savings,BDT,7623.63,14230.31,active,2025-10-21 22:06:00+00:00,2026-07-30 18:45:38+00:00,true
ACCT-000819,CUST-000556,checking,BDT,13432.78,31769.82,active,2025-10-26 17:31:00+00:00,2026-09-11 09:21:46+00:00,true
ACCT-000820,CUST-000557,checking,BDT,231437.65,118951.95,active,2026-05-06 22:07:00+00:00,2026-09-27 01:21:59+00:00,true
ACCT-000821,CUST-000558,checking,SGD,22416.66,23995.42,active,2025-12-07 14:13:00+00:00,2026-09-25 13:33:00+00:00,true
ACCT-000822,CUST-000559,savings,BDT,29057.84,31765.24,active,2026-07-09 10:47:00+00:00,2026-09-22 16:01:32+00:00,true
ACCT-000823,CUST-000559,checking,BDT,0.0,2368.75,active,2026-06-29 05:47:00+00:00,2026-09-09 07:14:40+00:00,false
ACCT-000824,CUST-000560,checking,BDT,0.0,5866.14,active,2026-03-30 06:01:00+00:00,2026-09-23 00:03:33+00:00,true
ACCT-000825,CUST-000561,savings,BDT,0.0,29041.83,active,2025-12-13 16:40:00+00:00,2026-08-28 07:11:28+00:00,true
ACCT-000826,CUST-000561,savings,BDT,0.0,6961.99,active,2025-12-26 23:40:00+00:00,2026-05-24 13:09:27+00:00,false
ACCT-000827,CUST-000562,savings,BDT,0.0,2885.8,active,2025-12-24 00:29:00+00:00,2026-09-28 05:43:24+00:00,true
ACCT-000828,CUST-000562,savings,BDT,103988.29,7143.36,active,2026-01-05 02:29:00+00:00,2026-09-01 10:43:12+00:00,false
ACCT-000829,CUST-000563,savings,USD,6032.43,6280.99,active,2026-08-14 13:31:00+00:00,2026-09-28 00:10:21+00:00,true
ACCT-000830,CUST-000563,wallet,USD,4622.89,4797.55,active,2026-08-03 22:31:00+00:00,2026-09-25 14:42:53+00:00,false
ACCT-000831,CUST-000564,savings,BDT,27091.07,27091.07,dormant,2025-10-26 08:20:00+00:00,2025-10-26 08:20:00+00:00,true
ACCT-000832,CUST-000564,wallet,BDT,2969.19,6974.81,active,2025-11-01 01:20:00+00:00,2026-08-06 09:28:54+00:00,false
ACCT-000833,CUST-000565,checking,BDT,2074.1,47929.69,active,2026-02-07 18:02:00+00:00,2026-09-21 01:53:21+00:00,true
ACCT-000834,CUST-000566,savings,BDT,0.0,19634.27,active,2026-06-01 13:06:00+00:00,2026-09-24 17:00:18+00:00,true
ACCT-000835,CUST-000566,savings,BDT,0.0,10285.95,active,2026-05-28 18:06:00+00:00,2026-09-24 20:43:14+00:00,false
ACCT-000836,CUST-000567,wallet,BDT,0.0,3130.7,active,2026-01-22 23:22:00+00:00,2026-09-22 14:28:14+00:00,true
ACCT-000837,CUST-000567,savings,BDT,43771.7,61132.14,active,2026-01-16 05:22:00+00:00,2026-08-27 09:41:07+00:00,false
ACCT-000838,CUST-000567,savings,BDT,8241.54,14365.13,active,2026-01-20 05:22:00+00:00,2026-07-31 18:53:13+00:00,false
ACCT-000839,CUST-000568,wallet,BDT,0.0,1089.59,active,2026-06-11 13:09:00+00:00,2026-07-01 11:10:18+00:00,true
ACCT-000840,CUST-000568,checking,BDT,28783.68,29464.46,dormant,2026-06-19 20:09:00+00:00,2026-09-22 08:31:14+00:00,false
ACCT-000841,CUST-000569,savings,MYR,45747.13,50835.79,active,2026-02-08 13:54:00+00:00,2026-09-23 03:33:32+00:00,true
ACCT-000842,CUST-000569,savings,MYR,143799.67,148421.65,active,2026-02-23 12:54:00+00:00,2026-08-31 23:56:10+00:00,false
ACCT-000843,CUST-000570,wallet,BDT,0.0,2266.29,active,2026-02-10 06:35:00+00:00,2026-09-09 21:38:52+00:00,true
ACCT-000844,CUST-000571,wallet,BDT,0.0,3766.93,active,2026-03-10 05:56:00+00:00,2026-09-16 15:27:11+00:00,true
ACCT-000845,CUST-000571,savings,BDT,104322.68,10771.44,frozen,2026-03-15 04:56:00+00:00,2026-08-29 12:29:02+00:00,false
ACCT-000846,CUST-000572,checking,SGD,9856.5,9720.42,active,2025-11-30 00:18:00+00:00,2026-09-18 08:29:12+00:00,true
ACCT-000847,CUST-000573,savings,BDT,0.0,30613.75,active,2025-11-09 22:34:00+00:00,2026-09-15 18:14:19+00:00,true
ACCT-000848,CUST-000574,savings,BDT,233190.11,280586.79,active,2026-03-12 23:15:00+00:00,2026-09-23 03:34:02+00:00,true
ACCT-000849,CUST-000574,savings,BDT,0.0,51115.46,active,2026-02-26 20:15:00+00:00,2026-09-22 01:48:53+00:00,false
ACCT-000850,CUST-000575,checking,INR,15373.72,21021.34,active,2026-02-10 14:05:00+00:00,2026-06-30 16:30:57+00:00,true
ACCT-000851,CUST-000575,savings,INR,0.0,14316.71,active,2026-02-26 03:05:00+00:00,2026-09-04 14:21:03+00:00,false
ACCT-000852,CUST-000575,wallet,INR,0.0,2209.66,active,2026-02-20 01:05:00+00:00,2026-07-16 11:16:49+00:00,false
ACCT-000853,CUST-000576,savings,BDT,907.15,6855.27,active,2026-06-15 03:38:00+00:00,2026-08-24 02:14:39+00:00,true
ACCT-000854,CUST-000576,savings,BDT,63345.51,73870.54,dormant,2026-06-08 03:38:00+00:00,2026-09-10 21:08:04+00:00,false
ACCT-000855,CUST-000577,checking,BDT,0.0,33489.13,active,2026-03-11 13:12:00+00:00,2026-08-27 13:16:34+00:00,true
ACCT-000856,CUST-000578,checking,BDT,0.0,9755.38,active,2025-10-19 10:34:00+00:00,2026-09-23 03:52:31+00:00,true
ACCT-000857,CUST-000579,checking,BDT,15113.25,58032.0,active,2025-10-28 08:02:00+00:00,2026-08-27 06:02:11+00:00,true
ACCT-000858,CUST-000580,fixed_deposit,SGD,78861.72,79038.57,dormant,2025-10-15 19:13:00+00:00,2026-05-31 01:39:22+00:00,true
ACCT-000859,CUST-000580,checking,SGD,18878.85,19027.21,active,2025-10-23 12:13:00+00:00,2026-05-23 11:01:28+00:00,false
ACCT-000860,CUST-000581,checking,USD,21745.41,21759.81,active,2025-10-03 03:10:00+00:00,2026-07-15 08:13:51+00:00,true
ACCT-000861,CUST-000582,savings,BDT,2203226.37,2400243.58,active,2026-06-15 05:35:00+00:00,2026-09-29 02:27:14+00:00,true
ACCT-000862,CUST-000583,checking,BDT,0.0,2566.51,dormant,2025-11-19 12:05:00+00:00,2026-09-19 19:44:05+00:00,true
ACCT-000863,CUST-000584,savings,BDT,0.0,6528.99,active,2026-08-02 05:56:00+00:00,2026-09-29 21:15:18+00:00,true
ACCT-000864,CUST-000584,checking,BDT,7325.48,51886.18,active,2026-08-11 11:56:00+00:00,2026-09-13 08:45:32+00:00,false
ACCT-000865,CUST-000585,savings,BDT,474785.12,251465.21,active,2026-05-07 15:17:00+00:00,2026-09-11 15:42:30+00:00,true
ACCT-000866,CUST-000585,checking,BDT,90656.76,272081.74,active,2026-04-30 09:17:00+00:00,2026-09-23 18:49:38+00:00,false
ACCT-000867,CUST-000586,savings,BDT,0.0,24821.98,active,2026-01-26 07:14:00+00:00,2026-09-14 05:23:37+00:00,true
ACCT-000868,CUST-000586,checking,BDT,0.0,9507.68,active,2026-02-01 20:14:00+00:00,2026-09-21 11:08:41+00:00,false
ACCT-000869,CUST-000587,savings,BDT,18450.22,17846.64,active,2026-03-28 20:27:00+00:00,2026-08-23 15:25:56+00:00,true
ACCT-000870,CUST-000587,wallet,BDT,0.0,3179.71,active,2026-03-30 21:27:00+00:00,2026-09-24 17:25:53+00:00,false
ACCT-000871,CUST-000588,savings,BDT,0.0,16672.81,active,2026-02-18 21:01:00+00:00,2026-09-22 16:08:46+00:00,true
ACCT-000872,CUST-000589,checking,BDT,0.0,16186.73,active,2025-11-02 09:09:00+00:00,2026-09-28 16:11:11+00:00,true
ACCT-000873,CUST-000590,checking,BDT,0.0,3273.13,active,2026-05-06 07:51:00+00:00,2026-09-30 10:45:15+00:00,true
ACCT-000874,CUST-000591,savings,BDT,18555.45,72832.99,active,2026-02-28 04:08:00+00:00,2026-09-26 14:47:56+00:00,true
ACCT-000875,CUST-000592,checking,BDT,28793.45,19993.35,dormant,2026-01-27 23:32:00+00:00,2026-09-05 08:34:23+00:00,true
ACCT-000876,CUST-000593,savings,BDT,32053.88,45758.63,active,2026-04-10 08:52:00+00:00,2026-09-26 02:08:48+00:00,true
ACCT-000877,CUST-000593,savings,BDT,0.0,11986.3,active,2026-03-27 23:52:00+00:00,2026-09-27 22:25:55+00:00,false
ACCT-000878,CUST-000594,savings,BDT,0.0,5273.49,active,2026-08-04 18:18:00+00:00,2026-09-26 15:32:56+00:00,true
ACCT-000879,CUST-000595,checking,BDT,20148.17,41018.88,active,2026-01-25 16:04:00+00:00,2026-09-26 13:20:37+00:00,true
ACCT-000880,CUST-000595,checking,BDT,19866.4,34521.12,active,2026-01-25 07:04:00+00:00,2026-09-15 16:02:39+00:00,false
ACCT-000881,CUST-000595,savings,BDT,16115.84,22080.22,active,2026-02-03 16:04:00+00:00,2026-05-03 17:29:39+00:00,false
ACCT-000882,CUST-000596,checking,BDT,62362.69,145449.71,active,2026-07-07 06:02:00+00:00,2026-09-26 18:07:09+00:00,true
ACCT-000883,CUST-000597,checking,SGD,22791.64,23012.43,active,2026-01-28 03:19:00+00:00,2026-09-24 21:53:59+00:00,true
ACCT-000884,CUST-000598,checking,BDT,0.0,7556.97,active,2025-12-01 18:02:00+00:00,2026-09-10 21:33:13+00:00,true
ACCT-000885,CUST-000598,wallet,BDT,0.0,3026.07,active,2025-11-20 17:02:00+00:00,2026-09-27 03:02:36+00:00,false
ACCT-000886,CUST-000599,checking,BDT,0.0,4318.64,active,2025-11-26 19:56:00+00:00,2026-09-12 09:58:02+00:00,true
ACCT-000887,CUST-000600,checking,BDT,11376.53,61921.78,active,2025-10-15 08:57:00+00:00,2026-09-18 02:11:40+00:00,true
