behavior_id,customer_id,signal_name,signal_value,unit,signal_level,baseline_source,window,computed_at
BHV-000001,CUST-000001,transaction_frequency,0.0422,tx/day,MEDIUM,own_history_12m,12 months,2026-10-01 00:00:00+00:00
BHV-000002,CUST-000001,transaction_velocity,1,max tx in 60 min,LOW,own_history_12m,12 months,2026-10-01 00:00:00+00:00
BHV-000003,CUST-000001,amount_deviation,0.54,|last30/prior90 - 1|,MEDIUM,own_history_12m,12 months,2026-10-01 00:00:00+00:00
BHV-000004,CUST-000001,unusual_timing,0.071,share 00-05 UTC,MEDIUM,own_history_12m,12 months,2026-10-01 00:00:00+00:00
BHV-000005,CUST-000001,unusual_location,0.0,share foreign-country tx,LOW,own_history_12m,12 months,2026-10-01 00:00:00+00:00
BHV-000006,CUST-000001,failed_transaction_rate,0.071,failed/all,LOW,own_history_12m,12 months,2026-10-01 00:00:00+00:00
BHV-000007,CUST-000001,spending_pattern_change,0.46,last30 avg / prior90 avg,MEDIUM,own_history_12m,12 months,2026-10-01 00:00:00+00:00
BHV-000008,CUST-000001,transaction_burst,0,bursts (4 tx/15 min),LOW,own_history_12m,12 months,2026-10-01 00:00:00+00:00
BHV-000009,CUST-000001,account_age,332,days,LOW,own_history_12m,12 months,2026-10-01 00:00:00+00:00
BHV-000010,CUST-000001,recent_activity,324,days since last tx,HIGH,own_history_12m,12 months,2026-10-01 00:00:00+00:00
BHV-000011,CUST-000002,transaction_frequency,0.037,tx/day,MEDIUM,own_history_12m,12 months,2026-10-01 00:00:00+00:00
BHV-000012,CUST-000002,transaction_velocity,1,max tx in 60 min,LOW,own_history_12m,12 months,2026-10-01 00:00:00+00:00
BHV-000013,CUST-000002,amount_deviation,4.787,|last30/prior90 - 1|,HIGH,own_history_12m,12 months,2026-10-01 00:00:00+00:00
BHV-000014,CUST-000002,unusual_timing,0.25,share 00-05 UTC,HIGH,own_history_12m,12 months,2026-10-01 00:00:00+00:00
BHV-000015,CUST-000002,unusual_location,0.0,share foreign-country tx,LOW,own_history_12m,12 months,2026-10-01 00:00:00+00:00
BHV-000016,CUST-000002,failed_transaction_rate,0.125,failed/all,MEDIUM,own_history_12m,12 months,2026-10-01 00:00:00+00:00
BHV-000017,CUST-000002,spending_pattern_change,5.787,last30 avg / prior90 avg,HIGH,own_history_12m,12 months,2026-10-01 00:00:00+00:00
BHV-000018,CUST-000002,transaction_burst,0,bursts (4 tx/15 min),LOW,own_history_12m,12 months,2026-10-01 00:00:00+00:00
BHV-000019,CUST-000002,account_age,216,days,LOW,own_history_12m,12 months,2026-10-01 00:00:00+00:00
BHV-000020,CUST-000002,recent_activity,203,days since last tx,HIGH,own_history_12m,12 months,2026-10-01 00:00:00+00:00
BHV-000021,CUST-000003,transaction_frequency,0.0488,tx/day,MEDIUM,own_history_12m,12 months,2026-10-01 00:00:00+00:00
BHV-000022,CUST-000003,transaction_velocity,1,max tx in 60 min,LOW,own_history_12m,12 months,2026-10-01 00:00:00+00:00
BHV-000023,CUST-000003,amount_deviation,1.819,|last30/prior90 - 1|,HIGH,own_history_12m,12 months,2026-10-01 00:00:00+00:00
BHV-000024,CUST-000003,unusual_timing,0.417,share 00-05 UTC,HIGH,own_history_12m,12 months,2026-10-01 00:00:00+00:00
BHV-000025,CUST-000003,unusual_location,0.0,share foreign-country tx,LOW,own_history_12m,12 months,2026-10-01 00:00:00+00:00
BHV-000026,CUST-000003,failed_transaction_rate,0.167,failed/all,MEDIUM,own_history_12m,12 months,2026-10-01 00:00:00+00:00
BHV-000027,CUST-000003,spending_pattern_change,2.819,last30 avg / prior90 avg,HIGH,own_history_12m,12 months,2026-10-01 00:00:00+00:00
BHV-000028,CUST-000003,transaction_burst,0,bursts (4 tx/15 min),LOW,own_history_12m,12 months,2026-10-01 00:00:00+00:00
BHV-000029,CUST-000003,account_age,246,days,LOW,own_history_12m,12 months,2026-10-01 00:00:00+00:00
BHV-000030,CUST-000003,recent_activity,225,days since last tx,HIGH,own_history_12m,12 months,2026-10-01 00:00:00+00:00
BHV-000031,CUST-000004,transaction_frequency,0.2556,tx/day,HIGH,own_history_12m,12 months,2026-10-01 00:00:00+00:00
BHV-000032,CUST-000004,transaction_velocity,2,max tx in 60 min,MEDIUM,own_history_12m,12 months,2026-10-01 00:00:00+00:00
BHV-000033,CUST-000004,amount_deviation,1.266,|last30/prior90 - 1|,HIGH,own_history_12m,12 months,2026-10-01 00:00:00+00:00
BHV-000034,CUST-000004,unusual_timing,0.941,share 00-05 UTC,HIGH,own_history_12m,12 months,2026-10-01 00:00:00+00:00
BHV-000035,CUST-000004,unusual_location,0.0,share foreign-country tx,LOW,own_history_12m,12 months,2026-10-01 00:00:00+00:00
BHV-000036,CUST-000004,failed_transaction_rate,0.059,failed/all,LOW,own_history_12m,12 months,2026-10-01 00:00:00+00:00
BHV-000037,CUST-000004,spending_pattern_change,2.266,last30 avg / prior90 avg,HIGH,own_history_12m,12 months,2026-10-01 00:00:00+00:00
BHV-000038,CUST-000004,transaction_burst,0,bursts (4 tx/15 min),LOW,own_history_12m,12 months,2026-10-01 00:00:00+00:00
BHV-000039,CUST-000004,account_age,133,days,MEDIUM,own_history_12m,12 months,2026-10-01 00:00:00+00:00
BHV-000040,CUST-000004,recent_activity,131,days since last tx,HIGH,own_history_12m,12 months,2026-10-01 00:00:00+00:00
BHV-000041,CUST-000005,transaction_frequency,0.2958,tx/day,HIGH,own_history_12m,12 months,2026-10-01 00:00:00+00:00
BHV-000042,CUST-000005,transaction_velocity,2,max tx in 60 min,MEDIUM,own_history_12m,12 months,2026-10-01 00:00:00+00:00
BHV-000043,CUST-000005,amount_deviation,0.716,|last30/prior90 - 1|,MEDIUM,own_history_12m,12 months,2026-10-01 00:00:00+00:00
BHV-000044,CUST-000005,unusual_timing,0.286,share 00-05 UTC,HIGH,own_history_12m,12 months,2026-10-01 00:00:00+00:00
BHV-000045,CUST-000005,unusual_location,0.0,share foreign-country tx,LOW,own_history_12m,12 months,2026-10-01 00:00:00+00:00
BHV-000046,CUST-000005,failed_transaction_rate,0.0,failed/all,LOW,own_history_12m,12 months,2026-10-01 00:00:00+00:00
BHV-000047,CUST-000005,spending_pattern_change,0.284,last30 avg / prior90 avg,MEDIUM,own_history_12m,12 months,2026-10-01 00:00:00+00:00
BHV-000048,CUST-000005,transaction_burst,0,bursts (4 tx/15 min),LOW,own_history_12m,12 months,2026-10-01 00:00:00+00:00
BHV-000049,CUST-000005,account_age,71,days,MEDIUM,own_history_12m,12 months,2026-10-01 00:00:00+00:00
BHV-000050,CUST-000005,recent_activity,70,days since last tx,MEDIUM,own_history_12m,12 months,2026-10-01 00:00:00+00:00
BHV-000051,CUST-000006,transaction_frequency,0.0574,tx/day,MEDIUM,own_history_12m,12 months,2026-10-01 00:00:00+00:00
BHV-000052,CUST-000006,transaction_velocity,1,max tx in 60 min,LOW,own_history_12m,12 months,2026-10-01 00:00:00+00:00
BHV-000053,CUST-000006,amount_deviation,0.412,|last30/prior90 - 1|,MEDIUM,own_history_12m,12 months,2026-10-01 00:00:00+00:00
BHV-000054,CUST-000006,unusual_timing,0.083,share 00-05 UTC,MEDIUM,own_history_12m,12 months,2026-10-01 00:00:00+00:00
BHV-000055,CUST-000006,unusual_location,0.0,share foreign-country tx,LOW,own_history_12m,12 months,2026-10-01 00:00:00+00:00
BHV-000056,CUST-000006,failed_transaction_rate,0.0,failed/all,LOW,own_history_12m,12 months,2026-10-01 00:00:00+00:00
BHV-000057,CUST-000006,spending_pattern_change,0.588,last30 avg / prior90 avg,MEDIUM,own_history_12m,12 months,2026-10-01 00:00:00+00:00
BHV-000058,CUST-000006,transaction_burst,0,bursts (4 tx/15 min),LOW,own_history_12m,12 months,2026-10-01 00:00:00+00:00
BHV-000059,CUST-000006,account_age,209,days,LOW,own_history_12m,12 months,2026-10-01 00:00:00+00:00
BHV-000060,CUST-000006,recent_activity,186,days since last tx,HIGH,own_history_12m,12 months,2026-10-01 00:00:00+00:00
BHV-000061,CUST-000007,transaction_frequency,0.1657,tx/day,HIGH,own_history_12m,12 months,2026-10-01 00:00:00+00:00
BHV-000062,CUST-000007,transaction_velocity,1,max tx in 60 min,LOW,own_history_12m,12 months,2026-10-01 00:00:00+00:00
BHV-000063,CUST-000007,amount_deviation,0.63,|last30/prior90 - 1|,MEDIUM,own_history_12m,12 months,2026-10-01 00:00:00+00:00
BHV-000064,CUST-000007,unusual_timing,0.286,share 00-05 UTC,HIGH,own_history_12m,12 months,2026-10-01 00:00:00+00:00
BHV-000065,CUST-000007,unusual_location,0.0,share foreign-country tx,LOW,own_history_12m,12 months,2026-10-01 00:00:00+00:00
BHV-000066,CUST-000007,failed_transaction_rate,0.107,failed/all,MEDIUM,own_history_12m,12 months,2026-10-01 00:00:00+00:00
BHV-000067,CUST-000007,spending_pattern_change,0.37,last30 avg / prior90 avg,MEDIUM,own_history_12m,12 months,2026-10-01 00:00:00+00:00
BHV-000068,CUST-000007,transaction_burst,0,bursts (4 tx/15 min),LOW,own_history_12m,12 months,2026-10-01 00:00:00+00:00
BHV-000069,CUST-000007,account_age,169,days,MEDIUM,own_history_12m,12 months,2026-10-01 00:00:00+00:00
BHV-000070,CUST-000007,recent_activity,164,days since last tx,HIGH,own_history_12m,12 months,2026-10-01 00:00:00+00:00
BHV-000071,CUST-000008,transaction_frequency,0.0588,tx/day,MEDIUM,own_history_12m,12 months,2026-10-01 00:00:00+00:00
BHV-000072,CUST-000008,transaction_velocity,1,max tx in 60 min,LOW,own_history_12m,12 months,2026-10-01 00:00:00+00:00
BHV-000073,CUST-000008,amount_deviation,0.535,|last30/prior90 - 1|,MEDIUM,own_history_12m,12 months,2026-10-01 00:00:00+00:00
BHV-000074,CUST-000008,unusual_timing,0.9,share 00-05 UTC,HIGH,own_history_12m,12 months,2026-10-01 00:00:00+00:00
BHV-000075,CUST-000008,unusual_location,0.0,share foreign-country tx,LOW,own_history_12m,12 months,2026-10-01 00:00:00+00:00
BHV-000076,CUST-000008,failed_transaction_rate,0.1,failed/all,MEDIUM,own_history_12m,12 months,2026-10-01 00:00:00+00:00
BHV-000077,CUST-000008,spending_pattern_change,0.465,last30 avg / prior90 avg,MEDIUM,own_history_12m,12 months,2026-10-01 00:00:00+00:00
BHV-000078,CUST-000008,transaction_burst,0,bursts (4 tx/15 min),LOW,own_history_12m,12 months,2026-10-01 00:00:00+00:00
BHV-000079,CUST-000008,account_age,340,days,LOW,own_history_12m,12 months,2026-10-01 00:00:00+00:00
BHV-000080,CUST-000008,recent_activity,334,days since last tx,HIGH,own_history_12m,12 months,2026-10-01 00:00:00+00:00
BHV-000081,CUST-000009,transaction_frequency,0.065,tx/day,MEDIUM,own_history_12m,12 months,2026-10-01 00:00:00+00:00
BHV-000082,CUST-000009,transaction_velocity,1,max tx in 60 min,LOW,own_history_12m,12 months,2026-10-01 00:00:00+00:00
BHV-000083,CUST-000009,amount_deviation,0.65,|last30/prior90 - 1|,MEDIUM,own_history_12m,12 months,2026-10-01 00:00:00+00:00
BHV-000084,CUST-000009,unusual_timing,0.188,share 00-05 UTC,MEDIUM,own_history_12m,12 months,2026-10-01 00:00:00+00:00
BHV-000085,CUST-000009,unusual_location,0.0,share foreign-country tx,LOW,own_history_12m,12 months,2026-10-01 00:00:00+00:00
BHV-000086,CUST-000009,failed_transaction_rate,0.125,failed/all,MEDIUM,own_history_12m,12 months,2026-10-01 00:00:00+00:00
BHV-000087,CUST-000009,spending_pattern_change,0.35,last30 avg / prior90 avg,MEDIUM,own_history_12m,12 months,2026-10-01 00:00:00+00:00
BHV-000088,CUST-000009,transaction_burst,0,bursts (4 tx/15 min),LOW,own_history_12m,12 months,2026-10-01 00:00:00+00:00
BHV-000089,CUST-000009,account_age,246,days,LOW,own_history_12m,12 months,2026-10-01 00:00:00+00:00
BHV-000090,CUST-000009,recent_activity,227,days since last tx,HIGH,own_history_12m,12 months,2026-10-01 00:00:00+00:00
BHV-000091,CUST-000010,transaction_frequency,0.1613,tx/day,HIGH,own_history_12m,12 months,2026-10-01 00:00:00+00:00
BHV-000092,CUST-000010,transaction_velocity,1,max tx in 60 min,LOW,own_history_12m,12 months,2026-10-01 00:00:00+00:00
BHV-000093,CUST-000010,amount_deviation,7.498,|last30/prior90 - 1|,HIGH,own_history_12m,12 months,2026-10-01 00:00:00+00:00
BHV-000094,CUST-000010,unusual_timing,0.1,share 00-05 UTC,MEDIUM,own_history_12m,12 months,2026-10-01 00:00:00+00:00
BHV-000095,CUST-000010,unusual_location,0.0,share foreign-country tx,LOW,own_history_12m,12 months,2026-10-01 00:00:00+00:00
BHV-000096,CUST-000010,failed_transaction_rate,0.2,failed/all,MEDIUM,own_history_12m,12 months,2026-10-01 00:00:00+00:00
BHV-000097,CUST-000010,spending_pattern_change,8.498,last30 avg / prior90 avg,HIGH,own_history_12m,12 months,2026-10-01 00:00:00+00:00
BHV-000098,CUST-000010,transaction_burst,0,bursts (4 tx/15 min),LOW,own_history_12m,12 months,2026-10-01 00:00:00+00:00
BHV-000099,CUST-000010,account_age,124,days,MEDIUM,own_history_12m,12 months,2026-10-01 00:00:00+00:00
BHV-000100,CUST-000010,recent_activity,123,days since last tx,HIGH,own_history_12m,12 months,2026-10-01 00:00:00+00:00
BHV-000101,CUST-000011,transaction_frequency,0.1198,tx/day,MEDIUM,own_history_12m,12 months,2026-10-01 00:00:00+00:00
BHV-000102,CUST-000011,transaction_velocity,1,max tx in 60 min,LOW,own_history_12m,12 months,2026-10-01 00:00:00+00:00
BHV-000103,CUST-000011,amount_deviation,0.114,|last30/prior90 - 1|,LOW,own_history_12m,12 months,2026-10-01 00:00:00+00:00
BHV-000104,CUST-000011,unusual_timing,0.225,share 00-05 UTC,MEDIUM,own_history_12m,12 months,2026-10-01 00:00:00+00:00
BHV-000105,CUST-000011,unusual_location,0.0,share foreign-country tx,LOW,own_history_12m,12 months,2026-10-01 00:00:00+00:00
BHV-000106,CUST-000011,failed_transaction_rate,0.25,failed/all,MEDIUM,own_history_12m,12 months,2026-10-01 00:00:00+00:00
BHV-000107,CUST-000011,spending_pattern_change,0.886,last30 avg / prior90 avg,LOW,own_history_12m,12 months,2026-10-01 00:00:00+00:00
BHV-000108,CUST-000011,transaction_burst,0,bursts (4 tx/15 min),LOW,own_history_12m,12 months,2026-10-01 00:00:00+00:00
BHV-000109,CUST-000011,account_age,334,days,LOW,own_history_12m,12 months,2026-10-01 00:00:00+00:00
BHV-000110,CUST-000011,recent_activity,331,days since last tx,HIGH,own_history_12m,12 months,2026-10-01 00:00:00+00:00
BHV-000111,CUST-000012,transaction_frequency,0.0398,tx/day,MEDIUM,own_history_12m,12 months,2026-10-01 00:00:00+00:00
BHV-000112,CUST-000012,transaction_velocity,1,max tx in 60 min,LOW,own_history_12m,12 months,2026-10-01 00:00:00+00:00
BHV-000113,CUST-000012,amount_deviation,9.656,|last30/prior90 - 1|,HIGH,own_history_12m,12 months,2026-10-01 00:00:00+00:00
BHV-000114,CUST-000012,unusual_timing,0.286,share 00-05 UTC,HIGH,own_history_12m,12 months,2026-10-01 00:00:00+00:00
BHV-000115,CUST-000012,unusual_location,0.0,share foreign-country tx,LOW,own_history_12m,12 months,2026-10-01 00:00:00+00:00
BHV-000116,CUST-000012,failed_transaction_rate,0.429,failed/all,HIGH,own_history_12m,12 months,2026-10-01 00:00:00+00:00
BHV-000117,CUST-000012,spending_pattern_change,10.656,last30 avg / prior90 avg,HIGH,own_history_12m,12 months,2026-10-01 00:00:00+00:00
BHV-000118,CUST-000012,transaction_burst,0,bursts (4 tx/15 min),LOW,own_history_12m,12 months,2026-10-01 00:00:00+00:00
BHV-000119,CUST-000012,account_age,176,days,MEDIUM,own_history_12m,12 months,2026-10-01 00:00:00+00:00
BHV-000120,CUST-000012,recent_activity,121,days since last tx,HIGH,own_history_12m,12 months,2026-10-01 00:00:00+00:00
BHV-000121,CUST-000013,transaction_frequency,0.0909,tx/day,MEDIUM,own_history_12m,12 months,2026-10-01 00:00:00+00:00
BHV-000122,CUST-000013,transaction_velocity,1,max tx in 60 min,LOW,own_history_12m,12 months,2026-10-01 00:00:00+00:00
BHV-000123,CUST-000013,amount_deviation,0.538,|last30/prior90 - 1|,MEDIUM,own_history_12m,12 months,2026-10-01 00:00:00+00:00
BHV-000124,CUST-000013,unusual_timing,0.167,share 00-05 UTC,MEDIUM,own_history_12m,12 months,2026-10-01 00:00:00+00:00
BHV-000125,CUST-000013,unusual_location,0.0,share foreign-country tx,LOW,own_history_12m,12 months,2026-10-01 00:00:00+00:00
BHV-000126,CUST-000013,failed_transaction_rate,0.333,failed/all,HIGH,own_history_12m,12 months,2026-10-01 00:00:00+00:00
BHV-000127,CUST-000013,spending_pattern_change,1.538,last30 avg / prior90 avg,MEDIUM,own_history_12m,12 months,2026-10-01 00:00:00+00:00
BHV-000128,CUST-000013,transaction_burst,0,bursts (4 tx/15 min),LOW,own_history_12m,12 months,2026-10-01 00:00:00+00:00
BHV-000129,CUST-000013,account_age,132,days,MEDIUM,own_history_12m,12 months,2026-10-01 00:00:00+00:00
BHV-000130,CUST-000013,recent_activity,113,days since last tx,HIGH,own_history_12m,12 months,2026-10-01 00:00:00+00:00
BHV-000131,CUST-000014,transaction_frequency,0.0463,tx/day,MEDIUM,own_history_12m,12 months,2026-10-01 00:00:00+00:00
BHV-000132,CUST-000014,transaction_velocity,1,max tx in 60 min,LOW,own_history_12m,12 months,2026-10-01 00:00:00+00:00
BHV-000133,CUST-000014,amount_deviation,0,|last30/prior90 - 1|,LOW,own_history_12m,12 months,2026-10-01 00:00:00+00:00
BHV-000134,CUST-000014,unusual_timing,0.333,share 00-05 UTC,HIGH,own_history_12m,12 months,2026-10-01 00:00:00+00:00
BHV-000135,CUST-000014,unusual_location,0.0,share foreign-country tx,LOW,own_history_12m,12 months,2026-10-01 00:00:00+00:00
BHV-000136,CUST-000014,failed_transaction_rate,0.083,failed/all,LOW,own_history_12m,12 months,2026-10-01 00:00:00+00:00
BHV-000137,CUST-000014,spending_pattern_change,,last30 avg / prior90 avg,LOW,own_history_12m,12 months,2026-10-01 00:00:00+00:00
BHV-000138,CUST-000014,transaction_burst,0,bursts (4 tx/15 min),LOW,own_history_12m,12 months,2026-10-01 00:00:00+00:00
BHV-000139,CUST-000014,account_age,259,days,LOW,own_history_12m,12 months,2026-10-01 00:00:00+00:00
BHV-000140,CUST-000014,recent_activity,256,days since last tx,HIGH,own_history_12m,12 months,2026-10-01 00:00:00+00:00
BHV-000141,CUST-000015,transaction_frequency,0.0964,tx/day,MEDIUM,own_history_12m,12 months,2026-10-01 00:00:00+00:00
BHV-000142,CUST-000015,transaction_velocity,1,max tx in 60 min,LOW,own_history_12m,12 months,2026-10-01 00:00:00+00:00
BHV-000143,CUST-000015,amount_deviation,2.231,|last30/prior90 - 1|,HIGH,own_history_12m,12 months,2026-10-01 00:00:00+00:00
BHV-000144,CUST-000015,unusual_timing,0.188,share 00-05 UTC,MEDIUM,own_history_12m,12 months,2026-10-01 00:00:00+00:00
BHV-000145,CUST-000015,unusual_location,0.0,share foreign-country tx,LOW,own_history_12m,12 months,2026-10-01 00:00:00+00:00
BHV-000146,CUST-000015,failed_transaction_rate,0.062,failed/all,LOW,own_history_12m,12 months,2026-10-01 00:00:00+00:00
BHV-000147,CUST-000015,spending_pattern_change,3.231,last30 avg / prior90 avg,HIGH,own_history_12m,12 months,2026-10-01 00:00:00+00:00
BHV-000148,CUST-000015,transaction_burst,0,bursts (4 tx/15 min),LOW,own_history_12m,12 months,2026-10-01 00:00:00+00:00
BHV-000149,CUST-000015,account_age,166,days,MEDIUM,own_history_12m,12 months,2026-10-01 00:00:00+00:00
BHV-000150,CUST-000015,recent_activity,164,days since last tx,HIGH,own_history_12m,12 months,2026-10-01 00:00:00+00:00
BHV-000151,CUST-000016,transaction_frequency,0.0421,tx/day,MEDIUM,own_history_12m,12 months,2026-10-01 00:00:00+00:00
BHV-000152,CUST-000016,transaction_velocity,1,max tx in 60 min,LOW,own_history_12m,12 months,2026-10-01 00:00:00+00:00
BHV-000153,CUST-000016,amount_deviation,0.184,|last30/prior90 - 1|,LOW,own_history_12m,12 months,2026-10-01 00:00:00+00:00
BHV-000154,CUST-000016,unusual_timing,0.385,share 00-05 UTC,HIGH,own_history_12m,12 months,2026-10-01 00:00:00+00:00
BHV-000155,CUST-000016,unusual_location,0.0,share foreign-country tx,LOW,own_history_12m,12 months,2026-10-01 00:00:00+00:00
BHV-000156,CUST-000016,failed_transaction_rate,0.0,failed/all,LOW,own_history_12m,12 months,2026-10-01 00:00:00+00:00
BHV-000157,CUST-000016,spending_pattern_change,1.184,last30 avg / prior90 avg,LOW,own_history_12m,12 months,2026-10-01 00:00:00+00:00
BHV-000158,CUST-000016,transaction_burst,0,bursts (4 tx/15 min),LOW,own_history_12m,12 months,2026-10-01 00:00:00+00:00
BHV-000159,CUST-000016,account_age,309,days,LOW,own_history_12m,12 months,2026-10-01 00:00:00+00:00
BHV-000160,CUST-000016,recent_activity,305,days since last tx,HIGH,own_history_12m,12 months,2026-10-01 00:00:00+00:00
BHV-000161,CUST-000017,transaction_frequency,0.0791,tx/day,MEDIUM,own_history_12m,12 months,2026-10-01 00:00:00+00:00
BHV-000162,CUST-000017,transaction_velocity,1,max tx in 60 min,LOW,own_history_12m,12 months,2026-10-01 00:00:00+00:00
BHV-000163,CUST-000017,amount_deviation,0.769,|last30/prior90 - 1|,MEDIUM,own_history_12m,12 months,2026-10-01 00:00:00+00:00
BHV-000164,CUST-000017,unusual_timing,0.273,share 00-05 UTC,HIGH,own_history_12m,12 months,2026-10-01 00:00:00+00:00
BHV-000165,CUST-000017,unusual_location,0.0,share foreign-country tx,LOW,own_history_12m,12 months,2026-10-01 00:00:00+00:00
BHV-000166,CUST-000017,failed_transaction_rate,0.0,failed/all,LOW,own_history_12m,12 months,2026-10-01 00:00:00+00:00
BHV-000167,CUST-000017,spending_pattern_change,0.231,last30 avg / prior90 avg,MEDIUM,own_history_12m,12 months,2026-10-01 00:00:00+00:00
BHV-000168,CUST-000017,transaction_burst,0,bursts (4 tx/15 min),LOW,own_history_12m,12 months,2026-10-01 00:00:00+00:00
BHV-000169,CUST-000017,account_age,139,days,MEDIUM,own_history_12m,12 months,2026-10-01 00:00:00+00:00
BHV-000170,CUST-000017,recent_activity,136,days since last tx,HIGH,own_history_12m,12 months,2026-10-01 00:00:00+00:00
BHV-000171,CUST-000018,transaction_frequency,0.1111,tx/day,MEDIUM,own_history_12m,12 months,2026-10-01 00:00:00+00:00
BHV-000172,CUST-000018,transaction_velocity,1,max tx in 60 min,LOW,own_history_12m,12 months,2026-10-01 00:00:00+00:00
BHV-000173,CUST-000018,amount_deviation,0.993,|last30/prior90 - 1|,HIGH,own_history_12m,12 months,2026-10-01 00:00:00+00:00
BHV-000174,CUST-000018,unusual_timing,0.444,share 00-05 UTC,HIGH,own_history_12m,12 months,2026-10-01 00:00:00+00:00
BHV-000175,CUST-000018,unusual_location,0.0,share foreign-country tx,LOW,own_history_12m,12 months,2026-10-01 00:00:00+00:00
BHV-000176,CUST-000018,failed_transaction_rate,0.222,failed/all,MEDIUM,own_history_12m,12 months,2026-10-01 00:00:00+00:00
BHV-000177,CUST-000018,spending_pattern_change,1.993,last30 avg / prior90 avg,MEDIUM,own_history_12m,12 months,2026-10-01 00:00:00+00:00
BHV-000178,CUST-000018,transaction_burst,0,bursts (4 tx/15 min),LOW,own_history_12m,12 months,2026-10-01 00:00:00+00:00
BHV-000179,CUST-000018,account_age,81,days,MEDIUM,own_history_12m,12 months,2026-10-01 00:00:00+00:00
BHV-000180,CUST-000018,recent_activity,69,days since last tx,MEDIUM,own_history_12m,12 months,2026-10-01 00:00:00+00:00
BHV-000181,CUST-000019,transaction_frequency,0.0772,tx/day,MEDIUM,own_history_12m,12 months,2026-10-01 00:00:00+00:00
BHV-000182,CUST-000019,transaction_velocity,1,max tx in 60 min,LOW,own_history_12m,12 months,2026-10-01 00:00:00+00:00
BHV-000183,CUST-000019,amount_deviation,4.646,|last30/prior90 - 1|,HIGH,own_history_12m,12 months,2026-10-01 00:00:00+00:00
BHV-000184,CUST-000019,unusual_timing,0.208,share 00-05 UTC,MEDIUM,own_history_12m,12 months,2026-10-01 00:00:00+00:00
BHV-000185,CUST-000019,unusual_location,0.0,share foreign-country tx,LOW,own_history_12m,12 months,2026-10-01 00:00:00+00:00
BHV-000186,CUST-000019,failed_transaction_rate,0.167,failed/all,MEDIUM,own_history_12m,12 months,2026-10-01 00:00:00+00:00
BHV-000187,CUST-000019,spending_pattern_change,5.646,last30 avg / prior90 avg,HIGH,own_history_12m,12 months,2026-10-01 00:00:00+00:00
BHV-000188,CUST-000019,transaction_burst,0,bursts (4 tx/15 min),LOW,own_history_12m,12 months,2026-10-01 00:00:00+00:00
BHV-000189,CUST-000019,account_age,311,days,LOW,own_history_12m,12 months,2026-10-01 00:00:00+00:00
BHV-000190,CUST-000019,recent_activity,307,days since last tx,HIGH,own_history_12m,12 months,2026-10-01 00:00:00+00:00
BHV-000191,CUST-000020,transaction_frequency,0.0335,tx/day,MEDIUM,own_history_12m,12 months,2026-10-01 00:00:00+00:00
BHV-000192,CUST-000020,transaction_velocity,1,max tx in 60 min,LOW,own_history_12m,12 months,2026-10-01 00:00:00+00:00
BHV-000193,CUST-000020,amount_deviation,0.241,|last30/prior90 - 1|,LOW,own_history_12m,12 months,2026-10-01 00:00:00+00:00
BHV-000194,CUST-000020,unusual_timing,0.0,share 00-05 UTC,LOW,own_history_12m,12 months,2026-10-01 00:00:00+00:00
BHV-000195,CUST-000020,unusual_location,0.0,share foreign-country tx,LOW,own_history_12m,12 months,2026-10-01 00:00:00+00:00
BHV-000196,CUST-000020,failed_transaction_rate,0.0,failed/all,LOW,own_history_12m,12 months,2026-10-01 00:00:00+00:00
BHV-000197,CUST-000020,spending_pattern_change,0.759,last30 avg / prior90 avg,LOW,own_history_12m,12 months,2026-10-01 00:00:00+00:00
BHV-000198,CUST-000020,transaction_burst,0,bursts (4 tx/15 min),LOW,own_history_12m,12 months,2026-10-01 00:00:00+00:00
BHV-000199,CUST-000020,account_age,239,days,LOW,own_history_12m,12 months,2026-10-01 00:00:00+00:00
BHV-000200,CUST-000020,recent_activity,200,days since last tx,HIGH,own_history_12m,12 months,2026-10-01 00:00:00+00:00
BHV-000201,CUST-000021,transaction_frequency,0.0829,tx/day,MEDIUM,own_history_12m,12 months,2026-10-01 00:00:00+00:00
BHV-000202,CUST-000021,transaction_velocity,1,max tx in 60 min,LOW,own_history_12m,12 months,2026-10-01 00:00:00+00:00
BHV-000203,CUST-000021,amount_deviation,1.531,|last30/prior90 - 1|,HIGH,own_history_12m,12 months,2026-10-01 00:00:00+00:00
BHV-000204,CUST-000021,unusual_timing,0.389,share 00-05 UTC,HIGH,own_history_12m,12 months,2026-10-01 00:00:00+00:00
BHV-000205,CUST-000021,unusual_location,0.0,share foreign-country tx,LOW,own_history_12m,12 months,2026-10-01 00:00:00+00:00
BHV-000206,CUST-000021,failed_transaction_rate,0.111,failed/all,MEDIUM,own_history_12m,12 months,2026-10-01 00:00:00+00:00
BHV-000207,CUST-000021,spending_pattern_change,2.531,last30 avg / prior90 avg,HIGH,own_history_12m,12 months,2026-10-01 00:00:00+00:00
BHV-000208,CUST-000021,transaction_burst,0,bursts (4 tx/15 min),LOW,own_history_12m,12 months,2026-10-01 00:00:00+00:00
BHV-000209,CUST-000021,account_age,217,days,LOW,own_history_12m,12 months,2026-10-01 00:00:00+00:00
BHV-000210,CUST-000021,recent_activity,214,days since last tx,HIGH,own_history_12m,12 months,2026-10-01 00:00:00+00:00
BHV-000211,CUST-000022,transaction_frequency,0.0566,tx/day,MEDIUM,own_history_12m,12 months,2026-10-01 00:00:00+00:00
BHV-000212,CUST-000022,transaction_velocity,1,max tx in 60 min,LOW,own_history_12m,12 months,2026-10-01 00:00:00+00:00
BHV-000213,CUST-000022,amount_deviation,0.81,|last30/prior90 - 1|,HIGH,own_history_12m,12 months,2026-10-01 00:00:00+00:00
BHV-000214,CUST-000022,unusual_timing,0.333,share 00-05 UTC,HIGH,own_history_12m,12 months,2026-10-01 00:00:00+00:00
BHV-000215,CUST-000022,unusual_location,0.0,share foreign-country tx,LOW,own_history_12m,12 months,2026-10-01 00:00:00+00:00
BHV-000216,CUST-000022,failed_transaction_rate,0.056,failed/all,LOW,own_history_12m,12 months,2026-10-01 00:00:00+00:00
BHV-000217,CUST-000022,spending_pattern_change,0.19,last30 avg / prior90 avg,MEDIUM,own_history_12m,12 months,2026-10-01 00:00:00+00:00
BHV-000218,CUST-000022,transaction_burst,0,bursts (4 tx/15 min),LOW,own_history_12m,12 months,2026-10-01 00:00:00+00:00
BHV-000219,CUST-000022,account_age,318,days,LOW,own_history_12m,12 months,2026-10-01 00:00:00+00:00
BHV-000220,CUST-000022,recent_activity,304,days since last tx,HIGH,own_history_12m,12 months,2026-10-01 00:00:00+00:00
BHV-000221,CUST-000023,transaction_frequency,0.1294,tx/day,MEDIUM,own_history_12m,12 months,2026-10-01 00:00:00+00:00
BHV-000222,CUST-000023,transaction_velocity,1,max tx in 60 min,LOW,own_history_12m,12 months,2026-10-01 00:00:00+00:00
BHV-000223,CUST-000023,amount_deviation,0.763,|last30/prior90 - 1|,MEDIUM,own_history_12m,12 months,2026-10-01 00:00:00+00:00
BHV-000224,CUST-000023,unusual_timing,0.182,share 00-05 UTC,MEDIUM,own_history_12m,12 months,2026-10-01 00:00:00+00:00
BHV-000225,CUST-000023,unusual_location,0.0,share foreign-country tx,LOW,own_history_12m,12 months,2026-10-01 00:00:00+00:00
BHV-000226,CUST-000023,failed_transaction_rate,0.091,failed/all,LOW,own_history_12m,12 months,2026-10-01 00:00:00+00:00
BHV-000227,CUST-000023,spending_pattern_change,0.237,last30 avg / prior90 avg,MEDIUM,own_history_12m,12 months,2026-10-01 00:00:00+00:00
BHV-000228,CUST-000023,transaction_burst,0,bursts (4 tx/15 min),LOW,own_history_12m,12 months,2026-10-01 00:00:00+00:00
BHV-000229,CUST-000023,account_age,170,days,MEDIUM,own_history_12m,12 months,2026-10-01 00:00:00+00:00
BHV-000230,CUST-000023,recent_activity,168,days since last tx,HIGH,own_history_12m,12 months,2026-10-01 00:00:00+00:00
BHV-000231,CUST-000024,transaction_frequency,0.0606,tx/day,MEDIUM,own_history_12m,12 months,2026-10-01 00:00:00+00:00
BHV-000232,CUST-000024,transaction_velocity,1,max tx in 60 min,LOW,own_history_12m,12 months,2026-10-01 00:00:00+00:00
BHV-000233,CUST-000024,amount_deviation,4.817,|last30/prior90 - 1|,HIGH,own_history_12m,12 months,2026-10-01 00:00:00+00:00
BHV-000234,CUST-000024,unusual_timing,0.062,share 00-05 UTC,MEDIUM,own_history_12m,12 months,2026-10-01 00:00:00+00:00
BHV-000235,CUST-000024,unusual_location,0.0,share foreign-country tx,LOW,own_history_12m,12 months,2026-10-01 00:00:00+00:00
BHV-000236,CUST-000024,failed_transaction_rate,0.062,failed/all,LOW,own_history_12m,12 months,2026-10-01 00:00:00+00:00
BHV-000237,CUST-000024,spending_pattern_change,5.817,last30 avg / prior90 avg,HIGH,own_history_12m,12 months,2026-10-01 00:00:00+00:00
BHV-000238,CUST-000024,transaction_burst,0,bursts (4 tx/15 min),LOW,own_history_12m,12 months,2026-10-01 00:00:00+00:00
BHV-000239,CUST-000024,account_age,264,days,LOW,own_history_12m,12 months,2026-10-01 00:00:00+00:00
BHV-000240,CUST-000024,recent_activity,212,days since last tx,HIGH,own_history_12m,12 months,2026-10-01 00:00:00+00:00
BHV-000241,CUST-000025,transaction_frequency,0.1262,tx/day,MEDIUM,own_history_12m,12 months,2026-10-01 00:00:00+00:00
BHV-000242,CUST-000025,transaction_velocity,1,max tx in 60 min,LOW,own_history_12m,12 months,2026-10-01 00:00:00+00:00
BHV-000243,CUST-000025,amount_deviation,1.973,|last30/prior90 - 1|,HIGH,own_history_12m,12 months,2026-10-01 00:00:00+00:00
BHV-000244,CUST-000025,unusual_timing,0.385,share 00-05 UTC,HIGH,own_history_12m,12 months,2026-10-01 00:00:00+00:00
BHV-000245,CUST-000025,unusual_location,0.0,share foreign-country tx,LOW,own_history_12m,12 months,2026-10-01 00:00:00+00:00
BHV-000246,CUST-000025,failed_transaction_rate,0.462,failed/all,HIGH,own_history_12m,12 months,2026-10-01 00:00:00+00:00
BHV-000247,CUST-000025,spending_pattern_change,2.973,last30 avg / prior90 avg,HIGH,own_history_12m,12 months,2026-10-01 00:00:00+00:00
BHV-000248,CUST-000025,transaction_burst,0,bursts (4 tx/15 min),LOW,own_history_12m,12 months,2026-10-01 00:00:00+00:00
BHV-000249,CUST-000025,account_age,103,days,MEDIUM,own_history_12m,12 months,2026-10-01 00:00:00+00:00
BHV-000250,CUST-000025,recent_activity,100,days since last tx,HIGH,own_history_12m,12 months,2026-10-01 00:00:00+00:00
BHV-000251,CUST-000026,transaction_frequency,0.1818,tx/day,HIGH,own_history_12m,12 months,2026-10-01 00:00:00+00:00
BHV-000252,CUST-000026,transaction_velocity,1,max tx in 60 min,LOW,own_history_12m,12 months,2026-10-01 00:00:00+00:00
BHV-000253,CUST-000026,amount_deviation,4.937,|last30/prior90 - 1|,HIGH,own_history_12m,12 months,2026-10-01 00:00:00+00:00
BHV-000254,CUST-000026,unusual_timing,0.3,share 00-05 UTC,HIGH,own_history_12m,12 months,2026-10-01 00:00:00+00:00
BHV-000255,CUST-000026,unusual_location,0.0,share foreign-country tx,LOW,own_history_12m,12 months,2026-10-01 00:00:00+00:00
BHV-000256,CUST-000026,failed_transaction_rate,0.05,failed/all,LOW,own_history_12m,12 months,2026-10-01 00:00:00+00:00
BHV-000257,CUST-000026,spending_pattern_change,5.937,last30 avg / prior90 avg,HIGH,own_history_12m,12 months,2026-10-01 00:00:00+00:00
BHV-000258,CUST-000026,transaction_burst,0,bursts (4 tx/15 min),LOW,own_history_12m,12 months,2026-10-01 00:00:00+00:00
BHV-000259,CUST-000026,account_age,110,days,MEDIUM,own_history_12m,12 months,2026-10-01 00:00:00+00:00
BHV-000260,CUST-000026,recent_activity,94,days since last tx,HIGH,own_history_12m,12 months,2026-10-01 00:00:00+00:00
BHV-000261,CUST-000027,transaction_frequency,0.17,tx/day,HIGH,own_history_12m,12 months,2026-10-01 00:00:00+00:00
BHV-000262,CUST-000027,transaction_velocity,1,max tx in 60 min,LOW,own_history_12m,12 months,2026-10-01 00:00:00+00:00
BHV-000263,CUST-000027,amount_deviation,0.261,|last30/prior90 - 1|,LOW,own_history_12m,12 months,2026-10-01 00:00:00+00:00
BHV-000264,CUST-000027,unusual_timing,0.294,share 00-05 UTC,HIGH,own_history_12m,12 months,2026-10-01 00:00:00+00:00
BHV-000265,CUST-000027,unusual_location,0.0,share foreign-country tx,LOW,own_history_12m,12 months,2026-10-01 00:00:00+00:00
BHV-000266,CUST-000027,failed_transaction_rate,0.0,failed/all,LOW,own_history_12m,12 months,2026-10-01 00:00:00+00:00
BHV-000267,CUST-000027,spending_pattern_change,1.261,last30 avg / prior90 avg,LOW,own_history_12m,12 months,2026-10-01 00:00:00+00:00
BHV-000268,CUST-000027,transaction_burst,0,bursts (4 tx/15 min),LOW,own_history_12m,12 months,2026-10-01 00:00:00+00:00
BHV-000269,CUST-000027,account_age,100,days,MEDIUM,own_history_12m,12 months,2026-10-01 00:00:00+00:00
BHV-000270,CUST-000027,recent_activity,95,days since last tx,HIGH,own_history_12m,12 months,2026-10-01 00:00:00+00:00
BHV-000271,CUST-000028,transaction_frequency,0.0095,tx/day,LOW,own_history_12m,12 months,2026-10-01 00:00:00+00:00
BHV-000272,CUST-000028,transaction_velocity,1,max tx in 60 min,LOW,own_history_12m,12 months,2026-10-01 00:00:00+00:00
BHV-000273,CUST-000028,amount_deviation,0.0,|last30/prior90 - 1|,LOW,own_history_12m,12 months,2026-10-01 00:00:00+00:00
BHV-000274,CUST-000028,unusual_timing,0.0,share 00-05 UTC,LOW,own_history_12m,12 months,2026-10-01 00:00:00+00:00
BHV-000275,CUST-000028,unusual_location,0.0,share foreign-country tx,LOW,own_history_12m,12 months,2026-10-01 00:00:00+00:00
BHV-000276,CUST-000028,failed_transaction_rate,0.0,failed/all,LOW,own_history_12m,12 months,2026-10-01 00:00:00+00:00
BHV-000277,CUST-000028,spending_pattern_change,1.0,last30 avg / prior90 avg,LOW,own_history_12m,12 months,2026-10-01 00:00:00+00:00
BHV-000278,CUST-000028,transaction_burst,0,bursts (4 tx/15 min),LOW,own_history_12m,12 months,2026-10-01 00:00:00+00:00
BHV-000279,CUST-000028,account_age,211,days,LOW,own_history_12m,12 months,2026-10-01 00:00:00+00:00
BHV-000280,CUST-000028,recent_activity,183,days since last tx,HIGH,own_history_12m,12 months,2026-10-01 00:00:00+00:00
BHV-000281,CUST-000029,transaction_frequency,0.0511,tx/day,MEDIUM,own_history_12m,12 months,2026-10-01 00:00:00+00:00
BHV-000282,CUST-000029,transaction_velocity,1,max tx in 60 min,LOW,own_history_12m,12 months,2026-10-01 00:00:00+00:00
BHV-000283,CUST-000029,amount_deviation,0.851,|last30/prior90 - 1|,HIGH,own_history_12m,12 months,2026-10-01 00:00:00+00:00
BHV-000284,CUST-000029,unusual_timing,0.059,share 00-05 UTC,MEDIUM,own_history_12m,12 months,2026-10-01 00:00:00+00:00
BHV-000285,CUST-000029,unusual_location,0.0,share foreign-country tx,LOW,own_history_12m,12 months,2026-10-01 00:00:00+00:00
BHV-000286,CUST-000029,failed_transaction_rate,0.059,failed/all,LOW,own_history_12m,12 months,2026-10-01 00:00:00+00:00
BHV-000287,CUST-000029,spending_pattern_change,0.149,last30 avg / prior90 avg,MEDIUM,own_history_12m,12 months,2026-10-01 00:00:00+00:00
BHV-000288,CUST-000029,transaction_burst,0,bursts (4 tx/15 min),LOW,own_history_12m,12 months,2026-10-01 00:00:00+00:00
BHV-000289,CUST-000029,account_age,333,days,LOW,own_history_12m,12 months,2026-10-01 00:00:00+00:00
BHV-000290,CUST-000029,recent_activity,330,days since last tx,HIGH,own_history_12m,12 months,2026-10-01 00:00:00+00:00
BHV-000291,CUST-000030,transaction_frequency,0.1146,tx/day,MEDIUM,own_history_12m,12 months,2026-10-01 00:00:00+00:00
BHV-000292,CUST-000030,transaction_velocity,1,max tx in 60 min,LOW,own_history_12m,12 months,2026-10-01 00:00:00+00:00
BHV-000293,CUST-000030,amount_deviation,0.067,|last30/prior90 - 1|,LOW,own_history_12m,12 months,2026-10-01 00:00:00+00:00
BHV-000294,CUST-000030,unusual_timing,0.222,share 00-05 UTC,MEDIUM,own_history_12m,12 months,2026-10-01 00:00:00+00:00
BHV-000295,CUST-000030,unusual_location,0.0,share foreign-country tx,LOW,own_history_12m,12 months,2026-10-01 00:00:00+00:00
BHV-000296,CUST-000030,failed_transaction_rate,0.056,failed/all,LOW,own_history_12m,12 months,2026-10-01 00:00:00+00:00
BHV-000297,CUST-000030,spending_pattern_change,1.067,last30 avg / prior90 avg,LOW,own_history_12m,12 months,2026-10-01 00:00:00+00:00
BHV-000298,CUST-000030,transaction_burst,0,bursts (4 tx/15 min),LOW,own_history_12m,12 months,2026-10-01 00:00:00+00:00
BHV-000299,CUST-000030,account_age,157,days,MEDIUM,own_history_12m,12 months,2026-10-01 00:00:00+00:00
BHV-000300,CUST-000030,recent_activity,153,days since last tx,HIGH,own_history_12m,12 months,2026-10-01 00:00:00+00:00
BHV-000301,CUST-000031,transaction_frequency,0.1011,tx/day,MEDIUM,own_history_12m,12 months,2026-10-01 00:00:00+00:00
BHV-000302,CUST-000031,transaction_velocity,1,max tx in 60 min,LOW,own_history_12m,12 months,2026-10-01 00:00:00+00:00
BHV-000303,CUST-000031,amount_deviation,0.0,|last30/prior90 - 1|,LOW,own_history_12m,12 months,2026-10-01 00:00:00+00:00
BHV-000304,CUST-000031,unusual_timing,0.296,share 00-05 UTC,HIGH,own_history_12m,12 months,2026-10-01 00:00:00+00:00
BHV-000305,CUST-000031,unusual_location,0.0,share foreign-country tx,LOW,own_history_12m,12 months,2026-10-01 00:00:00+00:00
BHV-000306,CUST-000031,failed_transaction_rate,0.148,failed/all,MEDIUM,own_history_12m,12 months,2026-10-01 00:00:00+00:00
BHV-000307,CUST-000031,spending_pattern_change,1.0,last30 avg / prior90 avg,LOW,own_history_12m,12 months,2026-10-01 00:00:00+00:00
BHV-000308,CUST-000031,transaction_burst,0,bursts (4 tx/15 min),LOW,own_history_12m,12 months,2026-10-01 00:00:00+00:00
BHV-000309,CUST-000031,account_age,267,days,LOW,own_history_12m,12 months,2026-10-01 00:00:00+00:00
BHV-000310,CUST-000031,recent_activity,265,days since last tx,HIGH,own_history_12m,12 months,2026-10-01 00:00:00+00:00
BHV-000311,CUST-000032,transaction_frequency,0.0941,tx/day,MEDIUM,own_history_12m,12 months,2026-10-01 00:00:00+00:00
BHV-000312,CUST-000032,transaction_velocity,1,max tx in 60 min,LOW,own_history_12m,12 months,2026-10-01 00:00:00+00:00
BHV-000313,CUST-000032,amount_deviation,0.733,|last30/prior90 - 1|,MEDIUM,own_history_12m,12 months,2026-10-01 00:00:00+00:00
BHV-000314,CUST-000032,unusual_timing,0.125,share 00-05 UTC,MEDIUM,own_history_12m,12 months,2026-10-01 00:00:00+00:00
BHV-000315,CUST-000032,unusual_location,0.0,share foreign-country tx,LOW,own_history_12m,12 months,2026-10-01 00:00:00+00:00
BHV-000316,CUST-000032,failed_transaction_rate,0.375,failed/all,HIGH,own_history_12m,12 months,2026-10-01 00:00:00+00:00
BHV-000317,CUST-000032,spending_pattern_change,0.267,last30 avg / prior90 avg,MEDIUM,own_history_12m,12 months,2026-10-01 00:00:00+00:00
BHV-000318,CUST-000032,transaction_burst,0,bursts (4 tx/15 min),LOW,own_history_12m,12 months,2026-10-01 00:00:00+00:00
BHV-000319,CUST-000032,account_age,85,days,MEDIUM,own_history_12m,12 months,2026-10-01 00:00:00+00:00
BHV-000320,CUST-000032,recent_activity,84,days since last tx,MEDIUM,own_history_12m,12 months,2026-10-01 00:00:00+00:00
BHV-000321,CUST-000033,transaction_frequency,0.0192,tx/day,LOW,own_history_12m,12 months,2026-10-01 00:00:00+00:00
BHV-000322,CUST-000033,transaction_velocity,1,max tx in 60 min,LOW,own_history_12m,12 months,2026-10-01 00:00:00+00:00
BHV-000323,CUST-000033,amount_deviation,0.543,|last30/prior90 - 1|,MEDIUM,own_history_12m,12 months,2026-10-01 00:00:00+00:00
BHV-000324,CUST-000033,unusual_timing,0.167,share 00-05 UTC,MEDIUM,own_history_12m,12 months,2026-10-01 00:00:00+00:00
BHV-000325,CUST-000033,unusual_location,0.0,share foreign-country tx,LOW,own_history_12m,12 months,2026-10-01 00:00:00+00:00
BHV-000326,CUST-000033,failed_transaction_rate,0.167,failed/all,MEDIUM,own_history_12m,12 months,2026-10-01 00:00:00+00:00
BHV-000327,CUST-000033,spending_pattern_change,0.457,last30 avg / prior90 avg,MEDIUM,own_history_12m,12 months,2026-10-01 00:00:00+00:00
BHV-000328,CUST-000033,transaction_burst,0,bursts (4 tx/15 min),LOW,own_history_12m,12 months,2026-10-01 00:00:00+00:00
BHV-000329,CUST-000033,account_age,312,days,LOW,own_history_12m,12 months,2026-10-01 00:00:00+00:00
BHV-000330,CUST-000033,recent_activity,238,days since last tx,HIGH,own_history_12m,12 months,2026-10-01 00:00:00+00:00
BHV-000331,CUST-000034,transaction_frequency,0.1094,tx/day,MEDIUM,own_history_12m,12 months,2026-10-01 00:00:00+00:00
BHV-000332,CUST-000034,transaction_velocity,1,max tx in 60 min,LOW,own_history_12m,12 months,2026-10-01 00:00:00+00:00
BHV-000333,CUST-000034,amount_deviation,0.072,|last30/prior90 - 1|,LOW,own_history_12m,12 months,2026-10-01 00:00:00+00:00
BHV-000334,CUST-000034,unusual_timing,0.357,share 00-05 UTC,HIGH,own_history_12m,12 months,2026-10-01 00:00:00+00:00
BHV-000335,CUST-000034,unusual_location,0.0,share foreign-country tx,LOW,own_history_12m,12 months,2026-10-01 00:00:00+00:00
BHV-000336,CUST-000034,failed_transaction_rate,0.25,failed/all,MEDIUM,own_history_12m,12 months,2026-10-01 00:00:00+00:00
BHV-000337,CUST-000034,spending_pattern_change,1.072,last30 avg / prior90 avg,LOW,own_history_12m,12 months,2026-10-01 00:00:00+00:00
BHV-000338,CUST-000034,transaction_burst,0,bursts (4 tx/15 min),LOW,own_history_12m,12 months,2026-10-01 00:00:00+00:00
BHV-000339,CUST-000034,account_age,256,days,LOW,own_history_12m,12 months,2026-10-01 00:00:00+00:00
BHV-000340,CUST-000034,recent_activity,245,days since last tx,HIGH,own_history_12m,12 months,2026-10-01 00:00:00+00:00
BHV-000341,CUST-000035,transaction_frequency,0.0843,tx/day,MEDIUM,own_history_12m,12 months,2026-10-01 00:00:00+00:00
BHV-000342,CUST-000035,transaction_velocity,1,max tx in 60 min,LOW,own_history_12m,12 months,2026-10-01 00:00:00+00:00
BHV-000343,CUST-000035,amount_deviation,0.9,|last30/prior90 - 1|,HIGH,own_history_12m,12 months,2026-10-01 00:00:00+00:00
BHV-000344,CUST-000035,unusual_timing,0.333,share 00-05 UTC,HIGH,own_history_12m,12 months,2026-10-01 00:00:00+00:00
BHV-000345,CUST-000035,unusual_location,0.0,share foreign-country tx,LOW,own_history_12m,12 months,2026-10-01 00:00:00+00:00
BHV-000346,CUST-000035,failed_transaction_rate,0.095,failed/all,LOW,own_history_12m,12 months,2026-10-01 00:00:00+00:00
BHV-000347,CUST-000035,spending_pattern_change,1.9,last30 avg / prior90 avg,MEDIUM,own_history_12m,12 months,2026-10-01 00:00:00+00:00
BHV-000348,CUST-000035,transaction_burst,0,bursts (4 tx/15 min),LOW,own_history_12m,12 months,2026-10-01 00:00:00+00:00
BHV-000349,CUST-000035,account_age,249,days,LOW,own_history_12m,12 months,2026-10-01 00:00:00+00:00
BHV-000350,CUST-000035,recent_activity,248,days since last tx,HIGH,own_history_12m,12 months,2026-10-01 00:00:00+00:00
BHV-000351,CUST-000036,transaction_frequency,0.0546,tx/day,MEDIUM,own_history_12m,12 months,2026-10-01 00:00:00+00:00
BHV-000352,CUST-000036,transaction_velocity,1,max tx in 60 min,LOW,own_history_12m,12 months,2026-10-01 00:00:00+00:00
BHV-000353,CUST-000036,amount_deviation,1.616,|last30/prior90 - 1|,HIGH,own_history_12m,12 months,2026-10-01 00:00:00+00:00
BHV-000354,CUST-000036,unusual_timing,0.105,share 00-05 UTC,MEDIUM,own_history_12m,12 months,2026-10-01 00:00:00+00:00
BHV-000355,CUST-000036,unusual_location,0.0,share foreign-country tx,LOW,own_history_12m,12 months,2026-10-01 00:00:00+00:00
BHV-000356,CUST-000036,failed_transaction_rate,0.053,failed/all,LOW,own_history_12m,12 months,2026-10-01 00:00:00+00:00
BHV-000357,CUST-000036,spending_pattern_change,2.616,last30 avg / prior90 avg,HIGH,own_history_12m,12 months,2026-10-01 00:00:00+00:00
BHV-000358,CUST-000036,transaction_burst,0,bursts (4 tx/15 min),LOW,own_history_12m,12 months,2026-10-01 00:00:00+00:00
BHV-000359,CUST-000036,account_age,348,days,LOW,own_history_12m,12 months,2026-10-01 00:00:00+00:00
BHV-000360,CUST-000036,recent_activity,324,days since last tx,HIGH,own_history_12m,12 months,2026-10-01 00:00:00+00:00
BHV-000361,CUST-000037,transaction_frequency,0.0573,tx/day,MEDIUM,own_history_12m,12 months,2026-10-01 00:00:00+00:00
BHV-000362,CUST-000037,transaction_velocity,1,max tx in 60 min,LOW,own_history_12m,12 months,2026-10-01 00:00:00+00:00
BHV-000363,CUST-000037,amount_deviation,0.423,|last30/prior90 - 1|,MEDIUM,own_history_12m,12 months,2026-10-01 00:00:00+00:00
BHV-000364,CUST-000037,unusual_timing,0.222,share 00-05 UTC,MEDIUM,own_history_12m,12 months,2026-10-01 00:00:00+00:00
BHV-000365,CUST-000037,unusual_location,0.0,share foreign-country tx,LOW,own_history_12m,12 months,2026-10-01 00:00:00+00:00
BHV-000366,CUST-000037,failed_transaction_rate,0.111,failed/all,MEDIUM,own_history_12m,12 months,2026-10-01 00:00:00+00:00
BHV-000367,CUST-000037,spending_pattern_change,0.577,last30 avg / prior90 avg,MEDIUM,own_history_12m,12 months,2026-10-01 00:00:00+00:00
BHV-000368,CUST-000037,transaction_burst,0,bursts (4 tx/15 min),LOW,own_history_12m,12 months,2026-10-01 00:00:00+00:00
BHV-000369,CUST-000037,account_age,157,days,MEDIUM,own_history_12m,12 months,2026-10-01 00:00:00+00:00
BHV-000370,CUST-000037,recent_activity,115,days since last tx,HIGH,own_history_12m,12 months,2026-10-01 00:00:00+00:00
BHV-000371,CUST-000038,transaction_frequency,0.1234,tx/day,MEDIUM,own_history_12m,12 months,2026-10-01 00:00:00+00:00
BHV-000372,CUST-000038,transaction_velocity,1,max tx in 60 min,LOW,own_history_12m,12 months,2026-10-01 00:00:00+00:00
BHV-000373,CUST-000038,amount_deviation,0.315,|last30/prior90 - 1|,MEDIUM,own_history_12m,12 months,2026-10-01 00:00:00+00:00
BHV-000374,CUST-000038,unusual_timing,0.368,share 00-05 UTC,HIGH,own_history_12m,12 months,2026-10-01 00:00:00+00:00
BHV-000375,CUST-000038,unusual_location,0.0,share foreign-country tx,LOW,own_history_12m,12 months,2026-10-01 00:00:00+00:00
BHV-000376,CUST-000038,failed_transaction_rate,0.053,failed/all,LOW,own_history_12m,12 months,2026-10-01 00:00:00+00:00
BHV-000377,CUST-000038,spending_pattern_change,0.685,last30 avg / prior90 avg,LOW,own_history_12m,12 months,2026-10-01 00:00:00+00:00
BHV-000378,CUST-000038,transaction_burst,0,bursts (4 tx/15 min),LOW,own_history_12m,12 months,2026-10-01 00:00:00+00:00
BHV-000379,CUST-000038,account_age,154,days,MEDIUM,own_history_12m,12 months,2026-10-01 00:00:00+00:00
BHV-000380,CUST-000038,recent_activity,153,days since last tx,HIGH,own_history_12m,12 months,2026-10-01 00:00:00+00:00
BHV-000381,CUST-000039,transaction_frequency,0.0873,tx/day,MEDIUM,own_history_12m,12 months,2026-10-01 00:00:00+00:00
BHV-000382,CUST-000039,transaction_velocity,1,max tx in 60 min,LOW,own_history_12m,12 months,2026-10-01 00:00:00+00:00
BHV-000383,CUST-000039,amount_deviation,0.066,|last30/prior90 - 1|,LOW,own_history_12m,12 months,2026-10-01 00:00:00+00:00
BHV-000384,CUST-000039,unusual_timing,0.345,share 00-05 UTC,HIGH,own_history_12m,12 months,2026-10-01 00:00:00+00:00
BHV-000385,CUST-000039,unusual_location,0.0,share foreign-country tx,LOW,own_history_12m,12 months,2026-10-01 00:00:00+00:00
BHV-000386,CUST-000039,failed_transaction_rate,0.103,failed/all,MEDIUM,own_history_12m,12 months,2026-10-01 00:00:00+00:00
BHV-000387,CUST-000039,spending_pattern_change,0.934,last30 avg / prior90 avg,LOW,own_history_12m,12 months,2026-10-01 00:00:00+00:00
BHV-000388,CUST-000039,transaction_burst,0,bursts (4 tx/15 min),LOW,own_history_12m,12 months,2026-10-01 00:00:00+00:00
BHV-000389,CUST-000039,account_age,332,days,LOW,own_history_12m,12 months,2026-10-01 00:00:00+00:00
BHV-000390,CUST-000039,recent_activity,313,days since last tx,HIGH,own_history_12m,12 months,2026-10-01 00:00:00+00:00
BHV-000391,CUST-000040,transaction_frequency,0.1345,tx/day,MEDIUM,own_history_12m,12 months,2026-10-01 00:00:00+00:00
BHV-000392,CUST-000040,transaction_velocity,1,max tx in 60 min,LOW,own_history_12m,12 months,2026-10-01 00:00:00+00:00
BHV-000393,CUST-000040,amount_deviation,1.819,|last30/prior90 - 1|,HIGH,own_history_12m,12 months,2026-10-01 00:00:00+00:00
BHV-000394,CUST-000040,unusual_timing,0.312,share 00-05 UTC,HIGH,own_history_12m,12 months,2026-10-01 00:00:00+00:00
BHV-000395,CUST-000040,unusual_location,0.0,share foreign-country tx,LOW,own_history_12m,12 months,2026-10-01 00:00:00+00:00
BHV-000396,CUST-000040,failed_transaction_rate,0.5,failed/all,HIGH,own_history_12m,12 months,2026-10-01 00:00:00+00:00
BHV-000397,CUST-000040,spending_pattern_change,2.819,last30 avg / prior90 avg,HIGH,own_history_12m,12 months,2026-10-01 00:00:00+00:00
BHV-000398,CUST-000040,transaction_burst,0,bursts (4 tx/15 min),LOW,own_history_12m,12 months,2026-10-01 00:00:00+00:00
BHV-000399,CUST-000040,account_age,119,days,MEDIUM,own_history_12m,12 months,2026-10-01 00:00:00+00:00
BHV-000400,CUST-000040,recent_activity,114,days since last tx,HIGH,own_history_12m,12 months,2026-10-01 00:00:00+00:00
BHV-000401,CUST-000041,transaction_frequency,0.047,tx/day,MEDIUM,own_history_12m,12 months,2026-10-01 00:00:00+00:00
BHV-000402,CUST-000041,transaction_velocity,1,max tx in 60 min,LOW,own_history_12m,12 months,2026-10-01 00:00:00+00:00
BHV-000403,CUST-000041,amount_deviation,0.814,|last30/prior90 - 1|,HIGH,own_history_12m,12 months,2026-10-01 00:00:00+00:00
BHV-000404,CUST-000041,unusual_timing,0.364,share 00-05 UTC,HIGH,own_history_12m,12 months,2026-10-01 00:00:00+00:00
BHV-000405,CUST-000041,unusual_location,0.0,share foreign-country tx,LOW,own_history_12m,12 months,2026-10-01 00:00:00+00:00
BHV-000406,CUST-000041,failed_transaction_rate,0.091,failed/all,LOW,own_history_12m,12 months,2026-10-01 00:00:00+00:00
BHV-000407,CUST-000041,spending_pattern_change,0.186,last30 avg / prior90 avg,MEDIUM,own_history_12m,12 months,2026-10-01 00:00:00+00:00
BHV-000408,CUST-000041,transaction_burst,0,bursts (4 tx/15 min),LOW,own_history_12m,12 months,2026-10-01 00:00:00+00:00
BHV-000409,CUST-000041,account_age,234,days,LOW,own_history_12m,12 months,2026-10-01 00:00:00+00:00
BHV-000410,CUST-000041,recent_activity,214,days since last tx,HIGH,own_history_12m,12 months,2026-10-01 00:00:00+00:00
BHV-000411,CUST-000042,transaction_frequency,0.0618,tx/day,MEDIUM,own_history_12m,12 months,2026-10-01 00:00:00+00:00
BHV-000412,CUST-000042,transaction_velocity,1,max tx in 60 min,LOW,own_history_12m,12 months,2026-10-01 00:00:00+00:00
BHV-000413,CUST-000042,amount_deviation,5.097,|last30/prior90 - 1|,HIGH,own_history_12m,12 months,2026-10-01 00:00:00+00:00
BHV-000414,CUST-000042,unusual_timing,0.091,share 00-05 UTC,MEDIUM,own_history_12m,12 months,2026-10-01 00:00:00+00:00
BHV-000415,CUST-000042,unusual_location,0.0,share foreign-country tx,LOW,own_history_12m,12 months,2026-10-01 00:00:00+00:00
BHV-000416,CUST-000042,failed_transaction_rate,0.091,failed/all,LOW,own_history_12m,12 months,2026-10-01 00:00:00+00:00
BHV-000417,CUST-000042,spending_pattern_change,6.097,last30 avg / prior90 avg,HIGH,own_history_12m,12 months,2026-10-01 00:00:00+00:00
BHV-000418,CUST-000042,transaction_burst,0,bursts (4 tx/15 min),LOW,own_history_12m,12 months,2026-10-01 00:00:00+00:00
BHV-000419,CUST-000042,account_age,178,days,MEDIUM,own_history_12m,12 months,2026-10-01 00:00:00+00:00
BHV-000420,CUST-000042,recent_activity,176,days since last tx,HIGH,own_history_12m,12 months,2026-10-01 00:00:00+00:00
BHV-000421,CUST-000043,transaction_frequency,0.0379,tx/day,MEDIUM,own_history_12m,12 months,2026-10-01 00:00:00+00:00
BHV-000422,CUST-000043,transaction_velocity,1,max tx in 60 min,LOW,own_history_12m,12 months,2026-10-01 00:00:00+00:00
BHV-000423,CUST-000043,amount_deviation,1.549,|last30/prior90 - 1|,HIGH,own_history_12m,12 months,2026-10-01 00:00:00+00:00
BHV-000424,CUST-000043,unusual_timing,0.2,share 00-05 UTC,MEDIUM,own_history_12m,12 months,2026-10-01 00:00:00+00:00
BHV-000425,CUST-000043,unusual_location,0.0,share foreign-country tx,LOW,own_history_12m,12 months,2026-10-01 00:00:00+00:00
BHV-000426,CUST-000043,failed_transaction_rate,0.0,failed/all,LOW,own_history_12m,12 months,2026-10-01 00:00:00+00:00
BHV-000427,CUST-000043,spending_pattern_change,2.549,last30 avg / prior90 avg,HIGH,own_history_12m,12 months,2026-10-01 00:00:00+00:00
BHV-000428,CUST-000043,transaction_burst,0,bursts (4 tx/15 min),LOW,own_history_12m,12 months,2026-10-01 00:00:00+00:00
BHV-000429,CUST-000043,account_age,264,days,LOW,own_history_12m,12 months,2026-10-01 00:00:00+00:00
BHV-000430,CUST-000043,recent_activity,260,days since last tx,HIGH,own_history_12m,12 months,2026-10-01 00:00:00+00:00
BHV-000431,CUST-000044,transaction_frequency,0.0712,tx/day,MEDIUM,own_history_12m,12 months,2026-10-01 00:00:00+00:00
BHV-000432,CUST-000044,transaction_velocity,1,max tx in 60 min,LOW,own_history_12m,12 months,2026-10-01 00:00:00+00:00
BHV-000433,CUST-000044,amount_deviation,1.146,|last30/prior90 - 1|,HIGH,own_history_12m,12 months,2026-10-01 00:00:00+00:00
BHV-000434,CUST-000044,unusual_timing,0.28,share 00-05 UTC,HIGH,own_history_12m,12 months,2026-10-01 00:00:00+00:00
BHV-000435,CUST-000044,unusual_location,0.0,share foreign-country tx,LOW,own_history_12m,12 months,2026-10-01 00:00:00+00:00
BHV-000436,CUST-000044,failed_transaction_rate,0.2,failed/all,MEDIUM,own_history_12m,12 months,2026-10-01 00:00:00+00:00
BHV-000437,CUST-000044,spending_pattern_change,2.146,last30 avg / prior90 avg,HIGH,own_history_12m,12 months,2026-10-01 00:00:00+00:00
BHV-000438,CUST-000044,transaction_burst,0,bursts (4 tx/15 min),LOW,own_history_12m,12 months,2026-10-01 00:00:00+00:00
BHV-000439,CUST-000044,account_age,351,days,LOW,own_history_12m,12 months,2026-10-01 00:00:00+00:00
BHV-000440,CUST-000044,recent_activity,349,days since last tx,HIGH,own_history_12m,12 months,2026-10-01 00:00:00+00:00
BHV-000441,CUST-000045,transaction_frequency,0.2674,tx/day,HIGH,own_history_12m,12 months,2026-10-01 00:00:00+00:00
BHV-000442,CUST-000045,transaction_velocity,2,max tx in 60 min,MEDIUM,own_history_12m,12 months,2026-10-01 00:00:00+00:00
BHV-000443,CUST-000045,amount_deviation,0.182,|last30/prior90 - 1|,LOW,own_history_12m,12 months,2026-10-01 00:00:00+00:00
BHV-000444,CUST-000045,unusual_timing,0.348,share 00-05 UTC,HIGH,own_history_12m,12 months,2026-10-01 00:00:00+00:00
BHV-000445,CUST-000045,unusual_location,0.0,share foreign-country tx,LOW,own_history_12m,12 months,2026-10-01 00:00:00+00:00
BHV-000446,CUST-000045,failed_transaction_rate,0.0,failed/all,LOW,own_history_12m,12 months,2026-10-01 00:00:00+00:00
BHV-000447,CUST-000045,spending_pattern_change,0.818,last30 avg / prior90 avg,LOW,own_history_12m,12 months,2026-10-01 00:00:00+00:00
BHV-000448,CUST-000045,transaction_burst,0,bursts (4 tx/15 min),LOW,own_history_12m,12 months,2026-10-01 00:00:00+00:00
BHV-000449,CUST-000045,account_age,86,days,MEDIUM,own_history_12m,12 months,2026-10-01 00:00:00+00:00
BHV-000450,CUST-000045,recent_activity,85,days since last tx,MEDIUM,own_history_12m,12 months,2026-10-01 00:00:00+00:00
BHV-000451,CUST-000046,transaction_frequency,0.14,tx/day,MEDIUM,own_history_12m,12 months,2026-10-01 00:00:00+00:00
BHV-000452,CUST-000046,transaction_velocity,1,max tx in 60 min,LOW,own_history_12m,12 months,2026-10-01 00:00:00+00:00
BHV-000453,CUST-000046,amount_deviation,1.05,|last30/prior90 - 1|,HIGH,own_history_12m,12 months,2026-10-01 00:00:00+00:00
BHV-000454,CUST-000046,unusual_timing,0.214,share 00-05 UTC,MEDIUM,own_history_12m,12 months,2026-10-01 00:00:00+00:00
BHV-000455,CUST-000046,unusual_location,0.0,share foreign-country tx,LOW,own_history_12m,12 months,2026-10-01 00:00:00+00:00
BHV-000456,CUST-000046,failed_transaction_rate,0.071,failed/all,LOW,own_history_12m,12 months,2026-10-01 00:00:00+00:00
BHV-000457,CUST-000046,spending_pattern_change,2.05,last30 avg / prior90 avg,HIGH,own_history_12m,12 months,2026-10-01 00:00:00+00:00
BHV-000458,CUST-000046,transaction_burst,0,bursts (4 tx/15 min),LOW,own_history_12m,12 months,2026-10-01 00:00:00+00:00
BHV-000459,CUST-000046,account_age,200,days,LOW,own_history_12m,12 months,2026-10-01 00:00:00+00:00
BHV-000460,CUST-000046,recent_activity,197,days since last tx,HIGH,own_history_12m,12 months,2026-10-01 00:00:00+00:00
BHV-000461,CUST-000047,transaction_frequency,0.0567,tx/day,MEDIUM,own_history_12m,12 months,2026-10-01 00:00:00+00:00
BHV-000462,CUST-000047,transaction_velocity,1,max tx in 60 min,LOW,own_history_12m,12 months,2026-10-01 00:00:00+00:00
BHV-000463,CUST-000047,amount_deviation,0,|last30/prior90 - 1|,LOW,own_history_12m,12 months,2026-10-01 00:00:00+00:00
BHV-000464,CUST-000047,unusual_timing,0.235,share 00-05 UTC,MEDIUM,own_history_12m,12 months,2026-10-01 00:00:00+00:00
BHV-000465,CUST-000047,unusual_location,0.0,share foreign-country tx,LOW,own_history_12m,12 months,2026-10-01 00:00:00+00:00
BHV-000466,CUST-000047,failed_transaction_rate,0.647,failed/all,HIGH,own_history_12m,12 months,2026-10-01 00:00:00+00:00
BHV-000467,CUST-000047,spending_pattern_change,,last30 avg / prior90 avg,LOW,own_history_12m,12 months,2026-10-01 00:00:00+00:00
BHV-000468,CUST-000047,transaction_burst,0,bursts (4 tx/15 min),LOW,own_history_12m,12 months,2026-10-01 00:00:00+00:00
BHV-000469,CUST-000047,account_age,300,days,LOW,own_history_12m,12 months,2026-10-01 00:00:00+00:00
BHV-000470,CUST-000047,recent_activity,295,days since last tx,HIGH,own_history_12m,12 months,2026-10-01 00:00:00+00:00
BHV-000471,CUST-000048,transaction_frequency,0.0973,tx/day,MEDIUM,own_history_12m,12 months,2026-10-01 00:00:00+00:00
BHV-000472,CUST-000048,transaction_velocity,1,max tx in 60 min,LOW,own_history_12m,12 months,2026-10-01 00:00:00+00:00
BHV-000473,CUST-000048,amount_deviation,0.06,|last30/prior90 - 1|,LOW,own_history_12m,12 months,2026-10-01 00:00:00+00:00
BHV-000474,CUST-000048,unusual_timing,0.091,share 00-05 UTC,MEDIUM,own_history_12m,12 months,2026-10-01 00:00:00+00:00
BHV-000475,CUST-000048,unusual_location,0.0,share foreign-country tx,LOW,own_history_12m,12 months,2026-10-01 00:00:00+00:00
BHV-000476,CUST-000048,failed_transaction_rate,0.136,failed/all,MEDIUM,own_history_12m,12 months,2026-10-01 00:00:00+00:00
BHV-000477,CUST-000048,spending_pattern_change,0.94,last30 avg / prior90 avg,LOW,own_history_12m,12 months,2026-10-01 00:00:00+00:00
BHV-000478,CUST-000048,transaction_burst,0,bursts (4 tx/15 min),LOW,own_history_12m,12 months,2026-10-01 00:00:00+00:00
BHV-000479,CUST-000048,account_age,226,days,LOW,own_history_12m,12 months,2026-10-01 00:00:00+00:00
BHV-000480,CUST-000048,recent_activity,220,days since last tx,HIGH,own_history_12m,12 months,2026-10-01 00:00:00+00:00
BHV-000481,CUST-000049,transaction_frequency,0.1189,tx/day,MEDIUM,own_history_12m,12 months,2026-10-01 00:00:00+00:00
BHV-000482,CUST-000049,transaction_velocity,1,max tx in 60 min,LOW,own_history_12m,12 months,2026-10-01 00:00:00+00:00
BHV-000483,CUST-000049,amount_deviation,5.915,|last30/prior90 - 1|,HIGH,own_history_12m,12 months,2026-10-01 00:00:00+00:00
BHV-000484,CUST-000049,unusual_timing,0.37,share 00-05 UTC,HIGH,own_history_12m,12 months,2026-10-01 00:00:00+00:00
BHV-000485,CUST-000049,unusual_location,0.0,share foreign-country tx,LOW,own_history_12m,12 months,2026-10-01 00:00:00+00:00
BHV-000486,CUST-000049,failed_transaction_rate,0.148,failed/all,MEDIUM,own_history_12m,12 months,2026-10-01 00:00:00+00:00
BHV-000487,CUST-000049,spending_pattern_change,6.915,last30 avg / prior90 avg,HIGH,own_history_12m,12 months,2026-10-01 00:00:00+00:00
BHV-000488,CUST-000049,transaction_burst,0,bursts (4 tx/15 min),LOW,own_history_12m,12 months,2026-10-01 00:00:00+00:00
BHV-000489,CUST-000049,account_age,227,days,LOW,own_history_12m,12 months,2026-10-01 00:00:00+00:00
BHV-000490,CUST-000049,recent_activity,211,days since last tx,HIGH,own_history_12m,12 months,2026-10-01 00:00:00+00:00
BHV-000491,CUST-000050,transaction_frequency,0.1361,tx/day,MEDIUM,own_history_12m,12 months,2026-10-01 00:00:00+00:00
BHV-000492,CUST-000050,transaction_velocity,1,max tx in 60 min,LOW,own_history_12m,12 months,2026-10-01 00:00:00+00:00
BHV-000493,CUST-000050,amount_deviation,0.243,|last30/prior90 - 1|,LOW,own_history_12m,12 months,2026-10-01 00:00:00+00:00
BHV-000494,CUST-000050,unusual_timing,0.192,share 00-05 UTC,MEDIUM,own_history_12m,12 months,2026-10-01 00:00:00+00:00
BHV-000495,CUST-000050,unusual_location,0.0,share foreign-country tx,LOW,own_history_12m,12 months,2026-10-01 00:00:00+00:00
BHV-000496,CUST-000050,failed_transaction_rate,0.154,failed/all,MEDIUM,own_history_12m,12 months,2026-10-01 00:00:00+00:00
BHV-000497,CUST-000050,spending_pattern_change,0.757,last30 avg / prior90 avg,LOW,own_history_12m,12 months,2026-10-01 00:00:00+00:00
BHV-000498,CUST-000050,transaction_burst,0,bursts (4 tx/15 min),LOW,own_history_12m,12 months,2026-10-01 00:00:00+00:00
BHV-000499,CUST-000050,account_age,191,days,LOW,own_history_12m,12 months,2026-10-01 00:00:00+00:00
BHV-000500,CUST-000050,recent_activity,182,days since last tx,HIGH,own_history_12m,12 months,2026-10-01 00:00:00+00:00
BHV-000501,CUST-000051,transaction_frequency,0.1364,tx/day,MEDIUM,own_history_12m,12 months,2026-10-01 00:00:00+00:00
BHV-000502,CUST-000051,transaction_velocity,1,max tx in 60 min,LOW,own_history_12m,12 months,2026-10-01 00:00:00+00:00
BHV-000503,CUST-000051,amount_deviation,0.458,|last30/prior90 - 1|,MEDIUM,own_history_12m,12 months,2026-10-01 00:00:00+00:00
BHV-000504,CUST-000051,unusual_timing,0.238,share 00-05 UTC,MEDIUM,own_history_12m,12 months,2026-10-01 00:00:00+00:00
BHV-000505,CUST-000051,unusual_location,0.0,share foreign-country tx,LOW,own_history_12m,12 months,2026-10-01 00:00:00+00:00
BHV-000506,CUST-000051,failed_transaction_rate,0.143,failed/all,MEDIUM,own_history_12m,12 months,2026-10-01 00:00:00+00:00
BHV-000507,CUST-000051,spending_pattern_change,0.542,last30 avg / prior90 avg,MEDIUM,own_history_12m,12 months,2026-10-01 00:00:00+00:00
BHV-000508,CUST-000051,transaction_burst,0,bursts (4 tx/15 min),LOW,own_history_12m,12 months,2026-10-01 00:00:00+00:00
BHV-000509,CUST-000051,account_age,154,days,MEDIUM,own_history_12m,12 months,2026-10-01 00:00:00+00:00
BHV-000510,CUST-000051,recent_activity,142,days since last tx,HIGH,own_history_12m,12 months,2026-10-01 00:00:00+00:00
BHV-000511,CUST-000052,transaction_frequency,0.1408,tx/day,MEDIUM,own_history_12m,12 months,2026-10-01 00:00:00+00:00
BHV-000512,CUST-000052,transaction_velocity,2,max tx in 60 min,MEDIUM,own_history_12m,12 months,2026-10-01 00:00:00+00:00
BHV-000513,CUST-000052,amount_deviation,0.686,|last30/prior90 - 1|,MEDIUM,own_history_12m,12 months,2026-10-01 00:00:00+00:00
BHV-000514,CUST-000052,unusual_timing,0.2,share 00-05 UTC,MEDIUM,own_history_12m,12 months,2026-10-01 00:00:00+00:00
BHV-000515,CUST-000052,unusual_location,0.0,share foreign-country tx,LOW,own_history_12m,12 months,2026-10-01 00:00:00+00:00
BHV-000516,CUST-000052,failed_transaction_rate,0.1,failed/all,MEDIUM,own_history_12m,12 months,2026-10-01 00:00:00+00:00
BHV-000517,CUST-000052,spending_pattern_change,0.314,last30 avg / prior90 avg,MEDIUM,own_history_12m,12 months,2026-10-01 00:00:00+00:00
BHV-000518,CUST-000052,transaction_burst,0,bursts (4 tx/15 min),LOW,own_history_12m,12 months,2026-10-01 00:00:00+00:00
BHV-000519,CUST-000052,account_age,71,days,MEDIUM,own_history_12m,12 months,2026-10-01 00:00:00+00:00
BHV-000520,CUST-000052,recent_activity,69,days since last tx,MEDIUM,own_history_12m,12 months,2026-10-01 00:00:00+00:00
BHV-000521,CUST-000053,transaction_frequency,0.1254,tx/day,MEDIUM,own_history_12m,12 months,2026-10-01 00:00:00+00:00
BHV-000522,CUST-000053,transaction_velocity,1,max tx in 60 min,LOW,own_history_12m,12 months,2026-10-01 00:00:00+00:00
BHV-000523,CUST-000053,amount_deviation,23.003,|last30/prior90 - 1|,HIGH,own_history_12m,12 months,2026-10-01 00:00:00+00:00
BHV-000524,CUST-000053,unusual_timing,0.25,share 00-05 UTC,HIGH,own_history_12m,12 months,2026-10-01 00:00:00+00:00
BHV-000525,CUST-000053,unusual_location,0.0,share foreign-country tx,LOW,own_history_12m,12 months,2026-10-01 00:00:00+00:00
BHV-000526,CUST-000053,failed_transaction_rate,0.083,failed/all,LOW,own_history_12m,12 months,2026-10-01 00:00:00+00:00
BHV-000527,CUST-000053,spending_pattern_change,24.003,last30 avg / prior90 avg,HIGH,own_history_12m,12 months,2026-10-01 00:00:00+00:00
BHV-000528,CUST-000053,transaction_burst,0,bursts (4 tx/15 min),LOW,own_history_12m,12 months,2026-10-01 00:00:00+00:00
BHV-000529,CUST-000053,account_age,287,days,LOW,own_history_12m,12 months,2026-10-01 00:00:00+00:00
BHV-000530,CUST-000053,recent_activity,275,days since last tx,HIGH,own_history_12m,12 months,2026-10-01 00:00:00+00:00
BHV-000531,CUST-000054,transaction_frequency,0.0396,tx/day,MEDIUM,own_history_12m,12 months,2026-10-01 00:00:00+00:00
BHV-000532,CUST-000054,transaction_velocity,1,max tx in 60 min,LOW,own_history_12m,12 months,2026-10-01 00:00:00+00:00
BHV-000533,CUST-000054,amount_deviation,0.106,|last30/prior90 - 1|,LOW,own_history_12m,12 months,2026-10-01 00:00:00+00:00
BHV-000534,CUST-000054,unusual_timing,0.333,share 00-05 UTC,HIGH,own_history_12m,12 months,2026-10-01 00:00:00+00:00
BHV-000535,CUST-000054,unusual_location,0.0,share foreign-country tx,LOW,own_history_12m,12 months,2026-10-01 00:00:00+00:00
BHV-000536,CUST-000054,failed_transaction_rate,0.167,failed/all,MEDIUM,own_history_12m,12 months,2026-10-01 00:00:00+00:00
BHV-000537,CUST-000054,spending_pattern_change,0.894,last30 avg / prior90 avg,LOW,own_history_12m,12 months,2026-10-01 00:00:00+00:00
BHV-000538,CUST-000054,transaction_burst,0,bursts (4 tx/15 min),LOW,own_history_12m,12 months,2026-10-01 00:00:00+00:00
BHV-000539,CUST-000054,account_age,303,days,LOW,own_history_12m,12 months,2026-10-01 00:00:00+00:00
BHV-000540,CUST-000054,recent_activity,261,days since last tx,HIGH,own_history_12m,12 months,2026-10-01 00:00:00+00:00
BHV-000541,CUST-000055,transaction_frequency,0.0063,tx/day,LOW,own_history_12m,12 months,2026-10-01 00:00:00+00:00
BHV-000542,CUST-000055,transaction_velocity,1,max tx in 60 min,LOW,own_history_12m,12 months,2026-10-01 00:00:00+00:00
BHV-000543,CUST-000055,amount_deviation,0,|last30/prior90 - 1|,LOW,own_history_12m,12 months,2026-10-01 00:00:00+00:00
BHV-000544,CUST-000055,unusual_timing,0.0,share 00-05 UTC,LOW,own_history_12m,12 months,2026-10-01 00:00:00+00:00
BHV-000545,CUST-000055,unusual_location,0.0,share foreign-country tx,LOW,own_history_12m,12 months,2026-10-01 00:00:00+00:00
BHV-000546,CUST-000055,failed_transaction_rate,0.0,failed/all,LOW,own_history_12m,12 months,2026-10-01 00:00:00+00:00
BHV-000547,CUST-000055,spending_pattern_change,,last30 avg / prior90 avg,LOW,own_history_12m,12 months,2026-10-01 00:00:00+00:00
BHV-000548,CUST-000055,transaction_burst,0,bursts (4 tx/15 min),LOW,own_history_12m,12 months,2026-10-01 00:00:00+00:00
BHV-000549,CUST-000055,account_age,315,days,LOW,own_history_12m,12 months,2026-10-01 00:00:00+00:00
BHV-000550,CUST-000055,recent_activity,207,days since last tx,HIGH,own_history_12m,12 months,2026-10-01 00:00:00+00:00
BHV-000551,CUST-000056,transaction_frequency,0.0402,tx/day,MEDIUM,own_history_12m,12 months,2026-10-01 00:00:00+00:00
BHV-000552,CUST-000056,transaction_velocity,1,max tx in 60 min,LOW,own_history_12m,12 months,2026-10-01 00:00:00+00:00
BHV-000553,CUST-000056,amount_deviation,0,|last30/prior90 - 1|,LOW,own_history_12m,12 months,2026-10-01 00:00:00+00:00
BHV-000554,CUST-000056,unusual_timing,0.154,share 00-05 UTC,MEDIUM,own_history_12m,12 months,2026-10-01 00:00:00+00:00
BHV-000555,CUST-000056,unusual_location,0.0,share foreign-country tx,LOW,own_history_12m,12 months,2026-10-01 00:00:00+00:00
BHV-000556,CUST-000056,failed_transaction_rate,0.0,failed/all,LOW,own_history_12m,12 months,2026-10-01 00:00:00+00:00
BHV-000557,CUST-000056,spending_pattern_change,,last30 avg / prior90 avg,LOW,own_history_12m,12 months,2026-10-01 00:00:00+00:00
BHV-000558,CUST-000056,transaction_burst,0,bursts (4 tx/15 min),LOW,own_history_12m,12 months,2026-10-01 00:00:00+00:00
BHV-000559,CUST-000056,account_age,323,days,LOW,own_history_12m,12 months,2026-10-01 00:00:00+00:00
BHV-000560,CUST-000056,recent_activity,305,days since last tx,HIGH,own_history_12m,12 months,2026-10-01 00:00:00+00:00
BHV-000561,CUST-000057,transaction_frequency,0.1473,tx/day,MEDIUM,own_history_12m,12 months,2026-10-01 00:00:00+00:00
BHV-000562,CUST-000057,transaction_velocity,1,max tx in 60 min,LOW,own_history_12m,12 months,2026-10-01 00:00:00+00:00
BHV-000563,CUST-000057,amount_deviation,6.454,|last30/prior90 - 1|,HIGH,own_history_12m,12 months,2026-10-01 00:00:00+00:00
BHV-000564,CUST-000057,unusual_timing,0.263,share 00-05 UTC,HIGH,own_history_12m,12 months,2026-10-01 00:00:00+00:00
BHV-000565,CUST-000057,unusual_location,0.0,share foreign-country tx,LOW,own_history_12m,12 months,2026-10-01 00:00:00+00:00
BHV-000566,CUST-000057,failed_transaction_rate,0.026,failed/all,LOW,own_history_12m,12 months,2026-10-01 00:00:00+00:00
BHV-000567,CUST-000057,spending_pattern_change,7.454,last30 avg / prior90 avg,HIGH,own_history_12m,12 months,2026-10-01 00:00:00+00:00
BHV-000568,CUST-000057,transaction_burst,0,bursts (4 tx/15 min),LOW,own_history_12m,12 months,2026-10-01 00:00:00+00:00
BHV-000569,CUST-000057,account_age,258,days,LOW,own_history_12m,12 months,2026-10-01 00:00:00+00:00
BHV-000570,CUST-000057,recent_activity,272,days since last tx,HIGH,own_history_12m,12 months,2026-10-01 00:00:00+00:00
BHV-000571,CUST-000058,transaction_frequency,0.0758,tx/day,MEDIUM,own_history_12m,12 months,2026-10-01 00:00:00+00:00
BHV-000572,CUST-000058,transaction_velocity,1,max tx in 60 min,LOW,own_history_12m,12 months,2026-10-01 00:00:00+00:00
BHV-000573,CUST-000058,amount_deviation,7.436,|last30/prior90 - 1|,HIGH,own_history_12m,12 months,2026-10-01 00:00:00+00:00
BHV-000574,CUST-000058,unusual_timing,0.188,share 00-05 UTC,MEDIUM,own_history_12m,12 months,2026-10-01 00:00:00+00:00
BHV-000575,CUST-000058,unusual_location,0.0,share foreign-country tx,LOW,own_history_12m,12 months,2026-10-01 00:00:00+00:00
BHV-000576,CUST-000058,failed_transaction_rate,0.062,failed/all,LOW,own_history_12m,12 months,2026-10-01 00:00:00+00:00
BHV-000577,CUST-000058,spending_pattern_change,8.436,last30 avg / prior90 avg,HIGH,own_history_12m,12 months,2026-10-01 00:00:00+00:00
BHV-000578,CUST-000058,transaction_burst,0,bursts (4 tx/15 min),LOW,own_history_12m,12 months,2026-10-01 00:00:00+00:00
BHV-000579,CUST-000058,account_age,211,days,LOW,own_history_12m,12 months,2026-10-01 00:00:00+00:00
BHV-000580,CUST-000058,recent_activity,205,days since last tx,HIGH,own_history_12m,12 months,2026-10-01 00:00:00+00:00
BHV-000581,CUST-000059,transaction_frequency,0.2212,tx/day,HIGH,own_history_12m,12 months,2026-10-01 00:00:00+00:00
BHV-000582,CUST-000059,transaction_velocity,1,max tx in 60 min,LOW,own_history_12m,12 months,2026-10-01 00:00:00+00:00
BHV-000583,CUST-000059,amount_deviation,1.086,|last30/prior90 - 1|,HIGH,own_history_12m,12 months,2026-10-01 00:00:00+00:00
BHV-000584,CUST-000059,unusual_timing,0.26,share 00-05 UTC,HIGH,own_history_12m,12 months,2026-10-01 00:00:00+00:00
BHV-000585,CUST-000059,unusual_location,0.0,share foreign-country tx,LOW,own_history_12m,12 months,2026-10-01 00:00:00+00:00
BHV-000586,CUST-000059,failed_transaction_rate,0.06,failed/all,LOW,own_history_12m,12 months,2026-10-01 00:00:00+00:00
BHV-000587,CUST-000059,spending_pattern_change,2.086,last30 avg / prior90 avg,HIGH,own_history_12m,12 months,2026-10-01 00:00:00+00:00
BHV-000588,CUST-000059,transaction_burst,0,bursts (4 tx/15 min),LOW,own_history_12m,12 months,2026-10-01 00:00:00+00:00
BHV-000589,CUST-000059,account_age,226,days,LOW,own_history_12m,12 months,2026-10-01 00:00:00+00:00
BHV-000590,CUST-000059,recent_activity,222,days since last tx,HIGH,own_history_12m,12 months,2026-10-01 00:00:00+00:00
BHV-000591,CUST-000060,transaction_frequency,0.0293,tx/day,MEDIUM,own_history_12m,12 months,2026-10-01 00:00:00+00:00
BHV-000592,CUST-000060,transaction_velocity,1,max tx in 60 min,LOW,own_history_12m,12 months,2026-10-01 00:00:00+00:00
BHV-000593,CUST-000060,amount_deviation,0,|last30/prior90 - 1|,LOW,own_history_12m,12 months,2026-10-01 00:00:00+00:00
BHV-000594,CUST-000060,unusual_timing,0.222,share 00-05 UTC,MEDIUM,own_history_12m,12 months,2026-10-01 00:00:00+00:00
BHV-000595,CUST-000060,unusual_location,0.0,share foreign-country tx,LOW,own_history_12m,12 months,2026-10-01 00:00:00+00:00
BHV-000596,CUST-000060,failed_transaction_rate,0.333,failed/all,HIGH,own_history_12m,12 months,2026-10-01 00:00:00+00:00
BHV-000597,CUST-000060,spending_pattern_change,,last30 avg / prior90 avg,LOW,own_history_12m,12 months,2026-10-01 00:00:00+00:00
BHV-000598,CUST-000060,transaction_burst,0,bursts (4 tx/15 min),LOW,own_history_12m,12 months,2026-10-01 00:00:00+00:00
BHV-000599,CUST-000060,account_age,307,days,LOW,own_history_12m,12 months,2026-10-01 00:00:00+00:00
BHV-000600,CUST-000060,recent_activity,262,days since last tx,HIGH,own_history_12m,12 months,2026-10-01 00:00:00+00:00
BHV-000601,CUST-000061,transaction_frequency,0.085,tx/day,MEDIUM,own_history_12m,12 months,2026-10-01 00:00:00+00:00
BHV-000602,CUST-000061,transaction_velocity,1,max tx in 60 min,LOW,own_history_12m,12 months,2026-10-01 00:00:00+00:00
BHV-000603,CUST-000061,amount_deviation,0.706,|last30/prior90 - 1|,MEDIUM,own_history_12m,12 months,2026-10-01 00:00:00+00:00
BHV-000604,CUST-000061,unusual_timing,0.353,share 00-05 UTC,HIGH,own_history_12m,12 months,2026-10-01 00:00:00+00:00
BHV-000605,CUST-000061,unusual_location,0.0,share foreign-country tx,LOW,own_history_12m,12 months,2026-10-01 00:00:00+00:00
BHV-000606,CUST-000061,failed_transaction_rate,0.118,failed/all,MEDIUM,own_history_12m,12 months,2026-10-01 00:00:00+00:00
BHV-000607,CUST-000061,spending_pattern_change,0.294,last30 avg / prior90 avg,MEDIUM,own_history_12m,12 months,2026-10-01 00:00:00+00:00
BHV-000608,CUST-000061,transaction_burst,0,bursts (4 tx/15 min),LOW,own_history_12m,12 months,2026-10-01 00:00:00+00:00
BHV-000609,CUST-000061,account_age,200,days,LOW,own_history_12m,12 months,2026-10-01 00:00:00+00:00
BHV-000610,CUST-000061,recent_activity,198,days since last tx,HIGH,own_history_12m,12 months,2026-10-01 00:00:00+00:00
BHV-000611,CUST-000062,transaction_frequency,0.0302,tx/day,MEDIUM,own_history_12m,12 months,2026-10-01 00:00:00+00:00
BHV-000612,CUST-000062,transaction_velocity,1,max tx in 60 min,LOW,own_history_12m,12 months,2026-10-01 00:00:00+00:00
BHV-000613,CUST-000062,amount_deviation,0,|last30/prior90 - 1|,LOW,own_history_12m,12 months,2026-10-01 00:00:00+00:00
BHV-000614,CUST-000062,unusual_timing,0.364,share 00-05 UTC,HIGH,own_history_12m,12 months,2026-10-01 00:00:00+00:00
BHV-000615,CUST-000062,unusual_location,0.0,share foreign-country tx,LOW,own_history_12m,12 months,2026-10-01 00:00:00+00:00
BHV-000616,CUST-000062,failed_transaction_rate,0.182,failed/all,MEDIUM,own_history_12m,12 months,2026-10-01 00:00:00+00:00
BHV-000617,CUST-000062,spending_pattern_change,,last30 avg / prior90 avg,LOW,own_history_12m,12 months,2026-10-01 00:00:00+00:00
BHV-000618,CUST-000062,transaction_burst,0,bursts (4 tx/15 min),LOW,own_history_12m,12 months,2026-10-01 00:00:00+00:00
BHV-000619,CUST-000062,account_age,364,days,LOW,own_history_12m,12 months,2026-10-01 00:00:00+00:00
BHV-000620,CUST-000062,recent_activity,279,days since last tx,HIGH,own_history_12m,12 months,2026-10-01 00:00:00+00:00
BHV-000621,CUST-000063,transaction_frequency,0.0081,tx/day,LOW,own_history_12m,12 months,2026-10-01 00:00:00+00:00
BHV-000622,CUST-000063,transaction_velocity,1,max tx in 60 min,LOW,own_history_12m,12 months,2026-10-01 00:00:00+00:00
BHV-000623,CUST-000063,amount_deviation,0,|last30/prior90 - 1|,LOW,own_history_12m,12 months,2026-10-01 00:00:00+00:00
BHV-000624,CUST-000063,unusual_timing,0.5,share 00-05 UTC,HIGH,own_history_12m,12 months,2026-10-01 00:00:00+00:00
BHV-000625,CUST-000063,unusual_location,0.0,share foreign-country tx,LOW,own_history_12m,12 months,2026-10-01 00:00:00+00:00
BHV-000626,CUST-000063,failed_transaction_rate,0.0,failed/all,LOW,own_history_12m,12 months,2026-10-01 00:00:00+00:00
BHV-000627,CUST-000063,spending_pattern_change,,last30 avg / prior90 avg,LOW,own_history_12m,12 months,2026-10-01 00:00:00+00:00
BHV-000628,CUST-000063,transaction_burst,0,bursts (4 tx/15 min),LOW,own_history_12m,12 months,2026-10-01 00:00:00+00:00
BHV-000629,CUST-000063,account_age,247,days,LOW,own_history_12m,12 months,2026-10-01 00:00:00+00:00
BHV-000630,CUST-000063,recent_activity,84,days since last tx,MEDIUM,own_history_12m,12 months,2026-10-01 00:00:00+00:00
BHV-000631,CUST-000064,transaction_frequency,0.0709,tx/day,MEDIUM,own_history_12m,12 months,2026-10-01 00:00:00+00:00
BHV-000632,CUST-000064,transaction_velocity,1,max tx in 60 min,LOW,own_history_12m,12 months,2026-10-01 00:00:00+00:00
BHV-000633,CUST-000064,amount_deviation,123.495,|last30/prior90 - 1|,HIGH,own_history_12m,12 months,2026-10-01 00:00:00+00:00
BHV-000634,CUST-000064,unusual_timing,0.0,share 00-05 UTC,LOW,own_history_12m,12 months,2026-10-01 00:00:00+00:00
BHV-000635,CUST-000064,unusual_location,0.0,share foreign-country tx,LOW,own_history_12m,12 months,2026-10-01 00:00:00+00:00
BHV-000636,CUST-000064,failed_transaction_rate,0.111,failed/all,MEDIUM,own_history_12m,12 months,2026-10-01 00:00:00+00:00
BHV-000637,CUST-000064,spending_pattern_change,124.495,last30 avg / prior90 avg,HIGH,own_history_12m,12 months,2026-10-01 00:00:00+00:00
BHV-000638,CUST-000064,transaction_burst,0,bursts (4 tx/15 min),LOW,own_history_12m,12 months,2026-10-01 00:00:00+00:00
BHV-000639,CUST-000064,account_age,127,days,MEDIUM,own_history_12m,12 months,2026-10-01 00:00:00+00:00
BHV-000640,CUST-000064,recent_activity,112,days since last tx,HIGH,own_history_12m,12 months,2026-10-01 00:00:00+00:00
BHV-000641,CUST-000065,transaction_frequency,0.0619,tx/day,MEDIUM,own_history_12m,12 months,2026-10-01 00:00:00+00:00
BHV-000642,CUST-000065,transaction_velocity,1,max tx in 60 min,LOW,own_history_12m,12 months,2026-10-01 00:00:00+00:00
BHV-000643,CUST-000065,amount_deviation,2.299,|last30/prior90 - 1|,HIGH,own_history_12m,12 months,2026-10-01 00:00:00+00:00
BHV-000644,CUST-000065,unusual_timing,0.333,share 00-05 UTC,HIGH,own_history_12m,12 months,2026-10-01 00:00:00+00:00
BHV-000645,CUST-000065,unusual_location,0.0,share foreign-country tx,LOW,own_history_12m,12 months,2026-10-01 00:00:00+00:00
BHV-000646,CUST-000065,failed_transaction_rate,0.083,failed/all,LOW,own_history_12m,12 months,2026-10-01 00:00:00+00:00
BHV-000647,CUST-000065,spending_pattern_change,3.299,last30 avg / prior90 avg,HIGH,own_history_12m,12 months,2026-10-01 00:00:00+00:00
BHV-000648,CUST-000065,transaction_burst,0,bursts (4 tx/15 min),LOW,own_history_12m,12 months,2026-10-01 00:00:00+00:00
BHV-000649,CUST-000065,account_age,194,days,LOW,own_history_12m,12 months,2026-10-01 00:00:00+00:00
BHV-000650,CUST-000065,recent_activity,191,days since last tx,HIGH,own_history_12m,12 months,2026-10-01 00:00:00+00:00
BHV-000651,CUST-000066,transaction_frequency,0.0984,tx/day,MEDIUM,own_history_12m,12 months,2026-10-01 00:00:00+00:00
BHV-000652,CUST-000066,transaction_velocity,1,max tx in 60 min,LOW,own_history_12m,12 months,2026-10-01 00:00:00+00:00
BHV-000653,CUST-000066,amount_deviation,3.582,|last30/prior90 - 1|,HIGH,own_history_12m,12 months,2026-10-01 00:00:00+00:00
BHV-000654,CUST-000066,unusual_timing,0.211,share 00-05 UTC,MEDIUM,own_history_12m,12 months,2026-10-01 00:00:00+00:00
BHV-000655,CUST-000066,unusual_location,0.0,share foreign-country tx,LOW,own_history_12m,12 months,2026-10-01 00:00:00+00:00
BHV-000656,CUST-000066,failed_transaction_rate,0.105,failed/all,MEDIUM,own_history_12m,12 months,2026-10-01 00:00:00+00:00
BHV-000657,CUST-000066,spending_pattern_change,4.582,last30 avg / prior90 avg,HIGH,own_history_12m,12 months,2026-10-01 00:00:00+00:00
BHV-000658,CUST-000066,transaction_burst,0,bursts (4 tx/15 min),LOW,own_history_12m,12 months,2026-10-01 00:00:00+00:00
BHV-000659,CUST-000066,account_age,193,days,LOW,own_history_12m,12 months,2026-10-01 00:00:00+00:00
BHV-000660,CUST-000066,recent_activity,165,days since last tx,HIGH,own_history_12m,12 months,2026-10-01 00:00:00+00:00
BHV-000661,CUST-000067,transaction_frequency,0.054,tx/day,MEDIUM,own_history_12m,12 months,2026-10-01 00:00:00+00:00
BHV-000662,CUST-000067,transaction_velocity,1,max tx in 60 min,LOW,own_history_12m,12 months,2026-10-01 00:00:00+00:00
BHV-000663,CUST-000067,amount_deviation,0,|last30/prior90 - 1|,LOW,own_history_12m,12 months,2026-10-01 00:00:00+00:00
BHV-000664,CUST-000067,unusual_timing,0.316,share 00-05 UTC,HIGH,own_history_12m,12 months,2026-10-01 00:00:00+00:00
BHV-000665,CUST-000067,unusual_location,0.0,share foreign-country tx,LOW,own_history_12m,12 months,2026-10-01 00:00:00+00:00
BHV-000666,CUST-000067,failed_transaction_rate,0.158,failed/all,MEDIUM,own_history_12m,12 months,2026-10-01 00:00:00+00:00
BHV-000667,CUST-000067,spending_pattern_change,,last30 avg / prior90 avg,LOW,own_history_12m,12 months,2026-10-01 00:00:00+00:00
BHV-000668,CUST-000067,transaction_burst,0,bursts (4 tx/15 min),LOW,own_history_12m,12 months,2026-10-01 00:00:00+00:00
BHV-000669,CUST-000067,account_age,352,days,LOW,own_history_12m,12 months,2026-10-01 00:00:00+00:00
BHV-000670,CUST-000067,recent_activity,351,days since last tx,HIGH,own_history_12m,12 months,2026-10-01 00:00:00+00:00
BHV-000671,CUST-000068,transaction_frequency,0.1905,tx/day,HIGH,own_history_12m,12 months,2026-10-01 00:00:00+00:00
BHV-000672,CUST-000068,transaction_velocity,1,max tx in 60 min,LOW,own_history_12m,12 months,2026-10-01 00:00:00+00:00
BHV-000673,CUST-000068,amount_deviation,4.701,|last30/prior90 - 1|,HIGH,own_history_12m,12 months,2026-10-01 00:00:00+00:00
BHV-000674,CUST-000068,unusual_timing,0.3,share 00-05 UTC,HIGH,own_history_12m,12 months,2026-10-01 00:00:00+00:00
BHV-000675,CUST-000068,unusual_location,0.0,share foreign-country tx,LOW,own_history_12m,12 months,2026-10-01 00:00:00+00:00
BHV-000676,CUST-000068,failed_transaction_rate,0.125,failed/all,MEDIUM,own_history_12m,12 months,2026-10-01 00:00:00+00:00
BHV-000677,CUST-000068,spending_pattern_change,5.701,last30 avg / prior90 avg,HIGH,own_history_12m,12 months,2026-10-01 00:00:00+00:00
BHV-000678,CUST-000068,transaction_burst,0,bursts (4 tx/15 min),LOW,own_history_12m,12 months,2026-10-01 00:00:00+00:00
BHV-000679,CUST-000068,account_age,210,days,LOW,own_history_12m,12 months,2026-10-01 00:00:00+00:00
BHV-000680,CUST-000068,recent_activity,202,days since last tx,HIGH,own_history_12m,12 months,2026-10-01 00:00:00+00:00
BHV-000681,CUST-000069,transaction_frequency,0.1412,tx/day,MEDIUM,own_history_12m,12 months,2026-10-01 00:00:00+00:00
BHV-000682,CUST-000069,transaction_velocity,1,max tx in 60 min,LOW,own_history_12m,12 months,2026-10-01 00:00:00+00:00
BHV-000683,CUST-000069,amount_deviation,0.865,|last30/prior90 - 1|,HIGH,own_history_12m,12 months,2026-10-01 00:00:00+00:00
BHV-000684,CUST-000069,unusual_timing,0.0,share 00-05 UTC,LOW,own_history_12m,12 months,2026-10-01 00:00:00+00:00
BHV-000685,CUST-000069,unusual_location,0.0,share foreign-country tx,LOW,own_history_12m,12 months,2026-10-01 00:00:00+00:00
BHV-000686,CUST-000069,failed_transaction_rate,0.083,failed/all,LOW,own_history_12m,12 months,2026-10-01 00:00:00+00:00
BHV-000687,CUST-000069,spending_pattern_change,0.135,last30 avg / prior90 avg,MEDIUM,own_history_12m,12 months,2026-10-01 00:00:00+00:00
BHV-000688,CUST-000069,transaction_burst,0,bursts (4 tx/15 min),LOW,own_history_12m,12 months,2026-10-01 00:00:00+00:00
BHV-000689,CUST-000069,account_age,85,days,MEDIUM,own_history_12m,12 months,2026-10-01 00:00:00+00:00
BHV-000690,CUST-000069,recent_activity,72,days since last tx,MEDIUM,own_history_12m,12 months,2026-10-01 00:00:00+00:00
BHV-000691,CUST-000070,transaction_frequency,0.1758,tx/day,HIGH,own_history_12m,12 months,2026-10-01 00:00:00+00:00
BHV-000692,CUST-000070,transaction_velocity,1,max tx in 60 min,LOW,own_history_12m,12 months,2026-10-01 00:00:00+00:00
BHV-000693,CUST-000070,amount_deviation,0.03,|last30/prior90 - 1|,LOW,own_history_12m,12 months,2026-10-01 00:00:00+00:00
BHV-000694,CUST-000070,unusual_timing,0.25,share 00-05 UTC,HIGH,own_history_12m,12 months,2026-10-01 00:00:00+00:00
BHV-000695,CUST-000070,unusual_location,0.0,share foreign-country tx,LOW,own_history_12m,12 months,2026-10-01 00:00:00+00:00
BHV-000696,CUST-000070,failed_transaction_rate,0.188,failed/all,MEDIUM,own_history_12m,12 months,2026-10-01 00:00:00+00:00
BHV-000697,CUST-000070,spending_pattern_change,1.03,last30 avg / prior90 avg,LOW,own_history_12m,12 months,2026-10-01 00:00:00+00:00
BHV-000698,CUST-000070,transaction_burst,0,bursts (4 tx/15 min),LOW,own_history_12m,12 months,2026-10-01 00:00:00+00:00
BHV-000699,CUST-000070,account_age,91,days,MEDIUM,own_history_12m,12 months,2026-10-01 00:00:00+00:00
BHV-000700,CUST-000070,recent_activity,82,days since last tx,MEDIUM,own_history_12m,12 months,2026-10-01 00:00:00+00:00
BHV-000701,CUST-000071,transaction_frequency,0.1923,tx/day,HIGH,own_history_12m,12 months,2026-10-01 00:00:00+00:00
BHV-000702,CUST-000071,transaction_velocity,1,max tx in 60 min,LOW,own_history_12m,12 months,2026-10-01 00:00:00+00:00
BHV-000703,CUST-000071,amount_deviation,0.121,|last30/prior90 - 1|,LOW,own_history_12m,12 months,2026-10-01 00:00:00+00:00
BHV-000704,CUST-000071,unusual_timing,0.2,share 00-05 UTC,MEDIUM,own_history_12m,12 months,2026-10-01 00:00:00+00:00
BHV-000705,CUST-000071,unusual_location,0.0,share foreign-country tx,LOW,own_history_12m,12 months,2026-10-01 00:00:00+00:00
BHV-000706,CUST-000071,failed_transaction_rate,0.1,failed/all,MEDIUM,own_history_12m,12 months,2026-10-01 00:00:00+00:00
BHV-000707,CUST-000071,spending_pattern_change,0.879,last30 avg / prior90 avg,LOW,own_history_12m,12 months,2026-10-01 00:00:00+00:00
BHV-000708,CUST-000071,transaction_burst,0,bursts (4 tx/15 min),LOW,own_history_12m,12 months,2026-10-01 00:00:00+00:00
BHV-000709,CUST-000071,account_age,104,days,MEDIUM,own_history_12m,12 months,2026-10-01 00:00:00+00:00
BHV-000710,CUST-000071,recent_activity,92,days since last tx,HIGH,own_history_12m,12 months,2026-10-01 00:00:00+00:00
BHV-000711,CUST-000072,transaction_frequency,0.0871,tx/day,MEDIUM,own_history_12m,12 months,2026-10-01 00:00:00+00:00
BHV-000712,CUST-000072,transaction_velocity,1,max tx in 60 min,LOW,own_history_12m,12 months,2026-10-01 00:00:00+00:00
BHV-000713,CUST-000072,amount_deviation,0.594,|last30/prior90 - 1|,MEDIUM,own_history_12m,12 months,2026-10-01 00:00:00+00:00
BHV-000714,CUST-000072,unusual_timing,0.143,share 00-05 UTC,MEDIUM,own_history_12m,12 months,2026-10-01 00:00:00+00:00
BHV-000715,CUST-000072,unusual_location,0.0,share foreign-country tx,LOW,own_history_12m,12 months,2026-10-01 00:00:00+00:00
BHV-000716,CUST-000072,failed_transaction_rate,0.143,failed/all,MEDIUM,own_history_12m,12 months,2026-10-01 00:00:00+00:00
BHV-000717,CUST-000072,spending_pattern_change,0.406,last30 avg / prior90 avg,MEDIUM,own_history_12m,12 months,2026-10-01 00:00:00+00:00
BHV-000718,CUST-000072,transaction_burst,0,bursts (4 tx/15 min),LOW,own_history_12m,12 months,2026-10-01 00:00:00+00:00
BHV-000719,CUST-000072,account_age,241,days,LOW,own_history_12m,12 months,2026-10-01 00:00:00+00:00
BHV-000720,CUST-000072,recent_activity,230,days since last tx,HIGH,own_history_12m,12 months,2026-10-01 00:00:00+00:00
BHV-000721,CUST-000073,transaction_frequency,0.0565,tx/day,MEDIUM,own_history_12m,12 months,2026-10-01 00:00:00+00:00
BHV-000722,CUST-000073,transaction_velocity,1,max tx in 60 min,LOW,own_history_12m,12 months,2026-10-01 00:00:00+00:00
BHV-000723,CUST-000073,amount_deviation,0.292,|last30/prior90 - 1|,LOW,own_history_12m,12 months,2026-10-01 00:00:00+00:00
BHV-000724,CUST-000073,unusual_timing,0.294,share 00-05 UTC,HIGH,own_history_12m,12 months,2026-10-01 00:00:00+00:00
BHV-000725,CUST-000073,unusual_location,0.0,share foreign-country tx,LOW,own_history_12m,12 months,2026-10-01 00:00:00+00:00
BHV-000726,CUST-000073,failed_transaction_rate,0.059,failed/all,LOW,own_history_12m,12 months,2026-10-01 00:00:00+00:00
BHV-000727,CUST-000073,spending_pattern_change,0.708,last30 avg / prior90 avg,LOW,own_history_12m,12 months,2026-10-01 00:00:00+00:00
BHV-000728,CUST-000073,transaction_burst,0,bursts (4 tx/15 min),LOW,own_history_12m,12 months,2026-10-01 00:00:00+00:00
BHV-000729,CUST-000073,account_age,301,days,LOW,own_history_12m,12 months,2026-10-01 00:00:00+00:00
BHV-000730,CUST-000073,recent_activity,271,days since last tx,HIGH,own_history_12m,12 months,2026-10-01 00:00:00+00:00
BHV-000731,CUST-000074,transaction_frequency,0.2347,tx/day,HIGH,own_history_12m,12 months,2026-10-01 00:00:00+00:00
BHV-000732,CUST-000074,transaction_velocity,2,max tx in 60 min,MEDIUM,own_history_12m,12 months,2026-10-01 00:00:00+00:00
BHV-000733,CUST-000074,amount_deviation,0.13,|last30/prior90 - 1|,LOW,own_history_12m,12 months,2026-10-01 00:00:00+00:00
BHV-000734,CUST-000074,unusual_timing,0.304,share 00-05 UTC,HIGH,own_history_12m,12 months,2026-10-01 00:00:00+00:00
BHV-000735,CUST-000074,unusual_location,0.0,share foreign-country tx,LOW,own_history_12m,12 months,2026-10-01 00:00:00+00:00
BHV-000736,CUST-000074,failed_transaction_rate,0.087,failed/all,LOW,own_history_12m,12 months,2026-10-01 00:00:00+00:00
BHV-000737,CUST-000074,spending_pattern_change,0.87,last30 avg / prior90 avg,LOW,own_history_12m,12 months,2026-10-01 00:00:00+00:00
BHV-000738,CUST-000074,transaction_burst,0,bursts (4 tx/15 min),LOW,own_history_12m,12 months,2026-10-01 00:00:00+00:00
BHV-000739,CUST-000074,account_age,98,days,MEDIUM,own_history_12m,12 months,2026-10-01 00:00:00+00:00
BHV-000740,CUST-000074,recent_activity,97,days since last tx,HIGH,own_history_12m,12 months,2026-10-01 00:00:00+00:00
BHV-000741,CUST-000075,transaction_frequency,0.3088,tx/day,HIGH,own_history_12m,12 months,2026-10-01 00:00:00+00:00
BHV-000742,CUST-000075,transaction_velocity,1,max tx in 60 min,LOW,own_history_12m,12 months,2026-10-01 00:00:00+00:00
BHV-000743,CUST-000075,amount_deviation,6.099,|last30/prior90 - 1|,HIGH,own_history_12m,12 months,2026-10-01 00:00:00+00:00
BHV-000744,CUST-000075,unusual_timing,0.333,share 00-05 UTC,HIGH,own_history_12m,12 months,2026-10-01 00:00:00+00:00
BHV-000745,CUST-000075,unusual_location,0.0,share foreign-country tx,LOW,own_history_12m,12 months,2026-10-01 00:00:00+00:00
BHV-000746,CUST-000075,failed_transaction_rate,0.048,failed/all,LOW,own_history_12m,12 months,2026-10-01 00:00:00+00:00
BHV-000747,CUST-000075,spending_pattern_change,7.099,last30 avg / prior90 avg,HIGH,own_history_12m,12 months,2026-10-01 00:00:00+00:00
BHV-000748,CUST-000075,transaction_burst,0,bursts (4 tx/15 min),LOW,own_history_12m,12 months,2026-10-01 00:00:00+00:00
BHV-000749,CUST-000075,account_age,68,days,MEDIUM,own_history_12m,12 months,2026-10-01 00:00:00+00:00
BHV-000750,CUST-000075,recent_activity,64,days since last tx,MEDIUM,own_history_12m,12 months,2026-10-01 00:00:00+00:00
BHV-000751,CUST-000076,transaction_frequency,0.0479,tx/day,MEDIUM,own_history_12m,12 months,2026-10-01 00:00:00+00:00
BHV-000752,CUST-000076,transaction_velocity,1,max tx in 60 min,LOW,own_history_12m,12 months,2026-10-01 00:00:00+00:00
BHV-000753,CUST-000076,amount_deviation,0.024,|last30/prior90 - 1|,LOW,own_history_12m,12 months,2026-10-01 00:00:00+00:00
BHV-000754,CUST-000076,unusual_timing,0.071,share 00-05 UTC,MEDIUM,own_history_12m,12 months,2026-10-01 00:00:00+00:00
BHV-000755,CUST-000076,unusual_location,0.0,share foreign-country tx,LOW,own_history_12m,12 months,2026-10-01 00:00:00+00:00
BHV-000756,CUST-000076,failed_transaction_rate,0.143,failed/all,MEDIUM,own_history_12m,12 months,2026-10-01 00:00:00+00:00
BHV-000757,CUST-000076,spending_pattern_change,0.976,last30 avg / prior90 avg,LOW,own_history_12m,12 months,2026-10-01 00:00:00+00:00
BHV-000758,CUST-000076,transaction_burst,0,bursts (4 tx/15 min),LOW,own_history_12m,12 months,2026-10-01 00:00:00+00:00
BHV-000759,CUST-000076,account_age,292,days,LOW,own_history_12m,12 months,2026-10-01 00:00:00+00:00
BHV-000760,CUST-000076,recent_activity,291,days since last tx,HIGH,own_history_12m,12 months,2026-10-01 00:00:00+00:00
BHV-000761,CUST-000077,transaction_frequency,0.0084,tx/day,LOW,own_history_12m,12 months,2026-10-01 00:00:00+00:00
BHV-000762,CUST-000077,transaction_velocity,1,max tx in 60 min,LOW,own_history_12m,12 months,2026-10-01 00:00:00+00:00
BHV-000763,CUST-000077,amount_deviation,0.0,|last30/prior90 - 1|,LOW,own_history_12m,12 months,2026-10-01 00:00:00+00:00
BHV-000764,CUST-000077,unusual_timing,1.0,share 00-05 UTC,HIGH,own_history_12m,12 months,2026-10-01 00:00:00+00:00
BHV-000765,CUST-000077,unusual_location,0.0,share foreign-country tx,LOW,own_history_12m,12 months,2026-10-01 00:00:00+00:00
BHV-000766,CUST-000077,failed_transaction_rate,0.0,failed/all,LOW,own_history_12m,12 months,2026-10-01 00:00:00+00:00
BHV-000767,CUST-000077,spending_pattern_change,1.0,last30 avg / prior90 avg,LOW,own_history_12m,12 months,2026-10-01 00:00:00+00:00
BHV-000768,CUST-000077,transaction_burst,0,bursts (4 tx/15 min),LOW,own_history_12m,12 months,2026-10-01 00:00:00+00:00
BHV-000769,CUST-000077,account_age,239,days,LOW,own_history_12m,12 months,2026-10-01 00:00:00+00:00
BHV-000770,CUST-000077,recent_activity,125,days since last tx,HIGH,own_history_12m,12 months,2026-10-01 00:00:00+00:00
BHV-000771,CUST-000078,transaction_frequency,0.064,tx/day,MEDIUM,own_history_12m,12 months,2026-10-01 00:00:00+00:00
BHV-000772,CUST-000078,transaction_velocity,1,max tx in 60 min,LOW,own_history_12m,12 months,2026-10-01 00:00:00+00:00
BHV-000773,CUST-000078,amount_deviation,0.716,|last30/prior90 - 1|,MEDIUM,own_history_12m,12 months,2026-10-01 00:00:00+00:00
BHV-000774,CUST-000078,unusual_timing,0.308,share 00-05 UTC,HIGH,own_history_12m,12 months,2026-10-01 00:00:00+00:00
BHV-000775,CUST-000078,unusual_location,0.0,share foreign-country tx,LOW,own_history_12m,12 months,2026-10-01 00:00:00+00:00
BHV-000776,CUST-000078,failed_transaction_rate,0.154,failed/all,MEDIUM,own_history_12m,12 months,2026-10-01 00:00:00+00:00
BHV-000777,CUST-000078,spending_pattern_change,1.716,last30 avg / prior90 avg,MEDIUM,own_history_12m,12 months,2026-10-01 00:00:00+00:00
BHV-000778,CUST-000078,transaction_burst,0,bursts (4 tx/15 min),LOW,own_history_12m,12 months,2026-10-01 00:00:00+00:00
BHV-000779,CUST-000078,account_age,203,days,LOW,own_history_12m,12 months,2026-10-01 00:00:00+00:00
BHV-000780,CUST-000078,recent_activity,185,days since last tx,HIGH,own_history_12m,12 months,2026-10-01 00:00:00+00:00
BHV-000781,CUST-000079,transaction_frequency,0.1096,tx/day,MEDIUM,own_history_12m,12 months,2026-10-01 00:00:00+00:00
BHV-000782,CUST-000079,transaction_velocity,1,max tx in 60 min,LOW,own_history_12m,12 months,2026-10-01 00:00:00+00:00
BHV-000783,CUST-000079,amount_deviation,0.796,|last30/prior90 - 1|,MEDIUM,own_history_12m,12 months,2026-10-01 00:00:00+00:00
BHV-000784,CUST-000079,unusual_timing,0.312,share 00-05 UTC,HIGH,own_history_12m,12 months,2026-10-01 00:00:00+00:00
BHV-000785,CUST-000079,unusual_location,0.0,share foreign-country tx,LOW,own_history_12m,12 months,2026-10-01 00:00:00+00:00
BHV-000786,CUST-000079,failed_transaction_rate,0.062,failed/all,LOW,own_history_12m,12 months,2026-10-01 00:00:00+00:00
BHV-000787,CUST-000079,spending_pattern_change,0.204,last30 avg / prior90 avg,MEDIUM,own_history_12m,12 months,2026-10-01 00:00:00+00:00
BHV-000788,CUST-000079,transaction_burst,0,bursts (4 tx/15 min),LOW,own_history_12m,12 months,2026-10-01 00:00:00+00:00
BHV-000789,CUST-000079,account_age,146,days,MEDIUM,own_history_12m,12 months,2026-10-01 00:00:00+00:00
BHV-000790,CUST-000079,recent_activity,130,days since last tx,HIGH,own_history_12m,12 months,2026-10-01 00:00:00+00:00
BHV-000791,CUST-000080,transaction_frequency,0.0915,tx/day,MEDIUM,own_history_12m,12 months,2026-10-01 00:00:00+00:00
BHV-000792,CUST-000080,transaction_velocity,1,max tx in 60 min,LOW,own_history_12m,12 months,2026-10-01 00:00:00+00:00
BHV-000793,CUST-000080,amount_deviation,0.183,|last30/prior90 - 1|,LOW,own_history_12m,12 months,2026-10-01 00:00:00+00:00
BHV-000794,CUST-000080,unusual_timing,0.192,share 00-05 UTC,MEDIUM,own_history_12m,12 months,2026-10-01 00:00:00+00:00
BHV-000795,CUST-000080,unusual_location,0.0,share foreign-country tx,LOW,own_history_12m,12 months,2026-10-01 00:00:00+00:00
BHV-000796,CUST-000080,failed_transaction_rate,0.154,failed/all,MEDIUM,own_history_12m,12 months,2026-10-01 00:00:00+00:00
BHV-000797,CUST-000080,spending_pattern_change,1.183,last30 avg / prior90 avg,LOW,own_history_12m,12 months,2026-10-01 00:00:00+00:00
BHV-000798,CUST-000080,transaction_burst,0,bursts (4 tx/15 min),LOW,own_history_12m,12 months,2026-10-01 00:00:00+00:00
BHV-000799,CUST-000080,account_age,284,days,LOW,own_history_12m,12 months,2026-10-01 00:00:00+00:00
BHV-000800,CUST-000080,recent_activity,280,days since last tx,HIGH,own_history_12m,12 months,2026-10-01 00:00:00+00:00
BHV-000801,CUST-000081,transaction_frequency,0.1042,tx/day,MEDIUM,own_history_12m,12 months,2026-10-01 00:00:00+00:00
BHV-000802,CUST-000081,transaction_velocity,2,max tx in 60 min,MEDIUM,own_history_12m,12 months,2026-10-01 00:00:00+00:00
BHV-000803,CUST-000081,amount_deviation,19.107,|last30/prior90 - 1|,HIGH,own_history_12m,12 months,2026-10-01 00:00:00+00:00
BHV-000804,CUST-000081,unusual_timing,0.4,share 00-05 UTC,HIGH,own_history_12m,12 months,2026-10-01 00:00:00+00:00
BHV-000805,CUST-000081,unusual_location,0.0,share foreign-country tx,LOW,own_history_12m,12 months,2026-10-01 00:00:00+00:00
BHV-000806,CUST-000081,failed_transaction_rate,0.133,failed/all,MEDIUM,own_history_12m,12 months,2026-10-01 00:00:00+00:00
BHV-000807,CUST-000081,spending_pattern_change,20.107,last30 avg / prior90 avg,HIGH,own_history_12m,12 months,2026-10-01 00:00:00+00:00
BHV-000808,CUST-000081,transaction_burst,0,bursts (4 tx/15 min),LOW,own_history_12m,12 months,2026-10-01 00:00:00+00:00
BHV-000809,CUST-000081,account_age,144,days,MEDIUM,own_history_12m,12 months,2026-10-01 00:00:00+00:00
BHV-000810,CUST-000081,recent_activity,141,days since last tx,HIGH,own_history_12m,12 months,2026-10-01 00:00:00+00:00
BHV-000811,CUST-000082,transaction_frequency,0.0534,tx/day,MEDIUM,own_history_12m,12 months,2026-10-01 00:00:00+00:00
BHV-000812,CUST-000082,transaction_velocity,1,max tx in 60 min,LOW,own_history_12m,12 months,2026-10-01 00:00:00+00:00
BHV-000813,CUST-000082,amount_deviation,9.756,|last30/prior90 - 1|,HIGH,own_history_12m,12 months,2026-10-01 00:00:00+00:00
BHV-000814,CUST-000082,unusual_timing,0.158,share 00-05 UTC,MEDIUM,own_history_12m,12 months,2026-10-01 00:00:00+00:00
BHV-000815,CUST-000082,unusual_location,0.0,share foreign-country tx,LOW,own_history_12m,12 months,2026-10-01 00:00:00+00:00
BHV-000816,CUST-000082,failed_transaction_rate,0.053,failed/all,LOW,own_history_12m,12 months,2026-10-01 00:00:00+00:00
BHV-000817,CUST-000082,spending_pattern_change,10.756,last30 avg / prior90 avg,HIGH,own_history_12m,12 months,2026-10-01 00:00:00+00:00
BHV-000818,CUST-000082,transaction_burst,0,bursts (4 tx/15 min),LOW,own_history_12m,12 months,2026-10-01 00:00:00+00:00
BHV-000819,CUST-000082,account_age,356,days,LOW,own_history_12m,12 months,2026-10-01 00:00:00+00:00
BHV-000820,CUST-000082,recent_activity,310,days since last tx,HIGH,own_history_12m,12 months,2026-10-01 00:00:00+00:00
BHV-000821,CUST-000083,transaction_frequency,0.1656,tx/day,HIGH,own_history_12m,12 months,2026-10-01 00:00:00+00:00
BHV-000822,CUST-000083,transaction_velocity,2,max tx in 60 min,MEDIUM,own_history_12m,12 months,2026-10-01 00:00:00+00:00
BHV-000823,CUST-000083,amount_deviation,0.004,|last30/prior90 - 1|,LOW,own_history_12m,12 months,2026-10-01 00:00:00+00:00
BHV-000824,CUST-000083,unusual_timing,0.259,share 00-05 UTC,HIGH,own_history_12m,12 months,2026-10-01 00:00:00+00:00
BHV-000825,CUST-000083,unusual_location,0.0,share foreign-country tx,LOW,own_history_12m,12 months,2026-10-01 00:00:00+00:00
BHV-000826,CUST-000083,failed_transaction_rate,0.148,failed/all,MEDIUM,own_history_12m,12 months,2026-10-01 00:00:00+00:00
BHV-000827,CUST-000083,spending_pattern_change,1.004,last30 avg / prior90 avg,LOW,own_history_12m,12 months,2026-10-01 00:00:00+00:00
BHV-000828,CUST-000083,transaction_burst,0,bursts (4 tx/15 min),LOW,own_history_12m,12 months,2026-10-01 00:00:00+00:00
BHV-000829,CUST-000083,account_age,163,days,MEDIUM,own_history_12m,12 months,2026-10-01 00:00:00+00:00
BHV-000830,CUST-000083,recent_activity,144,days since last tx,HIGH,own_history_12m,12 months,2026-10-01 00:00:00+00:00
BHV-000831,CUST-000084,transaction_frequency,0.0586,tx/day,MEDIUM,own_history_12m,12 months,2026-10-01 00:00:00+00:00
BHV-000832,CUST-000084,transaction_velocity,1,max tx in 60 min,LOW,own_history_12m,12 months,2026-10-01 00:00:00+00:00
BHV-000833,CUST-000084,amount_deviation,0.142,|last30/prior90 - 1|,LOW,own_history_12m,12 months,2026-10-01 00:00:00+00:00
BHV-000834,CUST-000084,unusual_timing,0.231,share 00-05 UTC,MEDIUM,own_history_12m,12 months,2026-10-01 00:00:00+00:00
BHV-000835,CUST-000084,unusual_location,0.0,share foreign-country tx,LOW,own_history_12m,12 months,2026-10-01 00:00:00+00:00
BHV-000836,CUST-000084,failed_transaction_rate,0.0,failed/all,LOW,own_history_12m,12 months,2026-10-01 00:00:00+00:00
BHV-000837,CUST-000084,spending_pattern_change,0.858,last30 avg / prior90 avg,LOW,own_history_12m,12 months,2026-10-01 00:00:00+00:00
BHV-000838,CUST-000084,transaction_burst,0,bursts (4 tx/15 min),LOW,own_history_12m,12 months,2026-10-01 00:00:00+00:00
BHV-000839,CUST-000084,account_age,222,days,LOW,own_history_12m,12 months,2026-10-01 00:00:00+00:00
BHV-000840,CUST-000084,recent_activity,200,days since last tx,HIGH,own_history_12m,12 months,2026-10-01 00:00:00+00:00
BHV-000841,CUST-000085,transaction_frequency,0.0882,tx/day,MEDIUM,own_history_12m,12 months,2026-10-01 00:00:00+00:00
BHV-000842,CUST-000085,transaction_velocity,1,max tx in 60 min,LOW,own_history_12m,12 months,2026-10-01 00:00:00+00:00
BHV-000843,CUST-000085,amount_deviation,0.48,|last30/prior90 - 1|,MEDIUM,own_history_12m,12 months,2026-10-01 00:00:00+00:00
BHV-000844,CUST-000085,unusual_timing,0.259,share 00-05 UTC,HIGH,own_history_12m,12 months,2026-10-01 00:00:00+00:00
BHV-000845,CUST-000085,unusual_location,0.0,share foreign-country tx,LOW,own_history_12m,12 months,2026-10-01 00:00:00+00:00
BHV-000846,CUST-000085,failed_transaction_rate,0.074,failed/all,LOW,own_history_12m,12 months,2026-10-01 00:00:00+00:00
BHV-000847,CUST-000085,spending_pattern_change,0.52,last30 avg / prior90 avg,MEDIUM,own_history_12m,12 months,2026-10-01 00:00:00+00:00
BHV-000848,CUST-000085,transaction_burst,0,bursts (4 tx/15 min),LOW,own_history_12m,12 months,2026-10-01 00:00:00+00:00
BHV-000849,CUST-000085,account_age,306,days,LOW,own_history_12m,12 months,2026-10-01 00:00:00+00:00
BHV-000850,CUST-000085,recent_activity,282,days since last tx,HIGH,own_history_12m,12 months,2026-10-01 00:00:00+00:00
BHV-000851,CUST-000086,transaction_frequency,0.1818,tx/day,HIGH,own_history_12m,12 months,2026-10-01 00:00:00+00:00
BHV-000852,CUST-000086,transaction_velocity,1,max tx in 60 min,LOW,own_history_12m,12 months,2026-10-01 00:00:00+00:00
BHV-000853,CUST-000086,amount_deviation,0.823,|last30/prior90 - 1|,HIGH,own_history_12m,12 months,2026-10-01 00:00:00+00:00
BHV-000854,CUST-000086,unusual_timing,0.214,share 00-05 UTC,MEDIUM,own_history_12m,12 months,2026-10-01 00:00:00+00:00
BHV-000855,CUST-000086,unusual_location,0.0,share foreign-country tx,LOW,own_history_12m,12 months,2026-10-01 00:00:00+00:00
BHV-000856,CUST-000086,failed_transaction_rate,0.179,failed/all,MEDIUM,own_history_12m,12 months,2026-10-01 00:00:00+00:00
BHV-000857,CUST-000086,spending_pattern_change,1.823,last30 avg / prior90 avg,MEDIUM,own_history_12m,12 months,2026-10-01 00:00:00+00:00
BHV-000858,CUST-000086,transaction_burst,0,bursts (4 tx/15 min),LOW,own_history_12m,12 months,2026-10-01 00:00:00+00:00
BHV-000859,CUST-000086,account_age,154,days,MEDIUM,own_history_12m,12 months,2026-10-01 00:00:00+00:00
BHV-000860,CUST-000086,recent_activity,148,days since last tx,HIGH,own_history_12m,12 months,2026-10-01 00:00:00+00:00
BHV-000861,CUST-000087,transaction_frequency,0.1842,tx/day,HIGH,own_history_12m,12 months,2026-10-01 00:00:00+00:00
BHV-000862,CUST-000087,transaction_velocity,1,max tx in 60 min,LOW,own_history_12m,12 months,2026-10-01 00:00:00+00:00
BHV-000863,CUST-000087,amount_deviation,0.915,|last30/prior90 - 1|,HIGH,own_history_12m,12 months,2026-10-01 00:00:00+00:00
BHV-000864,CUST-000087,unusual_timing,0.179,share 00-05 UTC,MEDIUM,own_history_12m,12 months,2026-10-01 00:00:00+00:00
BHV-000865,CUST-000087,unusual_location,0.0,share foreign-country tx,LOW,own_history_12m,12 months,2026-10-01 00:00:00+00:00
BHV-000866,CUST-000087,failed_transaction_rate,0.107,failed/all,MEDIUM,own_history_12m,12 months,2026-10-01 00:00:00+00:00
BHV-000867,CUST-000087,spending_pattern_change,1.915,last30 avg / prior90 avg,MEDIUM,own_history_12m,12 months,2026-10-01 00:00:00+00:00
BHV-000868,CUST-000087,transaction_burst,0,bursts (4 tx/15 min),LOW,own_history_12m,12 months,2026-10-01 00:00:00+00:00
BHV-000869,CUST-000087,account_age,152,days,MEDIUM,own_history_12m,12 months,2026-10-01 00:00:00+00:00
BHV-000870,CUST-000087,recent_activity,124,days since last tx,HIGH,own_history_12m,12 months,2026-10-01 00:00:00+00:00
BHV-000871,CUST-000088,transaction_frequency,0.0599,tx/day,MEDIUM,own_history_12m,12 months,2026-10-01 00:00:00+00:00
BHV-000872,CUST-000088,transaction_velocity,1,max tx in 60 min,LOW,own_history_12m,12 months,2026-10-01 00:00:00+00:00
BHV-000873,CUST-000088,amount_deviation,4.214,|last30/prior90 - 1|,HIGH,own_history_12m,12 months,2026-10-01 00:00:00+00:00
BHV-000874,CUST-000088,unusual_timing,0.0,share 00-05 UTC,LOW,own_history_12m,12 months,2026-10-01 00:00:00+00:00
BHV-000875,CUST-000088,unusual_location,0.0,share foreign-country tx,LOW,own_history_12m,12 months,2026-10-01 00:00:00+00:00
BHV-000876,CUST-000088,failed_transaction_rate,0.0,failed/all,LOW,own_history_12m,12 months,2026-10-01 00:00:00+00:00
BHV-000877,CUST-000088,spending_pattern_change,5.214,last30 avg / prior90 avg,HIGH,own_history_12m,12 months,2026-10-01 00:00:00+00:00
BHV-000878,CUST-000088,transaction_burst,0,bursts (4 tx/15 min),LOW,own_history_12m,12 months,2026-10-01 00:00:00+00:00
BHV-000879,CUST-000088,account_age,217,days,LOW,own_history_12m,12 months,2026-10-01 00:00:00+00:00
BHV-000880,CUST-000088,recent_activity,203,days since last tx,HIGH,own_history_12m,12 months,2026-10-01 00:00:00+00:00
BHV-000881,CUST-000089,transaction_frequency,0.0312,tx/day,MEDIUM,own_history_12m,12 months,2026-10-01 00:00:00+00:00
BHV-000882,CUST-000089,transaction_velocity,1,max tx in 60 min,LOW,own_history_12m,12 months,2026-10-01 00:00:00+00:00
BHV-000883,CUST-000089,amount_deviation,0.0,|last30/prior90 - 1|,LOW,own_history_12m,12 months,2026-10-01 00:00:00+00:00
BHV-000884,CUST-000089,unusual_timing,0.364,share 00-05 UTC,HIGH,own_history_12m,12 months,2026-10-01 00:00:00+00:00
BHV-000885,CUST-000089,unusual_location,0.0,share foreign-country tx,LOW,own_history_12m,12 months,2026-10-01 00:00:00+00:00
BHV-000886,CUST-000089,failed_transaction_rate,0.091,failed/all,LOW,own_history_12m,12 months,2026-10-01 00:00:00+00:00
BHV-000887,CUST-000089,spending_pattern_change,1.0,last30 avg / prior90 avg,LOW,own_history_12m,12 months,2026-10-01 00:00:00+00:00
BHV-000888,CUST-000089,transaction_burst,0,bursts (4 tx/15 min),LOW,own_history_12m,12 months,2026-10-01 00:00:00+00:00
BHV-000889,CUST-000089,account_age,353,days,LOW,own_history_12m,12 months,2026-10-01 00:00:00+00:00
BHV-000890,CUST-000089,recent_activity,340,days since last tx,HIGH,own_history_12m,12 months,2026-10-01 00:00:00+00:00
BHV-000891,CUST-000090,transaction_frequency,0.0833,tx/day,MEDIUM,own_history_12m,12 months,2026-10-01 00:00:00+00:00
BHV-000892,CUST-000090,transaction_velocity,1,max tx in 60 min,LOW,own_history_12m,12 months,2026-10-01 00:00:00+00:00
BHV-000893,CUST-000090,amount_deviation,0.347,|last30/prior90 - 1|,MEDIUM,own_history_12m,12 months,2026-10-01 00:00:00+00:00
BHV-000894,CUST-000090,unusual_timing,0.25,share 00-05 UTC,HIGH,own_history_12m,12 months,2026-10-01 00:00:00+00:00
BHV-000895,CUST-000090,unusual_location,0.0,share foreign-country tx,LOW,own_history_12m,12 months,2026-10-01 00:00:00+00:00
BHV-000896,CUST-000090,failed_transaction_rate,0.071,failed/all,LOW,own_history_12m,12 months,2026-10-01 00:00:00+00:00
BHV-000897,CUST-000090,spending_pattern_change,0.653,last30 avg / prior90 avg,LOW,own_history_12m,12 months,2026-10-01 00:00:00+00:00
BHV-000898,CUST-000090,transaction_burst,0,bursts (4 tx/15 min),LOW,own_history_12m,12 months,2026-10-01 00:00:00+00:00
BHV-000899,CUST-000090,account_age,336,days,LOW,own_history_12m,12 months,2026-10-01 00:00:00+00:00
BHV-000900,CUST-000090,recent_activity,308,days since last tx,HIGH,own_history_12m,12 months,2026-10-01 00:00:00+00:00
BHV-000901,CUST-000091,transaction_frequency,0.1198,tx/day,MEDIUM,own_history_12m,12 months,2026-10-01 00:00:00+00:00
BHV-000902,CUST-000091,transaction_velocity,1,max tx in 60 min,LOW,own_history_12m,12 months,2026-10-01 00:00:00+00:00
BHV-000903,CUST-000091,amount_deviation,1.638,|last30/prior90 - 1|,HIGH,own_history_12m,12 months,2026-10-01 00:00:00+00:00
BHV-000904,CUST-000091,unusual_timing,0.45,share 00-05 UTC,HIGH,own_history_12m,12 months,2026-10-01 00:00:00+00:00
BHV-000905,CUST-000091,unusual_location,0.0,share foreign-country tx,LOW,own_history_12m,12 months,2026-10-01 00:00:00+00:00
BHV-000906,CUST-000091,failed_transaction_rate,0.35,failed/all,HIGH,own_history_12m,12 months,2026-10-01 00:00:00+00:00
BHV-000907,CUST-000091,spending_pattern_change,2.638,last30 avg / prior90 avg,HIGH,own_history_12m,12 months,2026-10-01 00:00:00+00:00
BHV-000908,CUST-000091,transaction_burst,0,bursts (4 tx/15 min),LOW,own_history_12m,12 months,2026-10-01 00:00:00+00:00
BHV-000909,CUST-000091,account_age,167,days,MEDIUM,own_history_12m,12 months,2026-10-01 00:00:00+00:00
BHV-000910,CUST-000091,recent_activity,147,days since last tx,HIGH,own_history_12m,12 months,2026-10-01 00:00:00+00:00
BHV-000911,CUST-000092,transaction_frequency,0.0331,tx/day,MEDIUM,own_history_12m,12 months,2026-10-01 00:00:00+00:00
BHV-000912,CUST-000092,transaction_velocity,1,max tx in 60 min,LOW,own_history_12m,12 months,2026-10-01 00:00:00+00:00
BHV-000913,CUST-000092,amount_deviation,0.74,|last30/prior90 - 1|,MEDIUM,own_history_12m,12 months,2026-10-01 00:00:00+00:00
BHV-000914,CUST-000092,unusual_timing,0.25,share 00-05 UTC,HIGH,own_history_12m,12 months,2026-10-01 00:00:00+00:00
BHV-000915,CUST-000092,unusual_location,0.0,share foreign-country tx,LOW,own_history_12m,12 months,2026-10-01 00:00:00+00:00
BHV-000916,CUST-000092,failed_transaction_rate,0.0,failed/all,LOW,own_history_12m,12 months,2026-10-01 00:00:00+00:00
BHV-000917,CUST-000092,spending_pattern_change,0.26,last30 avg / prior90 avg,MEDIUM,own_history_12m,12 months,2026-10-01 00:00:00+00:00
BHV-000918,CUST-000092,transaction_burst,0,bursts (4 tx/15 min),LOW,own_history_12m,12 months,2026-10-01 00:00:00+00:00
BHV-000919,CUST-000092,account_age,362,days,LOW,own_history_12m,12 months,2026-10-01 00:00:00+00:00
BHV-000920,CUST-000092,recent_activity,342,days since last tx,HIGH,own_history_12m,12 months,2026-10-01 00:00:00+00:00
BHV-000921,CUST-000093,transaction_frequency,0.064,tx/day,MEDIUM,own_history_12m,12 months,2026-10-01 00:00:00+00:00
BHV-000922,CUST-000093,transaction_velocity,1,max tx in 60 min,LOW,own_history_12m,12 months,2026-10-01 00:00:00+00:00
BHV-000923,CUST-000093,amount_deviation,0.833,|last30/prior90 - 1|,HIGH,own_history_12m,12 months,2026-10-01 00:00:00+00:00
BHV-000924,CUST-000093,unusual_timing,0.231,share 00-05 UTC,MEDIUM,own_history_12m,12 months,2026-10-01 00:00:00+00:00
BHV-000925,CUST-000093,unusual_location,0.0,share foreign-country tx,LOW,own_history_12m,12 months,2026-10-01 00:00:00+00:00
BHV-000926,CUST-000093,failed_transaction_rate,0.077,failed/all,LOW,own_history_12m,12 months,2026-10-01 00:00:00+00:00
BHV-000927,CUST-000093,spending_pattern_change,0.167,last30 avg / prior90 avg,MEDIUM,own_history_12m,12 months,2026-10-01 00:00:00+00:00
BHV-000928,CUST-000093,transaction_burst,0,bursts (4 tx/15 min),LOW,own_history_12m,12 months,2026-10-01 00:00:00+00:00
BHV-000929,CUST-000093,account_age,203,days,LOW,own_history_12m,12 months,2026-10-01 00:00:00+00:00
BHV-000930,CUST-000093,recent_activity,197,days since last tx,HIGH,own_history_12m,12 months,2026-10-01 00:00:00+00:00
BHV-000931,CUST-000094,transaction_frequency,0.0438,tx/day,MEDIUM,own_history_12m,12 months,2026-10-01 00:00:00+00:00
BHV-000932,CUST-000094,transaction_velocity,1,max tx in 60 min,LOW,own_history_12m,12 months,2026-10-01 00:00:00+00:00
BHV-000933,CUST-000094,amount_deviation,0.216,|last30/prior90 - 1|,LOW,own_history_12m,12 months,2026-10-01 00:00:00+00:00
BHV-000934,CUST-000094,unusual_timing,0.273,share 00-05 UTC,HIGH,own_history_12m,12 months,2026-10-01 00:00:00+00:00
BHV-000935,CUST-000094,unusual_location,0.0,share foreign-country tx,LOW,own_history_12m,12 months,2026-10-01 00:00:00+00:00
BHV-000936,CUST-000094,failed_transaction_rate,0.0,failed/all,LOW,own_history_12m,12 months,2026-10-01 00:00:00+00:00
BHV-000937,CUST-000094,spending_pattern_change,1.216,last30 avg / prior90 avg,LOW,own_history_12m,12 months,2026-10-01 00:00:00+00:00
BHV-000938,CUST-000094,transaction_burst,0,bursts (4 tx/15 min),LOW,own_history_12m,12 months,2026-10-01 00:00:00+00:00
BHV-000939,CUST-000094,account_age,251,days,LOW,own_history_12m,12 months,2026-10-01 00:00:00+00:00
BHV-000940,CUST-000094,recent_activity,243,days since last tx,HIGH,own_history_12m,12 months,2026-10-01 00:00:00+00:00
BHV-000941,CUST-000095,transaction_frequency,0.0728,tx/day,MEDIUM,own_history_12m,12 months,2026-10-01 00:00:00+00:00
BHV-000942,CUST-000095,transaction_velocity,1,max tx in 60 min,LOW,own_history_12m,12 months,2026-10-01 00:00:00+00:00
BHV-000943,CUST-000095,amount_deviation,0.88,|last30/prior90 - 1|,HIGH,own_history_12m,12 months,2026-10-01 00:00:00+00:00
BHV-000944,CUST-000095,unusual_timing,0.182,share 00-05 UTC,MEDIUM,own_history_12m,12 months,2026-10-01 00:00:00+00:00
BHV-000945,CUST-000095,unusual_location,0.0,share foreign-country tx,LOW,own_history_12m,12 months,2026-10-01 00:00:00+00:00
BHV-000946,CUST-000095,failed_transaction_rate,0.091,failed/all,LOW,own_history_12m,12 months,2026-10-01 00:00:00+00:00
BHV-000947,CUST-000095,spending_pattern_change,1.88,last30 avg / prior90 avg,MEDIUM,own_history_12m,12 months,2026-10-01 00:00:00+00:00
BHV-000948,CUST-000095,transaction_burst,0,bursts (4 tx/15 min),LOW,own_history_12m,12 months,2026-10-01 00:00:00+00:00
BHV-000949,CUST-000095,account_age,151,days,MEDIUM,own_history_12m,12 months,2026-10-01 00:00:00+00:00
BHV-000950,CUST-000095,recent_activity,146,days since last tx,HIGH,own_history_12m,12 months,2026-10-01 00:00:00+00:00
BHV-000951,CUST-000096,transaction_frequency,0.0444,tx/day,MEDIUM,own_history_12m,12 months,2026-10-01 00:00:00+00:00
BHV-000952,CUST-000096,transaction_velocity,1,max tx in 60 min,LOW,own_history_12m,12 months,2026-10-01 00:00:00+00:00
BHV-000953,CUST-000096,amount_deviation,0.962,|last30/prior90 - 1|,HIGH,own_history_12m,12 months,2026-10-01 00:00:00+00:00
BHV-000954,CUST-000096,unusual_timing,0.143,share 00-05 UTC,MEDIUM,own_history_12m,12 months,2026-10-01 00:00:00+00:00
BHV-000955,CUST-000096,unusual_location,0.0,share foreign-country tx,LOW,own_history_12m,12 months,2026-10-01 00:00:00+00:00
BHV-000956,CUST-000096,failed_transaction_rate,0.0,failed/all,LOW,own_history_12m,12 months,2026-10-01 00:00:00+00:00
BHV-000957,CUST-000096,spending_pattern_change,0.038,last30 avg / prior90 avg,MEDIUM,own_history_12m,12 months,2026-10-01 00:00:00+00:00
BHV-000958,CUST-000096,transaction_burst,0,bursts (4 tx/15 min),LOW,own_history_12m,12 months,2026-10-01 00:00:00+00:00
BHV-000959,CUST-000096,account_age,315,days,LOW,own_history_12m,12 months,2026-10-01 00:00:00+00:00
BHV-000960,CUST-000096,recent_activity,297,days since last tx,HIGH,own_history_12m,12 months,2026-10-01 00:00:00+00:00
BHV-000961,CUST-000097,transaction_frequency,0.1105,tx/day,MEDIUM,own_history_12m,12 months,2026-10-01 00:00:00+00:00
BHV-000962,CUST-000097,transaction_velocity,1,max tx in 60 min,LOW,own_history_12m,12 months,2026-10-01 00:00:00+00:00
BHV-000963,CUST-000097,amount_deviation,0.393,|last30/prior90 - 1|,MEDIUM,own_history_12m,12 months,2026-10-01 00:00:00+00:00
BHV-000964,CUST-000097,unusual_timing,0.3,share 00-05 UTC,HIGH,own_history_12m,12 months,2026-10-01 00:00:00+00:00
BHV-000965,CUST-000097,unusual_location,0.0,share foreign-country tx,LOW,own_history_12m,12 months,2026-10-01 00:00:00+00:00
BHV-000966,CUST-000097,failed_transaction_rate,0.05,failed/all,LOW,own_history_12m,12 months,2026-10-01 00:00:00+00:00
BHV-000967,CUST-000097,spending_pattern_change,1.393,last30 avg / prior90 avg,LOW,own_history_12m,12 months,2026-10-01 00:00:00+00:00
BHV-000968,CUST-000097,transaction_burst,0,bursts (4 tx/15 min),LOW,own_history_12m,12 months,2026-10-01 00:00:00+00:00
BHV-000969,CUST-000097,account_age,181,days,LOW,own_history_12m,12 months,2026-10-01 00:00:00+00:00
BHV-000970,CUST-000097,recent_activity,172,days since last tx,HIGH,own_history_12m,12 months,2026-10-01 00:00:00+00:00
BHV-000971,CUST-000098,transaction_frequency,0.1293,tx/day,MEDIUM,own_history_12m,12 months,2026-10-01 00:00:00+00:00
BHV-000972,CUST-000098,transaction_velocity,1,max tx in 60 min,LOW,own_history_12m,12 months,2026-10-01 00:00:00+00:00
BHV-000973,CUST-000098,amount_deviation,0.046,|last30/prior90 - 1|,LOW,own_history_12m,12 months,2026-10-01 00:00:00+00:00
BHV-000974,CUST-000098,unusual_timing,0.2,share 00-05 UTC,MEDIUM,own_history_12m,12 months,2026-10-01 00:00:00+00:00
BHV-000975,CUST-000098,unusual_location,0.0,share foreign-country tx,LOW,own_history_12m,12 months,2026-10-01 00:00:00+00:00
BHV-000976,CUST-000098,failed_transaction_rate,0.133,failed/all,MEDIUM,own_history_12m,12 months,2026-10-01 00:00:00+00:00
BHV-000977,CUST-000098,spending_pattern_change,1.046,last30 avg / prior90 avg,LOW,own_history_12m,12 months,2026-10-01 00:00:00+00:00
BHV-000978,CUST-000098,transaction_burst,0,bursts (4 tx/15 min),LOW,own_history_12m,12 months,2026-10-01 00:00:00+00:00
BHV-000979,CUST-000098,account_age,348,days,LOW,own_history_12m,12 months,2026-10-01 00:00:00+00:00
BHV-000980,CUST-000098,recent_activity,331,days since last tx,HIGH,own_history_12m,12 months,2026-10-01 00:00:00+00:00
BHV-000981,CUST-000099,transaction_frequency,0.0552,tx/day,MEDIUM,own_history_12m,12 months,2026-10-01 00:00:00+00:00
BHV-000982,CUST-000099,transaction_velocity,1,max tx in 60 min,LOW,own_history_12m,12 months,2026-10-01 00:00:00+00:00
BHV-000983,CUST-000099,amount_deviation,0,|last30/prior90 - 1|,LOW,own_history_12m,12 months,2026-10-01 00:00:00+00:00
BHV-000984,CUST-000099,unusual_timing,0.4,share 00-05 UTC,HIGH,own_history_12m,12 months,2026-10-01 00:00:00+00:00
BHV-000985,CUST-000099,unusual_location,0.0,share foreign-country tx,LOW,own_history_12m,12 months,2026-10-01 00:00:00+00:00
BHV-000986,CUST-000099,failed_transaction_rate,0.1,failed/all,MEDIUM,own_history_12m,12 months,2026-10-01 00:00:00+00:00
BHV-000987,CUST-000099,spending_pattern_change,,last30 avg / prior90 avg,LOW,own_history_12m,12 months,2026-10-01 00:00:00+00:00
BHV-000988,CUST-000099,transaction_burst,0,bursts (4 tx/15 min),LOW,own_history_12m,12 months,2026-10-01 00:00:00+00:00
BHV-000989,CUST-000099,account_age,181,days,LOW,own_history_12m,12 months,2026-10-01 00:00:00+00:00
BHV-000990,CUST-000099,recent_activity,147,days since last tx,HIGH,own_history_12m,12 months,2026-10-01 00:00:00+00:00
BHV-000991,CUST-000100,transaction_frequency,0.155,tx/day,HIGH,own_history_12m,12 months,2026-10-01 00:00:00+00:00
BHV-000992,CUST-000100,transaction_velocity,2,max tx in 60 min,MEDIUM,own_history_12m,12 months,2026-10-01 00:00:00+00:00
BHV-000993,CUST-000100,amount_deviation,0.694,|last30/prior90 - 1|,MEDIUM,own_history_12m,12 months,2026-10-01 00:00:00+00:00
BHV-000994,CUST-000100,unusual_timing,0.5,share 00-05 UTC,HIGH,own_history_12m,12 months,2026-10-01 00:00:00+00:00
BHV-000995,CUST-000100,unusual_location,0.0,share foreign-country tx,LOW,own_history_12m,12 months,2026-10-01 00:00:00+00:00
BHV-000996,CUST-000100,failed_transaction_rate,0.05,failed/all,LOW,own_history_12m,12 months,2026-10-01 00:00:00+00:00
BHV-000997,CUST-000100,spending_pattern_change,0.306,last30 avg / prior90 avg,MEDIUM,own_history_12m,12 months,2026-10-01 00:00:00+00:00
BHV-000998,CUST-000100,transaction_burst,0,bursts (4 tx/15 min),LOW,own_history_12m,12 months,2026-10-01 00:00:00+00:00
BHV-000999,CUST-000100,account_age,129,days,MEDIUM,own_history_12m,12 months,2026-10-01 00:00:00+00:00
BHV-001000,CUST-000100,recent_activity,123,days since last tx,HIGH,own_history_12m,12 months,2026-10-01 00:00:00+00:00
BHV-001001,CUST-000101,transaction_frequency,0.0746,tx/day,MEDIUM,own_history_12m,12 months,2026-10-01 00:00:00+00:00
BHV-001002,CUST-000101,transaction_velocity,1,max tx in 60 min,LOW,own_history_12m,12 months,2026-10-01 00:00:00+00:00
BHV-001003,CUST-000101,amount_deviation,0,|last30/prior90 - 1|,LOW,own_history_12m,12 months,2026-10-01 00:00:00+00:00
BHV-001004,CUST-000101,unusual_timing,0.4,share 00-05 UTC,HIGH,own_history_12m,12 months,2026-10-01 00:00:00+00:00
BHV-001005,CUST-000101,unusual_location,0.0,share foreign-country tx,LOW,own_history_12m,12 months,2026-10-01 00:00:00+00:00
BHV-001006,CUST-000101,failed_transaction_rate,0.0,failed/all,LOW,own_history_12m,12 months,2026-10-01 00:00:00+00:00
BHV-001007,CUST-000101,spending_pattern_change,,last30 avg / prior90 avg,LOW,own_history_12m,12 months,2026-10-01 00:00:00+00:00
BHV-001008,CUST-000101,transaction_burst,0,bursts (4 tx/15 min),LOW,own_history_12m,12 months,2026-10-01 00:00:00+00:00
BHV-001009,CUST-000101,account_age,134,days,MEDIUM,own_history_12m,12 months,2026-10-01 00:00:00+00:00
BHV-001010,CUST-000101,recent_activity,124,days since last tx,HIGH,own_history_12m,12 months,2026-10-01 00:00:00+00:00
BHV-001011,CUST-000102,transaction_frequency,0.0247,tx/day,MEDIUM,own_history_12m,12 months,2026-10-01 00:00:00+00:00
BHV-001012,CUST-000102,transaction_velocity,1,max tx in 60 min,LOW,own_history_12m,12 months,2026-10-01 00:00:00+00:00
BHV-001013,CUST-000102,amount_deviation,3.056,|last30/prior90 - 1|,HIGH,own_history_12m,12 months,2026-10-01 00:00:00+00:00
BHV-001014,CUST-000102,unusual_timing,0.5,share 00-05 UTC,HIGH,own_history_12m,12 months,2026-10-01 00:00:00+00:00
BHV-001015,CUST-000102,unusual_location,0.0,share foreign-country tx,LOW,own_history_12m,12 months,2026-10-01 00:00:00+00:00
BHV-001016,CUST-000102,failed_transaction_rate,0.0,failed/all,LOW,own_history_12m,12 months,2026-10-01 00:00:00+00:00
BHV-001017,CUST-000102,spending_pattern_change,4.056,last30 avg / prior90 avg,HIGH,own_history_12m,12 months,2026-10-01 00:00:00+00:00
BHV-001018,CUST-000102,transaction_burst,0,bursts (4 tx/15 min),LOW,own_history_12m,12 months,2026-10-01 00:00:00+00:00
BHV-001019,CUST-000102,account_age,81,days,MEDIUM,own_history_12m,12 months,2026-10-01 00:00:00+00:00
BHV-001020,CUST-000102,recent_activity,67,days since last tx,MEDIUM,own_history_12m,12 months,2026-10-01 00:00:00+00:00
BHV-001021,CUST-000103,transaction_frequency,0.0801,tx/day,MEDIUM,own_history_12m,12 months,2026-10-01 00:00:00+00:00
BHV-001022,CUST-000103,transaction_velocity,1,max tx in 60 min,LOW,own_history_12m,12 months,2026-10-01 00:00:00+00:00
BHV-001023,CUST-000103,amount_deviation,0.46,|last30/prior90 - 1|,MEDIUM,own_history_12m,12 months,2026-10-01 00:00:00+00:00
BHV-001024,CUST-000103,unusual_timing,0.391,share 00-05 UTC,HIGH,own_history_12m,12 months,2026-10-01 00:00:00+00:00
BHV-001025,CUST-000103,unusual_location,0.0,share foreign-country tx,LOW,own_history_12m,12 months,2026-10-01 00:00:00+00:00
BHV-001026,CUST-000103,failed_transaction_rate,0.0,failed/all,LOW,own_history_12m,12 months,2026-10-01 00:00:00+00:00
BHV-001027,CUST-000103,spending_pattern_change,1.46,last30 avg / prior90 avg,MEDIUM,own_history_12m,12 months,2026-10-01 00:00:00+00:00
BHV-001028,CUST-000103,transaction_burst,0,bursts (4 tx/15 min),LOW,own_history_12m,12 months,2026-10-01 00:00:00+00:00
BHV-001029,CUST-000103,account_age,287,days,LOW,own_history_12m,12 months,2026-10-01 00:00:00+00:00
BHV-001030,CUST-000103,recent_activity,284,days since last tx,HIGH,own_history_12m,12 months,2026-10-01 00:00:00+00:00
BHV-001031,CUST-000104,transaction_frequency,0.1927,tx/day,HIGH,own_history_12m,12 months,2026-10-01 00:00:00+00:00
BHV-001032,CUST-000104,transaction_velocity,2,max tx in 60 min,MEDIUM,own_history_12m,12 months,2026-10-01 00:00:00+00:00
BHV-001033,CUST-000104,amount_deviation,0.711,|last30/prior90 - 1|,MEDIUM,own_history_12m,12 months,2026-10-01 00:00:00+00:00
BHV-001034,CUST-000104,unusual_timing,0.19,share 00-05 UTC,MEDIUM,own_history_12m,12 months,2026-10-01 00:00:00+00:00
BHV-001035,CUST-000104,unusual_location,0.0,share foreign-country tx,LOW,own_history_12m,12 months,2026-10-01 00:00:00+00:00
BHV-001036,CUST-000104,failed_transaction_rate,0.048,failed/all,LOW,own_history_12m,12 months,2026-10-01 00:00:00+00:00
BHV-001037,CUST-000104,spending_pattern_change,0.289,last30 avg / prior90 avg,MEDIUM,own_history_12m,12 months,2026-10-01 00:00:00+00:00
BHV-001038,CUST-000104,transaction_burst,0,bursts (4 tx/15 min),LOW,own_history_12m,12 months,2026-10-01 00:00:00+00:00
BHV-001039,CUST-000104,account_age,109,days,MEDIUM,own_history_12m,12 months,2026-10-01 00:00:00+00:00
BHV-001040,CUST-000104,recent_activity,95,days since last tx,HIGH,own_history_12m,12 months,2026-10-01 00:00:00+00:00
BHV-001041,CUST-000105,transaction_frequency,0.0592,tx/day,MEDIUM,own_history_12m,12 months,2026-10-01 00:00:00+00:00
BHV-001042,CUST-000105,transaction_velocity,1,max tx in 60 min,LOW,own_history_12m,12 months,2026-10-01 00:00:00+00:00
BHV-001043,CUST-000105,amount_deviation,0.65,|last30/prior90 - 1|,MEDIUM,own_history_12m,12 months,2026-10-01 00:00:00+00:00
BHV-001044,CUST-000105,unusual_timing,0.222,share 00-05 UTC,MEDIUM,own_history_12m,12 months,2026-10-01 00:00:00+00:00
BHV-001045,CUST-000105,unusual_location,0.0,share foreign-country tx,LOW,own_history_12m,12 months,2026-10-01 00:00:00+00:00
BHV-001046,CUST-000105,failed_transaction_rate,0.222,failed/all,MEDIUM,own_history_12m,12 months,2026-10-01 00:00:00+00:00
BHV-001047,CUST-000105,spending_pattern_change,1.65,last30 avg / prior90 avg,MEDIUM,own_history_12m,12 months,2026-10-01 00:00:00+00:00
BHV-001048,CUST-000105,transaction_burst,0,bursts (4 tx/15 min),LOW,own_history_12m,12 months,2026-10-01 00:00:00+00:00
BHV-001049,CUST-000105,account_age,152,days,MEDIUM,own_history_12m,12 months,2026-10-01 00:00:00+00:00
BHV-001050,CUST-000105,recent_activity,147,days since last tx,HIGH,own_history_12m,12 months,2026-10-01 00:00:00+00:00
BHV-001051,CUST-000106,transaction_frequency,0.129,tx/day,MEDIUM,own_history_12m,12 months,2026-10-01 00:00:00+00:00
BHV-001052,CUST-000106,transaction_velocity,1,max tx in 60 min,LOW,own_history_12m,12 months,2026-10-01 00:00:00+00:00
BHV-001053,CUST-000106,amount_deviation,4.024,|last30/prior90 - 1|,HIGH,own_history_12m,12 months,2026-10-01 00:00:00+00:00
BHV-001054,CUST-000106,unusual_timing,0.188,share 00-05 UTC,MEDIUM,own_history_12m,12 months,2026-10-01 00:00:00+00:00
BHV-001055,CUST-000106,unusual_location,0.0,share foreign-country tx,LOW,own_history_12m,12 months,2026-10-01 00:00:00+00:00
BHV-001056,CUST-000106,failed_transaction_rate,0.062,failed/all,LOW,own_history_12m,12 months,2026-10-01 00:00:00+00:00
BHV-001057,CUST-000106,spending_pattern_change,5.024,last30 avg / prior90 avg,HIGH,own_history_12m,12 months,2026-10-01 00:00:00+00:00
BHV-001058,CUST-000106,transaction_burst,0,bursts (4 tx/15 min),LOW,own_history_12m,12 months,2026-10-01 00:00:00+00:00
BHV-001059,CUST-000106,account_age,124,days,MEDIUM,own_history_12m,12 months,2026-10-01 00:00:00+00:00
BHV-001060,CUST-000106,recent_activity,121,days since last tx,HIGH,own_history_12m,12 months,2026-10-01 00:00:00+00:00
BHV-001061,CUST-000107,transaction_frequency,0.1615,tx/day,HIGH,own_history_12m,12 months,2026-10-01 00:00:00+00:00
BHV-001062,CUST-000107,transaction_velocity,2,max tx in 60 min,MEDIUM,own_history_12m,12 months,2026-10-01 00:00:00+00:00
BHV-001063,CUST-000107,amount_deviation,0.468,|last30/prior90 - 1|,MEDIUM,own_history_12m,12 months,2026-10-01 00:00:00+00:00
BHV-001064,CUST-000107,unusual_timing,0.935,share 00-05 UTC,HIGH,own_history_12m,12 months,2026-10-01 00:00:00+00:00
BHV-001065,CUST-000107,unusual_location,0.0,share foreign-country tx,LOW,own_history_12m,12 months,2026-10-01 00:00:00+00:00
BHV-001066,CUST-000107,failed_transaction_rate,0.032,failed/all,LOW,own_history_12m,12 months,2026-10-01 00:00:00+00:00
BHV-001067,CUST-000107,spending_pattern_change,1.468,last30 avg / prior90 avg,MEDIUM,own_history_12m,12 months,2026-10-01 00:00:00+00:00
BHV-001068,CUST-000107,transaction_burst,0,bursts (4 tx/15 min),LOW,own_history_12m,12 months,2026-10-01 00:00:00+00:00
BHV-001069,CUST-000107,account_age,192,days,LOW,own_history_12m,12 months,2026-10-01 00:00:00+00:00
BHV-001070,CUST-000107,recent_activity,184,days since last tx,HIGH,own_history_12m,12 months,2026-10-01 00:00:00+00:00
BHV-001071,CUST-000108,transaction_frequency,0.0573,tx/day,MEDIUM,own_history_12m,12 months,2026-10-01 00:00:00+00:00
BHV-001072,CUST-000108,transaction_velocity,1,max tx in 60 min,LOW,own_history_12m,12 months,2026-10-01 00:00:00+00:00
BHV-001073,CUST-000108,amount_deviation,0.868,|last30/prior90 - 1|,HIGH,own_history_12m,12 months,2026-10-01 00:00:00+00:00
BHV-001074,CUST-000108,unusual_timing,0.188,share 00-05 UTC,MEDIUM,own_history_12m,12 months,2026-10-01 00:00:00+00:00
BHV-001075,CUST-000108,unusual_location,0.0,share foreign-country tx,LOW,own_history_12m,12 months,2026-10-01 00:00:00+00:00
BHV-001076,CUST-000108,failed_transaction_rate,0.188,failed/all,MEDIUM,own_history_12m,12 months,2026-10-01 00:00:00+00:00
BHV-001077,CUST-000108,spending_pattern_change,0.132,last30 avg / prior90 avg,MEDIUM,own_history_12m,12 months,2026-10-01 00:00:00+00:00
BHV-001078,CUST-000108,transaction_burst,0,bursts (4 tx/15 min),LOW,own_history_12m,12 months,2026-10-01 00:00:00+00:00
BHV-001079,CUST-000108,account_age,279,days,LOW,own_history_12m,12 months,2026-10-01 00:00:00+00:00
BHV-001080,CUST-000108,recent_activity,276,days since last tx,HIGH,own_history_12m,12 months,2026-10-01 00:00:00+00:00
BHV-001081,CUST-000109,transaction_frequency,0.1181,tx/day,MEDIUM,own_history_12m,12 months,2026-10-01 00:00:00+00:00
BHV-001082,CUST-000109,transaction_velocity,1,max tx in 60 min,LOW,own_history_12m,12 months,2026-10-01 00:00:00+00:00
BHV-001083,CUST-000109,amount_deviation,0.545,|last30/prior90 - 1|,MEDIUM,own_history_12m,12 months,2026-10-01 00:00:00+00:00
BHV-001084,CUST-000109,unusual_timing,0.2,share 00-05 UTC,MEDIUM,own_history_12m,12 months,2026-10-01 00:00:00+00:00
BHV-001085,CUST-000109,unusual_location,0.0,share foreign-country tx,LOW,own_history_12m,12 months,2026-10-01 00:00:00+00:00
BHV-001086,CUST-000109,failed_transaction_rate,0.0,failed/all,LOW,own_history_12m,12 months,2026-10-01 00:00:00+00:00
BHV-001087,CUST-000109,spending_pattern_change,1.545,last30 avg / prior90 avg,MEDIUM,own_history_12m,12 months,2026-10-01 00:00:00+00:00
BHV-001088,CUST-000109,transaction_burst,0,bursts (4 tx/15 min),LOW,own_history_12m,12 months,2026-10-01 00:00:00+00:00
BHV-001089,CUST-000109,account_age,127,days,MEDIUM,own_history_12m,12 months,2026-10-01 00:00:00+00:00
BHV-001090,CUST-000109,recent_activity,123,days since last tx,HIGH,own_history_12m,12 months,2026-10-01 00:00:00+00:00
BHV-001091,CUST-000110,transaction_frequency,0.0293,tx/day,MEDIUM,own_history_12m,12 months,2026-10-01 00:00:00+00:00
BHV-001092,CUST-000110,transaction_velocity,1,max tx in 60 min,LOW,own_history_12m,12 months,2026-10-01 00:00:00+00:00
BHV-001093,CUST-000110,amount_deviation,2.427,|last30/prior90 - 1|,HIGH,own_history_12m,12 months,2026-10-01 00:00:00+00:00
BHV-001094,CUST-000110,unusual_timing,0.2,share 00-05 UTC,MEDIUM,own_history_12m,12 months,2026-10-01 00:00:00+00:00
BHV-001095,CUST-000110,unusual_location,0.0,share foreign-country tx,LOW,own_history_12m,12 months,2026-10-01 00:00:00+00:00
BHV-001096,CUST-000110,failed_transaction_rate,0.0,failed/all,LOW,own_history_12m,12 months,2026-10-01 00:00:00+00:00
BHV-001097,CUST-000110,spending_pattern_change,3.427,last30 avg / prior90 avg,HIGH,own_history_12m,12 months,2026-10-01 00:00:00+00:00
BHV-001098,CUST-000110,transaction_burst,0,bursts (4 tx/15 min),LOW,own_history_12m,12 months,2026-10-01 00:00:00+00:00
BHV-001099,CUST-000110,account_age,341,days,LOW,own_history_12m,12 months,2026-10-01 00:00:00+00:00
BHV-001100,CUST-000110,recent_activity,312,days since last tx,HIGH,own_history_12m,12 months,2026-10-01 00:00:00+00:00
BHV-001101,CUST-000111,transaction_frequency,0.1351,tx/day,MEDIUM,own_history_12m,12 months,2026-10-01 00:00:00+00:00
BHV-001102,CUST-000111,transaction_velocity,1,max tx in 60 min,LOW,own_history_12m,12 months,2026-10-01 00:00:00+00:00
BHV-001103,CUST-000111,amount_deviation,0.87,|last30/prior90 - 1|,HIGH,own_history_12m,12 months,2026-10-01 00:00:00+00:00
BHV-001104,CUST-000111,unusual_timing,0.25,share 00-05 UTC,HIGH,own_history_12m,12 months,2026-10-01 00:00:00+00:00
BHV-001105,CUST-000111,unusual_location,0.0,share foreign-country tx,LOW,own_history_12m,12 months,2026-10-01 00:00:00+00:00
BHV-001106,CUST-000111,failed_transaction_rate,0.0,failed/all,LOW,own_history_12m,12 months,2026-10-01 00:00:00+00:00
BHV-001107,CUST-000111,spending_pattern_change,0.13,last30 avg / prior90 avg,MEDIUM,own_history_12m,12 months,2026-10-01 00:00:00+00:00
BHV-001108,CUST-000111,transaction_burst,0,bursts (4 tx/15 min),LOW,own_history_12m,12 months,2026-10-01 00:00:00+00:00
BHV-001109,CUST-000111,account_age,148,days,MEDIUM,own_history_12m,12 months,2026-10-01 00:00:00+00:00
BHV-001110,CUST-000111,recent_activity,119,days since last tx,HIGH,own_history_12m,12 months,2026-10-01 00:00:00+00:00
BHV-001111,CUST-000112,transaction_frequency,0.0586,tx/day,MEDIUM,own_history_12m,12 months,2026-10-01 00:00:00+00:00
BHV-001112,CUST-000112,transaction_velocity,2,max tx in 60 min,MEDIUM,own_history_12m,12 months,2026-10-01 00:00:00+00:00
BHV-001113,CUST-000112,amount_deviation,0.37,|last30/prior90 - 1|,MEDIUM,own_history_12m,12 months,2026-10-01 00:00:00+00:00
BHV-001114,CUST-000112,unusual_timing,0.211,share 00-05 UTC,MEDIUM,own_history_12m,12 months,2026-10-01 00:00:00+00:00
BHV-001115,CUST-000112,unusual_location,0.0,share foreign-country tx,LOW,own_history_12m,12 months,2026-10-01 00:00:00+00:00
BHV-001116,CUST-000112,failed_transaction_rate,0.105,failed/all,MEDIUM,own_history_12m,12 months,2026-10-01 00:00:00+00:00
BHV-001117,CUST-000112,spending_pattern_change,0.63,last30 avg / prior90 avg,LOW,own_history_12m,12 months,2026-10-01 00:00:00+00:00
BHV-001118,CUST-000112,transaction_burst,0,bursts (4 tx/15 min),LOW,own_history_12m,12 months,2026-10-01 00:00:00+00:00
BHV-001119,CUST-000112,account_age,324,days,LOW,own_history_12m,12 months,2026-10-01 00:00:00+00:00
BHV-001120,CUST-000112,recent_activity,321,days since last tx,HIGH,own_history_12m,12 months,2026-10-01 00:00:00+00:00
BHV-001121,CUST-000113,transaction_frequency,0.0366,tx/day,MEDIUM,own_history_12m,12 months,2026-10-01 00:00:00+00:00
BHV-001122,CUST-000113,transaction_velocity,1,max tx in 60 min,LOW,own_history_12m,12 months,2026-10-01 00:00:00+00:00
BHV-001123,CUST-000113,amount_deviation,14.554,|last30/prior90 - 1|,HIGH,own_history_12m,12 months,2026-10-01 00:00:00+00:00
BHV-001124,CUST-000113,unusual_timing,0.0,share 00-05 UTC,LOW,own_history_12m,12 months,2026-10-01 00:00:00+00:00
BHV-001125,CUST-000113,unusual_location,0.0,share foreign-country tx,LOW,own_history_12m,12 months,2026-10-01 00:00:00+00:00
BHV-001126,CUST-000113,failed_transaction_rate,0.0,failed/all,LOW,own_history_12m,12 months,2026-10-01 00:00:00+00:00
BHV-001127,CUST-000113,spending_pattern_change,15.554,last30 avg / prior90 avg,HIGH,own_history_12m,12 months,2026-10-01 00:00:00+00:00
BHV-001128,CUST-000113,transaction_burst,0,bursts (4 tx/15 min),LOW,own_history_12m,12 months,2026-10-01 00:00:00+00:00
BHV-001129,CUST-000113,account_age,191,days,LOW,own_history_12m,12 months,2026-10-01 00:00:00+00:00
BHV-001130,CUST-000113,recent_activity,183,days since last tx,HIGH,own_history_12m,12 months,2026-10-01 00:00:00+00:00
BHV-001131,CUST-000114,transaction_frequency,0.0705,tx/day,MEDIUM,own_history_12m,12 months,2026-10-01 00:00:00+00:00
BHV-001132,CUST-000114,transaction_velocity,1,max tx in 60 min,LOW,own_history_12m,12 months,2026-10-01 00:00:00+00:00
BHV-001133,CUST-000114,amount_deviation,0,|last30/prior90 - 1|,LOW,own_history_12m,12 months,2026-10-01 00:00:00+00:00
BHV-001134,CUST-000114,unusual_timing,0.294,share 00-05 UTC,HIGH,own_history_12m,12 months,2026-10-01 00:00:00+00:00
BHV-001135,CUST-000114,unusual_location,0.0,share foreign-country tx,LOW,own_history_12m,12 months,2026-10-01 00:00:00+00:00
BHV-001136,CUST-000114,failed_transaction_rate,0.0,failed/all,LOW,own_history_12m,12 months,2026-10-01 00:00:00+00:00
BHV-001137,CUST-000114,spending_pattern_change,,last30 avg / prior90 avg,LOW,own_history_12m,12 months,2026-10-01 00:00:00+00:00
BHV-001138,CUST-000114,transaction_burst,0,bursts (4 tx/15 min),LOW,own_history_12m,12 months,2026-10-01 00:00:00+00:00
BHV-001139,CUST-000114,account_age,241,days,LOW,own_history_12m,12 months,2026-10-01 00:00:00+00:00
BHV-001140,CUST-000114,recent_activity,236,days since last tx,HIGH,own_history_12m,12 months,2026-10-01 00:00:00+00:00
BHV-001141,CUST-000115,transaction_frequency,0.0738,tx/day,MEDIUM,own_history_12m,12 months,2026-10-01 00:00:00+00:00
BHV-001142,CUST-000115,transaction_velocity,1,max tx in 60 min,LOW,own_history_12m,12 months,2026-10-01 00:00:00+00:00
BHV-001143,CUST-000115,amount_deviation,0.921,|last30/prior90 - 1|,HIGH,own_history_12m,12 months,2026-10-01 00:00:00+00:00
BHV-001144,CUST-000115,unusual_timing,0.222,share 00-05 UTC,MEDIUM,own_history_12m,12 months,2026-10-01 00:00:00+00:00
BHV-001145,CUST-000115,unusual_location,0.0,share foreign-country tx,LOW,own_history_12m,12 months,2026-10-01 00:00:00+00:00
BHV-001146,CUST-000115,failed_transaction_rate,0.111,failed/all,MEDIUM,own_history_12m,12 months,2026-10-01 00:00:00+00:00
BHV-001147,CUST-000115,spending_pattern_change,0.079,last30 avg / prior90 avg,MEDIUM,own_history_12m,12 months,2026-10-01 00:00:00+00:00
BHV-001148,CUST-000115,transaction_burst,0,bursts (4 tx/15 min),LOW,own_history_12m,12 months,2026-10-01 00:00:00+00:00
BHV-001149,CUST-000115,account_age,244,days,LOW,own_history_12m,12 months,2026-10-01 00:00:00+00:00
BHV-001150,CUST-000115,recent_activity,229,days since last tx,HIGH,own_history_12m,12 months,2026-10-01 00:00:00+00:00
BHV-001151,CUST-000116,transaction_frequency,0.0902,tx/day,MEDIUM,own_history_12m,12 months,2026-10-01 00:00:00+00:00
BHV-001152,CUST-000116,transaction_velocity,1,max tx in 60 min,LOW,own_history_12m,12 months,2026-10-01 00:00:00+00:00
BHV-001153,CUST-000116,amount_deviation,0.32,|last30/prior90 - 1|,MEDIUM,own_history_12m,12 months,2026-10-01 00:00:00+00:00
BHV-001154,CUST-000116,unusual_timing,0.261,share 00-05 UTC,HIGH,own_history_12m,12 months,2026-10-01 00:00:00+00:00
BHV-001155,CUST-000116,unusual_location,0.0,share foreign-country tx,LOW,own_history_12m,12 months,2026-10-01 00:00:00+00:00
BHV-001156,CUST-000116,failed_transaction_rate,0.217,failed/all,MEDIUM,own_history_12m,12 months,2026-10-01 00:00:00+00:00
BHV-001157,CUST-000116,spending_pattern_change,0.68,last30 avg / prior90 avg,LOW,own_history_12m,12 months,2026-10-01 00:00:00+00:00
BHV-001158,CUST-000116,transaction_burst,0,bursts (4 tx/15 min),LOW,own_history_12m,12 months,2026-10-01 00:00:00+00:00
BHV-001159,CUST-000116,account_age,255,days,LOW,own_history_12m,12 months,2026-10-01 00:00:00+00:00
BHV-001160,CUST-000116,recent_activity,244,days since last tx,HIGH,own_history_12m,12 months,2026-10-01 00:00:00+00:00
BHV-001161,CUST-000117,transaction_frequency,0.2598,tx/day,HIGH,own_history_12m,12 months,2026-10-01 00:00:00+00:00
BHV-001162,CUST-000117,transaction_velocity,1,max tx in 60 min,LOW,own_history_12m,12 months,2026-10-01 00:00:00+00:00
BHV-001163,CUST-000117,amount_deviation,0.898,|last30/prior90 - 1|,HIGH,own_history_12m,12 months,2026-10-01 00:00:00+00:00
BHV-001164,CUST-000117,unusual_timing,0.283,share 00-05 UTC,HIGH,own_history_12m,12 months,2026-10-01 00:00:00+00:00
BHV-001165,CUST-000117,unusual_location,0.0,share foreign-country tx,LOW,own_history_12m,12 months,2026-10-01 00:00:00+00:00
BHV-001166,CUST-000117,failed_transaction_rate,0.038,failed/all,LOW,own_history_12m,12 months,2026-10-01 00:00:00+00:00
BHV-001167,CUST-000117,spending_pattern_change,0.102,last30 avg / prior90 avg,MEDIUM,own_history_12m,12 months,2026-10-01 00:00:00+00:00
BHV-001168,CUST-000117,transaction_burst,0,bursts (4 tx/15 min),LOW,own_history_12m,12 months,2026-10-01 00:00:00+00:00
BHV-001169,CUST-000117,account_age,204,days,LOW,own_history_12m,12 months,2026-10-01 00:00:00+00:00
BHV-001170,CUST-000117,recent_activity,209,days since last tx,HIGH,own_history_12m,12 months,2026-10-01 00:00:00+00:00
BHV-001171,CUST-000118,transaction_frequency,0.4483,tx/day,HIGH,own_history_12m,12 months,2026-10-01 00:00:00+00:00
BHV-001172,CUST-000118,transaction_velocity,2,max tx in 60 min,MEDIUM,own_history_12m,12 months,2026-10-01 00:00:00+00:00
BHV-001173,CUST-000118,amount_deviation,0.304,|last30/prior90 - 1|,MEDIUM,own_history_12m,12 months,2026-10-01 00:00:00+00:00
BHV-001174,CUST-000118,unusual_timing,0.231,share 00-05 UTC,MEDIUM,own_history_12m,12 months,2026-10-01 00:00:00+00:00
BHV-001175,CUST-000118,unusual_location,0.0,share foreign-country tx,LOW,own_history_12m,12 months,2026-10-01 00:00:00+00:00
BHV-001176,CUST-000118,failed_transaction_rate,0.128,failed/all,MEDIUM,own_history_12m,12 months,2026-10-01 00:00:00+00:00
BHV-001177,CUST-000118,spending_pattern_change,0.696,last30 avg / prior90 avg,LOW,own_history_12m,12 months,2026-10-01 00:00:00+00:00
BHV-001178,CUST-000118,transaction_burst,0,bursts (4 tx/15 min),LOW,own_history_12m,12 months,2026-10-01 00:00:00+00:00
BHV-001179,CUST-000118,account_age,87,days,MEDIUM,own_history_12m,12 months,2026-10-01 00:00:00+00:00
BHV-001180,CUST-000118,recent_activity,83,days since last tx,MEDIUM,own_history_12m,12 months,2026-10-01 00:00:00+00:00
BHV-001181,CUST-000119,transaction_frequency,0.202,tx/day,HIGH,own_history_12m,12 months,2026-10-01 00:00:00+00:00
BHV-001182,CUST-000119,transaction_velocity,1,max tx in 60 min,LOW,own_history_12m,12 months,2026-10-01 00:00:00+00:00
BHV-001183,CUST-000119,amount_deviation,0.775,|last30/prior90 - 1|,MEDIUM,own_history_12m,12 months,2026-10-01 00:00:00+00:00
BHV-001184,CUST-000119,unusual_timing,0.25,share 00-05 UTC,HIGH,own_history_12m,12 months,2026-10-01 00:00:00+00:00
BHV-001185,CUST-000119,unusual_location,0.0,share foreign-country tx,LOW,own_history_12m,12 months,2026-10-01 00:00:00+00:00
BHV-001186,CUST-000119,failed_transaction_rate,0.0,failed/all,LOW,own_history_12m,12 months,2026-10-01 00:00:00+00:00
BHV-001187,CUST-000119,spending_pattern_change,0.225,last30 avg / prior90 avg,MEDIUM,own_history_12m,12 months,2026-10-01 00:00:00+00:00
BHV-001188,CUST-000119,transaction_burst,0,bursts (4 tx/15 min),LOW,own_history_12m,12 months,2026-10-01 00:00:00+00:00
BHV-001189,CUST-000119,account_age,99,days,MEDIUM,own_history_12m,12 months,2026-10-01 00:00:00+00:00
BHV-001190,CUST-000119,recent_activity,98,days since last tx,HIGH,own_history_12m,12 months,2026-10-01 00:00:00+00:00
BHV-001191,CUST-000120,transaction_frequency,0.3304,tx/day,HIGH,own_history_12m,12 months,2026-10-01 00:00:00+00:00
BHV-001192,CUST-000120,transaction_velocity,2,max tx in 60 min,MEDIUM,own_history_12m,12 months,2026-10-01 00:00:00+00:00
BHV-001193,CUST-000120,amount_deviation,0.205,|last30/prior90 - 1|,LOW,own_history_12m,12 months,2026-10-01 00:00:00+00:00
BHV-001194,CUST-000120,unusual_timing,0.158,share 00-05 UTC,MEDIUM,own_history_12m,12 months,2026-10-01 00:00:00+00:00
BHV-001195,CUST-000120,unusual_location,0.0,share foreign-country tx,LOW,own_history_12m,12 months,2026-10-01 00:00:00+00:00
BHV-001196,CUST-000120,failed_transaction_rate,0.026,failed/all,LOW,own_history_12m,12 months,2026-10-01 00:00:00+00:00
BHV-001197,CUST-000120,spending_pattern_change,1.205,last30 avg / prior90 avg,LOW,own_history_12m,12 months,2026-10-01 00:00:00+00:00
BHV-001198,CUST-000120,transaction_burst,0,bursts (4 tx/15 min),LOW,own_history_12m,12 months,2026-10-01 00:00:00+00:00
BHV-001199,CUST-000120,account_age,115,days,MEDIUM,own_history_12m,12 months,2026-10-01 00:00:00+00:00
BHV-001200,CUST-000120,recent_activity,112,days since last tx,HIGH,own_history_12m,12 months,2026-10-01 00:00:00+00:00
BHV-001201,CUST-000121,transaction_frequency,0.0489,tx/day,MEDIUM,own_history_12m,12 months,2026-10-01 00:00:00+00:00
BHV-001202,CUST-000121,transaction_velocity,2,max tx in 60 min,MEDIUM,own_history_12m,12 months,2026-10-01 00:00:00+00:00
BHV-001203,CUST-000121,amount_deviation,0,|last30/prior90 - 1|,LOW,own_history_12m,12 months,2026-10-01 00:00:00+00:00
BHV-001204,CUST-000121,unusual_timing,0.364,share 00-05 UTC,HIGH,own_history_12m,12 months,2026-10-01 00:00:00+00:00
BHV-001205,CUST-000121,unusual_location,0.0,share foreign-country tx,LOW,own_history_12m,12 months,2026-10-01 00:00:00+00:00
BHV-001206,CUST-000121,failed_transaction_rate,0.091,failed/all,LOW,own_history_12m,12 months,2026-10-01 00:00:00+00:00
BHV-001207,CUST-000121,spending_pattern_change,,last30 avg / prior90 avg,LOW,own_history_12m,12 months,2026-10-01 00:00:00+00:00
BHV-001208,CUST-000121,transaction_burst,0,bursts (4 tx/15 min),LOW,own_history_12m,12 months,2026-10-01 00:00:00+00:00
BHV-001209,CUST-000121,account_age,225,days,LOW,own_history_12m,12 months,2026-10-01 00:00:00+00:00
BHV-001210,CUST-000121,recent_activity,155,days since last tx,HIGH,own_history_12m,12 months,2026-10-01 00:00:00+00:00
BHV-001211,CUST-000122,transaction_frequency,0.0213,tx/day,MEDIUM,own_history_12m,12 months,2026-10-01 00:00:00+00:00
BHV-001212,CUST-000122,transaction_velocity,1,max tx in 60 min,LOW,own_history_12m,12 months,2026-10-01 00:00:00+00:00
BHV-001213,CUST-000122,amount_deviation,1.018,|last30/prior90 - 1|,HIGH,own_history_12m,12 months,2026-10-01 00:00:00+00:00
BHV-001214,CUST-000122,unusual_timing,0.286,share 00-05 UTC,HIGH,own_history_12m,12 months,2026-10-01 00:00:00+00:00
BHV-001215,CUST-000122,unusual_location,0.0,share foreign-country tx,LOW,own_history_12m,12 months,2026-10-01 00:00:00+00:00
BHV-001216,CUST-000122,failed_transaction_rate,0.0,failed/all,LOW,own_history_12m,12 months,2026-10-01 00:00:00+00:00
BHV-001217,CUST-000122,spending_pattern_change,2.018,last30 avg / prior90 avg,HIGH,own_history_12m,12 months,2026-10-01 00:00:00+00:00
BHV-001218,CUST-000122,transaction_burst,0,bursts (4 tx/15 min),LOW,own_history_12m,12 months,2026-10-01 00:00:00+00:00
BHV-001219,CUST-000122,account_age,328,days,LOW,own_history_12m,12 months,2026-10-01 00:00:00+00:00
BHV-001220,CUST-000122,recent_activity,311,days since last tx,HIGH,own_history_12m,12 months,2026-10-01 00:00:00+00:00
BHV-001221,CUST-000123,transaction_frequency,0.0726,tx/day,MEDIUM,own_history_12m,12 months,2026-10-01 00:00:00+00:00
BHV-001222,CUST-000123,transaction_velocity,1,max tx in 60 min,LOW,own_history_12m,12 months,2026-10-01 00:00:00+00:00
BHV-001223,CUST-000123,amount_deviation,0,|last30/prior90 - 1|,LOW,own_history_12m,12 months,2026-10-01 00:00:00+00:00
BHV-001224,CUST-000123,unusual_timing,0.176,share 00-05 UTC,MEDIUM,own_history_12m,12 months,2026-10-01 00:00:00+00:00
BHV-001225,CUST-000123,unusual_location,0.0,share foreign-country tx,LOW,own_history_12m,12 months,2026-10-01 00:00:00+00:00
BHV-001226,CUST-000123,failed_transaction_rate,0.294,failed/all,MEDIUM,own_history_12m,12 months,2026-10-01 00:00:00+00:00
BHV-001227,CUST-000123,spending_pattern_change,,last30 avg / prior90 avg,LOW,own_history_12m,12 months,2026-10-01 00:00:00+00:00
BHV-001228,CUST-000123,transaction_burst,0,bursts (4 tx/15 min),LOW,own_history_12m,12 months,2026-10-01 00:00:00+00:00
BHV-001229,CUST-000123,account_age,234,days,LOW,own_history_12m,12 months,2026-10-01 00:00:00+00:00
BHV-001230,CUST-000123,recent_activity,232,days since last tx,HIGH,own_history_12m,12 months,2026-10-01 00:00:00+00:00
BHV-001231,CUST-000124,transaction_frequency,0.0412,tx/day,MEDIUM,own_history_12m,12 months,2026-10-01 00:00:00+00:00
BHV-001232,CUST-000124,transaction_velocity,1,max tx in 60 min,LOW,own_history_12m,12 months,2026-10-01 00:00:00+00:00
BHV-001233,CUST-000124,amount_deviation,0.999,|last30/prior90 - 1|,HIGH,own_history_12m,12 months,2026-10-01 00:00:00+00:00
BHV-001234,CUST-000124,unusual_timing,0.3,share 00-05 UTC,HIGH,own_history_12m,12 months,2026-10-01 00:00:00+00:00
BHV-001235,CUST-000124,unusual_location,0.0,share foreign-country tx,LOW,own_history_12m,12 months,2026-10-01 00:00:00+00:00
BHV-001236,CUST-000124,failed_transaction_rate,0.2,failed/all,MEDIUM,own_history_12m,12 months,2026-10-01 00:00:00+00:00
BHV-001237,CUST-000124,spending_pattern_change,0.001,last30 avg / prior90 avg,MEDIUM,own_history_12m,12 months,2026-10-01 00:00:00+00:00
BHV-001238,CUST-000124,transaction_burst,0,bursts (4 tx/15 min),LOW,own_history_12m,12 months,2026-10-01 00:00:00+00:00
BHV-001239,CUST-000124,account_age,243,days,LOW,own_history_12m,12 months,2026-10-01 00:00:00+00:00
BHV-001240,CUST-000124,recent_activity,239,days since last tx,HIGH,own_history_12m,12 months,2026-10-01 00:00:00+00:00
BHV-001241,CUST-000125,transaction_frequency,0.0922,tx/day,MEDIUM,own_history_12m,12 months,2026-10-01 00:00:00+00:00
BHV-001242,CUST-000125,transaction_velocity,1,max tx in 60 min,LOW,own_history_12m,12 months,2026-10-01 00:00:00+00:00
BHV-001243,CUST-000125,amount_deviation,0.257,|last30/prior90 - 1|,LOW,own_history_12m,12 months,2026-10-01 00:00:00+00:00
BHV-001244,CUST-000125,unusual_timing,1.0,share 00-05 UTC,HIGH,own_history_12m,12 months,2026-10-01 00:00:00+00:00
BHV-001245,CUST-000125,unusual_location,0.0,share foreign-country tx,LOW,own_history_12m,12 months,2026-10-01 00:00:00+00:00
BHV-001246,CUST-000125,failed_transaction_rate,0.2,failed/all,MEDIUM,own_history_12m,12 months,2026-10-01 00:00:00+00:00
BHV-001247,CUST-000125,spending_pattern_change,0.743,last30 avg / prior90 avg,LOW,own_history_12m,12 months,2026-10-01 00:00:00+00:00
BHV-001248,CUST-000125,transaction_burst,0,bursts (4 tx/15 min),LOW,own_history_12m,12 months,2026-10-01 00:00:00+00:00
BHV-001249,CUST-000125,account_age,217,days,LOW,own_history_12m,12 months,2026-10-01 00:00:00+00:00
BHV-001250,CUST-000125,recent_activity,203,days since last tx,HIGH,own_history_12m,12 months,2026-10-01 00:00:00+00:00
BHV-001251,CUST-000126,transaction_frequency,0.0791,tx/day,MEDIUM,own_history_12m,12 months,2026-10-01 00:00:00+00:00
BHV-001252,CUST-000126,transaction_velocity,1,max tx in 60 min,LOW,own_history_12m,12 months,2026-10-01 00:00:00+00:00
BHV-001253,CUST-000126,amount_deviation,1.738,|last30/prior90 - 1|,HIGH,own_history_12m,12 months,2026-10-01 00:00:00+00:00
BHV-001254,CUST-000126,unusual_timing,0.318,share 00-05 UTC,HIGH,own_history_12m,12 months,2026-10-01 00:00:00+00:00
BHV-001255,CUST-000126,unusual_location,0.0,share foreign-country tx,LOW,own_history_12m,12 months,2026-10-01 00:00:00+00:00
BHV-001256,CUST-000126,failed_transaction_rate,0.045,failed/all,LOW,own_history_12m,12 months,2026-10-01 00:00:00+00:00
BHV-001257,CUST-000126,spending_pattern_change,2.738,last30 avg / prior90 avg,HIGH,own_history_12m,12 months,2026-10-01 00:00:00+00:00
BHV-001258,CUST-000126,transaction_burst,0,bursts (4 tx/15 min),LOW,own_history_12m,12 months,2026-10-01 00:00:00+00:00
BHV-001259,CUST-000126,account_age,278,days,LOW,own_history_12m,12 months,2026-10-01 00:00:00+00:00
BHV-001260,CUST-000126,recent_activity,275,days since last tx,HIGH,own_history_12m,12 months,2026-10-01 00:00:00+00:00
BHV-001261,CUST-000127,transaction_frequency,0.3896,tx/day,HIGH,own_history_12m,12 months,2026-10-01 00:00:00+00:00
BHV-001262,CUST-000127,transaction_velocity,1,max tx in 60 min,LOW,own_history_12m,12 months,2026-10-01 00:00:00+00:00
BHV-001263,CUST-000127,amount_deviation,0.85,|last30/prior90 - 1|,HIGH,own_history_12m,12 months,2026-10-01 00:00:00+00:00
BHV-001264,CUST-000127,unusual_timing,0.333,share 00-05 UTC,HIGH,own_history_12m,12 months,2026-10-01 00:00:00+00:00
BHV-001265,CUST-000127,unusual_location,0.0,share foreign-country tx,LOW,own_history_12m,12 months,2026-10-01 00:00:00+00:00
BHV-001266,CUST-000127,failed_transaction_rate,0.117,failed/all,MEDIUM,own_history_12m,12 months,2026-10-01 00:00:00+00:00
BHV-001267,CUST-000127,spending_pattern_change,0.15,last30 avg / prior90 avg,MEDIUM,own_history_12m,12 months,2026-10-01 00:00:00+00:00
BHV-001268,CUST-000127,transaction_burst,0,bursts (4 tx/15 min),LOW,own_history_12m,12 months,2026-10-01 00:00:00+00:00
BHV-001269,CUST-000127,account_age,154,days,MEDIUM,own_history_12m,12 months,2026-10-01 00:00:00+00:00
BHV-001270,CUST-000127,recent_activity,151,days since last tx,HIGH,own_history_12m,12 months,2026-10-01 00:00:00+00:00
BHV-001271,CUST-000128,transaction_frequency,0.2317,tx/day,HIGH,own_history_12m,12 months,2026-10-01 00:00:00+00:00
BHV-001272,CUST-000128,transaction_velocity,1,max tx in 60 min,LOW,own_history_12m,12 months,2026-10-01 00:00:00+00:00
BHV-001273,CUST-000128,amount_deviation,0.367,|last30/prior90 - 1|,MEDIUM,own_history_12m,12 months,2026-10-01 00:00:00+00:00
BHV-001274,CUST-000128,unusual_timing,0.316,share 00-05 UTC,HIGH,own_history_12m,12 months,2026-10-01 00:00:00+00:00
BHV-001275,CUST-000128,unusual_location,0.0,share foreign-country tx,LOW,own_history_12m,12 months,2026-10-01 00:00:00+00:00
BHV-001276,CUST-000128,failed_transaction_rate,0.158,failed/all,MEDIUM,own_history_12m,12 months,2026-10-01 00:00:00+00:00
BHV-001277,CUST-000128,spending_pattern_change,1.367,last30 avg / prior90 avg,LOW,own_history_12m,12 months,2026-10-01 00:00:00+00:00
BHV-001278,CUST-000128,transaction_burst,0,bursts (4 tx/15 min),LOW,own_history_12m,12 months,2026-10-01 00:00:00+00:00
BHV-001279,CUST-000128,account_age,82,days,MEDIUM,own_history_12m,12 months,2026-10-01 00:00:00+00:00
BHV-001280,CUST-000128,recent_activity,77,days since last tx,MEDIUM,own_history_12m,12 months,2026-10-01 00:00:00+00:00
BHV-001281,CUST-000129,transaction_frequency,0.0939,tx/day,MEDIUM,own_history_12m,12 months,2026-10-01 00:00:00+00:00
BHV-001282,CUST-000129,transaction_velocity,1,max tx in 60 min,LOW,own_history_12m,12 months,2026-10-01 00:00:00+00:00
BHV-001283,CUST-000129,amount_deviation,0,|last30/prior90 - 1|,LOW,own_history_12m,12 months,2026-10-01 00:00:00+00:00
BHV-001284,CUST-000129,unusual_timing,0.35,share 00-05 UTC,HIGH,own_history_12m,12 months,2026-10-01 00:00:00+00:00
BHV-001285,CUST-000129,unusual_location,0.0,share foreign-country tx,LOW,own_history_12m,12 months,2026-10-01 00:00:00+00:00
BHV-001286,CUST-000129,failed_transaction_rate,0.05,failed/all,LOW,own_history_12m,12 months,2026-10-01 00:00:00+00:00
BHV-001287,CUST-000129,spending_pattern_change,,last30 avg / prior90 avg,LOW,own_history_12m,12 months,2026-10-01 00:00:00+00:00
BHV-001288,CUST-000129,transaction_burst,0,bursts (4 tx/15 min),LOW,own_history_12m,12 months,2026-10-01 00:00:00+00:00
BHV-001289,CUST-000129,account_age,213,days,LOW,own_history_12m,12 months,2026-10-01 00:00:00+00:00
BHV-001290,CUST-000129,recent_activity,202,days since last tx,HIGH,own_history_12m,12 months,2026-10-01 00:00:00+00:00
BHV-001291,CUST-000130,transaction_frequency,0.0102,tx/day,LOW,own_history_12m,12 months,2026-10-01 00:00:00+00:00
BHV-001292,CUST-000130,transaction_velocity,1,max tx in 60 min,LOW,own_history_12m,12 months,2026-10-01 00:00:00+00:00
BHV-001293,CUST-000130,amount_deviation,0,|last30/prior90 - 1|,LOW,own_history_12m,12 months,2026-10-01 00:00:00+00:00
BHV-001294,CUST-000130,unusual_timing,0.5,share 00-05 UTC,HIGH,own_history_12m,12 months,2026-10-01 00:00:00+00:00
BHV-001295,CUST-000130,unusual_location,0.0,share foreign-country tx,LOW,own_history_12m,12 months,2026-10-01 00:00:00+00:00
BHV-001296,CUST-000130,failed_transaction_rate,0.0,failed/all,LOW,own_history_12m,12 months,2026-10-01 00:00:00+00:00
BHV-001297,CUST-000130,spending_pattern_change,,last30 avg / prior90 avg,LOW,own_history_12m,12 months,2026-10-01 00:00:00+00:00
BHV-001298,CUST-000130,transaction_burst,0,bursts (4 tx/15 min),LOW,own_history_12m,12 months,2026-10-01 00:00:00+00:00
BHV-001299,CUST-000130,account_age,196,days,LOW,own_history_12m,12 months,2026-10-01 00:00:00+00:00
BHV-001300,CUST-000130,recent_activity,149,days since last tx,HIGH,own_history_12m,12 months,2026-10-01 00:00:00+00:00
BHV-001301,CUST-000131,transaction_frequency,0.0673,tx/day,MEDIUM,own_history_12m,12 months,2026-10-01 00:00:00+00:00
BHV-001302,CUST-000131,transaction_velocity,1,max tx in 60 min,LOW,own_history_12m,12 months,2026-10-01 00:00:00+00:00
BHV-001303,CUST-000131,amount_deviation,0.637,|last30/prior90 - 1|,MEDIUM,own_history_12m,12 months,2026-10-01 00:00:00+00:00
BHV-001304,CUST-000131,unusual_timing,0.143,share 00-05 UTC,MEDIUM,own_history_12m,12 months,2026-10-01 00:00:00+00:00
BHV-001305,CUST-000131,unusual_location,0.0,share foreign-country tx,LOW,own_history_12m,12 months,2026-10-01 00:00:00+00:00
BHV-001306,CUST-000131,failed_transaction_rate,0.095,failed/all,LOW,own_history_12m,12 months,2026-10-01 00:00:00+00:00
BHV-001307,CUST-000131,spending_pattern_change,0.363,last30 avg / prior90 avg,MEDIUM,own_history_12m,12 months,2026-10-01 00:00:00+00:00
BHV-001308,CUST-000131,transaction_burst,0,bursts (4 tx/15 min),LOW,own_history_12m,12 months,2026-10-01 00:00:00+00:00
BHV-001309,CUST-000131,account_age,312,days,LOW,own_history_12m,12 months,2026-10-01 00:00:00+00:00
BHV-001310,CUST-000131,recent_activity,309,days since last tx,HIGH,own_history_12m,12 months,2026-10-01 00:00:00+00:00
BHV-001311,CUST-000132,transaction_frequency,0.2424,tx/day,HIGH,own_history_12m,12 months,2026-10-01 00:00:00+00:00
BHV-001312,CUST-000132,transaction_velocity,3,max tx in 60 min,MEDIUM,own_history_12m,12 months,2026-10-01 00:00:00+00:00
BHV-001313,CUST-000132,amount_deviation,0.584,|last30/prior90 - 1|,MEDIUM,own_history_12m,12 months,2026-10-01 00:00:00+00:00
BHV-001314,CUST-000132,unusual_timing,0.812,share 00-05 UTC,HIGH,own_history_12m,12 months,2026-10-01 00:00:00+00:00
BHV-001315,CUST-000132,unusual_location,0.0,share foreign-country tx,LOW,own_history_12m,12 months,2026-10-01 00:00:00+00:00
BHV-001316,CUST-000132,failed_transaction_rate,0.188,failed/all,MEDIUM,own_history_12m,12 months,2026-10-01 00:00:00+00:00
BHV-001317,CUST-000132,spending_pattern_change,0.416,last30 avg / prior90 avg,MEDIUM,own_history_12m,12 months,2026-10-01 00:00:00+00:00
BHV-001318,CUST-000132,transaction_burst,0,bursts (4 tx/15 min),LOW,own_history_12m,12 months,2026-10-01 00:00:00+00:00
BHV-001319,CUST-000132,account_age,66,days,MEDIUM,own_history_12m,12 months,2026-10-01 00:00:00+00:00
BHV-001320,CUST-000132,recent_activity,63,days since last tx,MEDIUM,own_history_12m,12 months,2026-10-01 00:00:00+00:00
BHV-001321,CUST-000133,transaction_frequency,0.0469,tx/day,MEDIUM,own_history_12m,12 months,2026-10-01 00:00:00+00:00
BHV-001322,CUST-000133,transaction_velocity,1,max tx in 60 min,LOW,own_history_12m,12 months,2026-10-01 00:00:00+00:00
BHV-001323,CUST-000133,amount_deviation,0.605,|last30/prior90 - 1|,MEDIUM,own_history_12m,12 months,2026-10-01 00:00:00+00:00
BHV-001324,CUST-000133,unusual_timing,0.308,share 00-05 UTC,HIGH,own_history_12m,12 months,2026-10-01 00:00:00+00:00
BHV-001325,CUST-000133,unusual_location,0.0,share foreign-country tx,LOW,own_history_12m,12 months,2026-10-01 00:00:00+00:00
BHV-001326,CUST-000133,failed_transaction_rate,0.0,failed/all,LOW,own_history_12m,12 months,2026-10-01 00:00:00+00:00
BHV-001327,CUST-000133,spending_pattern_change,0.395,last30 avg / prior90 avg,MEDIUM,own_history_12m,12 months,2026-10-01 00:00:00+00:00
BHV-001328,CUST-000133,transaction_burst,0,bursts (4 tx/15 min),LOW,own_history_12m,12 months,2026-10-01 00:00:00+00:00
BHV-001329,CUST-000133,account_age,277,days,LOW,own_history_12m,12 months,2026-10-01 00:00:00+00:00
BHV-001330,CUST-000133,recent_activity,267,days since last tx,HIGH,own_history_12m,12 months,2026-10-01 00:00:00+00:00
BHV-001331,CUST-000134,transaction_frequency,0.1311,tx/day,MEDIUM,own_history_12m,12 months,2026-10-01 00:00:00+00:00
BHV-001332,CUST-000134,transaction_velocity,1,max tx in 60 min,LOW,own_history_12m,12 months,2026-10-01 00:00:00+00:00
BHV-001333,CUST-000134,amount_deviation,0.327,|last30/prior90 - 1|,MEDIUM,own_history_12m,12 months,2026-10-01 00:00:00+00:00
BHV-001334,CUST-000134,unusual_timing,0.292,share 00-05 UTC,HIGH,own_history_12m,12 months,2026-10-01 00:00:00+00:00
BHV-001335,CUST-000134,unusual_location,0.0,share foreign-country tx,LOW,own_history_12m,12 months,2026-10-01 00:00:00+00:00
BHV-001336,CUST-000134,failed_transaction_rate,0.5,failed/all,HIGH,own_history_12m,12 months,2026-10-01 00:00:00+00:00
BHV-001337,CUST-000134,spending_pattern_change,1.327,last30 avg / prior90 avg,LOW,own_history_12m,12 months,2026-10-01 00:00:00+00:00
BHV-001338,CUST-000134,transaction_burst,0,bursts (4 tx/15 min),LOW,own_history_12m,12 months,2026-10-01 00:00:00+00:00
BHV-001339,CUST-000134,account_age,183,days,LOW,own_history_12m,12 months,2026-10-01 00:00:00+00:00
BHV-001340,CUST-000134,recent_activity,164,days since last tx,HIGH,own_history_12m,12 months,2026-10-01 00:00:00+00:00
BHV-001341,CUST-000135,transaction_frequency,0.2229,tx/day,HIGH,own_history_12m,12 months,2026-10-01 00:00:00+00:00
BHV-001342,CUST-000135,transaction_velocity,2,max tx in 60 min,MEDIUM,own_history_12m,12 months,2026-10-01 00:00:00+00:00
BHV-001343,CUST-000135,amount_deviation,0.514,|last30/prior90 - 1|,MEDIUM,own_history_12m,12 months,2026-10-01 00:00:00+00:00
BHV-001344,CUST-000135,unusual_timing,0.974,share 00-05 UTC,HIGH,own_history_12m,12 months,2026-10-01 00:00:00+00:00
BHV-001345,CUST-000135,unusual_location,0.0,share foreign-country tx,LOW,own_history_12m,12 months,2026-10-01 00:00:00+00:00
BHV-001346,CUST-000135,failed_transaction_rate,0.154,failed/all,MEDIUM,own_history_12m,12 months,2026-10-01 00:00:00+00:00
BHV-001347,CUST-000135,spending_pattern_change,0.486,last30 avg / prior90 avg,MEDIUM,own_history_12m,12 months,2026-10-01 00:00:00+00:00
BHV-001348,CUST-000135,transaction_burst,0,bursts (4 tx/15 min),LOW,own_history_12m,12 months,2026-10-01 00:00:00+00:00
BHV-001349,CUST-000135,account_age,175,days,MEDIUM,own_history_12m,12 months,2026-10-01 00:00:00+00:00
BHV-001350,CUST-000135,recent_activity,173,days since last tx,HIGH,own_history_12m,12 months,2026-10-01 00:00:00+00:00
BHV-001351,CUST-000136,transaction_frequency,0.0709,tx/day,MEDIUM,own_history_12m,12 months,2026-10-01 00:00:00+00:00
BHV-001352,CUST-000136,transaction_velocity,1,max tx in 60 min,LOW,own_history_12m,12 months,2026-10-01 00:00:00+00:00
BHV-001353,CUST-000136,amount_deviation,1.547,|last30/prior90 - 1|,HIGH,own_history_12m,12 months,2026-10-01 00:00:00+00:00
BHV-001354,CUST-000136,unusual_timing,0.111,share 00-05 UTC,MEDIUM,own_history_12m,12 months,2026-10-01 00:00:00+00:00
BHV-001355,CUST-000136,unusual_location,0.0,share foreign-country tx,LOW,own_history_12m,12 months,2026-10-01 00:00:00+00:00
BHV-001356,CUST-000136,failed_transaction_rate,0.222,failed/all,MEDIUM,own_history_12m,12 months,2026-10-01 00:00:00+00:00
BHV-001357,CUST-000136,spending_pattern_change,2.547,last30 avg / prior90 avg,HIGH,own_history_12m,12 months,2026-10-01 00:00:00+00:00
BHV-001358,CUST-000136,transaction_burst,0,bursts (4 tx/15 min),LOW,own_history_12m,12 months,2026-10-01 00:00:00+00:00
BHV-001359,CUST-000136,account_age,127,days,MEDIUM,own_history_12m,12 months,2026-10-01 00:00:00+00:00
BHV-001360,CUST-000136,recent_activity,113,days since last tx,HIGH,own_history_12m,12 months,2026-10-01 00:00:00+00:00
BHV-001361,CUST-000137,transaction_frequency,0.0684,tx/day,MEDIUM,own_history_12m,12 months,2026-10-01 00:00:00+00:00
BHV-001362,CUST-000137,transaction_velocity,1,max tx in 60 min,LOW,own_history_12m,12 months,2026-10-01 00:00:00+00:00
BHV-001363,CUST-000137,amount_deviation,0.783,|last30/prior90 - 1|,MEDIUM,own_history_12m,12 months,2026-10-01 00:00:00+00:00
BHV-001364,CUST-000137,unusual_timing,0.25,share 00-05 UTC,HIGH,own_history_12m,12 months,2026-10-01 00:00:00+00:00
BHV-001365,CUST-000137,unusual_location,0.0,share foreign-country tx,LOW,own_history_12m,12 months,2026-10-01 00:00:00+00:00
BHV-001366,CUST-000137,failed_transaction_rate,0.125,failed/all,MEDIUM,own_history_12m,12 months,2026-10-01 00:00:00+00:00
BHV-001367,CUST-000137,spending_pattern_change,0.217,last30 avg / prior90 avg,MEDIUM,own_history_12m,12 months,2026-10-01 00:00:00+00:00
BHV-001368,CUST-000137,transaction_burst,0,bursts (4 tx/15 min),LOW,own_history_12m,12 months,2026-10-01 00:00:00+00:00
BHV-001369,CUST-000137,account_age,351,days,LOW,own_history_12m,12 months,2026-10-01 00:00:00+00:00
BHV-001370,CUST-000137,recent_activity,344,days since last tx,HIGH,own_history_12m,12 months,2026-10-01 00:00:00+00:00
BHV-001371,CUST-000138,transaction_frequency,0.0737,tx/day,MEDIUM,own_history_12m,12 months,2026-10-01 00:00:00+00:00
BHV-001372,CUST-000138,transaction_velocity,1,max tx in 60 min,LOW,own_history_12m,12 months,2026-10-01 00:00:00+00:00
BHV-001373,CUST-000138,amount_deviation,5.535,|last30/prior90 - 1|,HIGH,own_history_12m,12 months,2026-10-01 00:00:00+00:00
BHV-001374,CUST-000138,unusual_timing,0.333,share 00-05 UTC,HIGH,own_history_12m,12 months,2026-10-01 00:00:00+00:00
BHV-001375,CUST-000138,unusual_location,0.0,share foreign-country tx,LOW,own_history_12m,12 months,2026-10-01 00:00:00+00:00
BHV-001376,CUST-000138,failed_transaction_rate,0.143,failed/all,MEDIUM,own_history_12m,12 months,2026-10-01 00:00:00+00:00
BHV-001377,CUST-000138,spending_pattern_change,6.535,last30 avg / prior90 avg,HIGH,own_history_12m,12 months,2026-10-01 00:00:00+00:00
BHV-001378,CUST-000138,transaction_burst,0,bursts (4 tx/15 min),LOW,own_history_12m,12 months,2026-10-01 00:00:00+00:00
BHV-001379,CUST-000138,account_age,285,days,LOW,own_history_12m,12 months,2026-10-01 00:00:00+00:00
BHV-001380,CUST-000138,recent_activity,278,days since last tx,HIGH,own_history_12m,12 months,2026-10-01 00:00:00+00:00
BHV-001381,CUST-000139,transaction_frequency,0.0498,tx/day,MEDIUM,own_history_12m,12 months,2026-10-01 00:00:00+00:00
BHV-001382,CUST-000139,transaction_velocity,1,max tx in 60 min,LOW,own_history_12m,12 months,2026-10-01 00:00:00+00:00
BHV-001383,CUST-000139,amount_deviation,0.989,|last30/prior90 - 1|,HIGH,own_history_12m,12 months,2026-10-01 00:00:00+00:00
BHV-001384,CUST-000139,unusual_timing,0.214,share 00-05 UTC,MEDIUM,own_history_12m,12 months,2026-10-01 00:00:00+00:00
BHV-001385,CUST-000139,unusual_location,0.0,share foreign-country tx,LOW,own_history_12m,12 months,2026-10-01 00:00:00+00:00
BHV-001386,CUST-000139,failed_transaction_rate,0.0,failed/all,LOW,own_history_12m,12 months,2026-10-01 00:00:00+00:00
BHV-001387,CUST-000139,spending_pattern_change,0.011,last30 avg / prior90 avg,MEDIUM,own_history_12m,12 months,2026-10-01 00:00:00+00:00
BHV-001388,CUST-000139,transaction_burst,0,bursts (4 tx/15 min),LOW,own_history_12m,12 months,2026-10-01 00:00:00+00:00
BHV-001389,CUST-000139,account_age,281,days,LOW,own_history_12m,12 months,2026-10-01 00:00:00+00:00
BHV-001390,CUST-000139,recent_activity,192,days since last tx,HIGH,own_history_12m,12 months,2026-10-01 00:00:00+00:00
BHV-001391,CUST-000140,transaction_frequency,0.037,tx/day,MEDIUM,own_history_12m,12 months,2026-10-01 00:00:00+00:00
BHV-001392,CUST-000140,transaction_velocity,1,max tx in 60 min,LOW,own_history_12m,12 months,2026-10-01 00:00:00+00:00
BHV-001393,CUST-000140,amount_deviation,0,|last30/prior90 - 1|,LOW,own_history_12m,12 months,2026-10-01 00:00:00+00:00
BHV-001394,CUST-000140,unusual_timing,0.25,share 00-05 UTC,HIGH,own_history_12m,12 months,2026-10-01 00:00:00+00:00
BHV-001395,CUST-000140,unusual_location,0.0,share foreign-country tx,LOW,own_history_12m,12 months,2026-10-01 00:00:00+00:00
BHV-001396,CUST-000140,failed_transaction_rate,0.0,failed/all,LOW,own_history_12m,12 months,2026-10-01 00:00:00+00:00
BHV-001397,CUST-000140,spending_pattern_change,,last30 avg / prior90 avg,LOW,own_history_12m,12 months,2026-10-01 00:00:00+00:00
BHV-001398,CUST-000140,transaction_burst,0,bursts (4 tx/15 min),LOW,own_history_12m,12 months,2026-10-01 00:00:00+00:00
BHV-001399,CUST-000140,account_age,216,days,LOW,own_history_12m,12 months,2026-10-01 00:00:00+00:00
BHV-001400,CUST-000140,recent_activity,174,days since last tx,HIGH,own_history_12m,12 months,2026-10-01 00:00:00+00:00
BHV-001401,CUST-000141,transaction_frequency,0.068,tx/day,MEDIUM,own_history_12m,12 months,2026-10-01 00:00:00+00:00
BHV-001402,CUST-000141,transaction_velocity,1,max tx in 60 min,LOW,own_history_12m,12 months,2026-10-01 00:00:00+00:00
BHV-001403,CUST-000141,amount_deviation,0,|last30/prior90 - 1|,LOW,own_history_12m,12 months,2026-10-01 00:00:00+00:00
BHV-001404,CUST-000141,unusual_timing,0.176,share 00-05 UTC,MEDIUM,own_history_12m,12 months,2026-10-01 00:00:00+00:00
BHV-001405,CUST-000141,unusual_location,0.0,share foreign-country tx,LOW,own_history_12m,12 months,2026-10-01 00:00:00+00:00
BHV-001406,CUST-000141,failed_transaction_rate,0.059,failed/all,LOW,own_history_12m,12 months,2026-10-01 00:00:00+00:00
BHV-001407,CUST-000141,spending_pattern_change,,last30 avg / prior90 avg,LOW,own_history_12m,12 months,2026-10-01 00:00:00+00:00
BHV-001408,CUST-000141,transaction_burst,0,bursts (4 tx/15 min),LOW,own_history_12m,12 months,2026-10-01 00:00:00+00:00
BHV-001409,CUST-000141,account_age,250,days,LOW,own_history_12m,12 months,2026-10-01 00:00:00+00:00
BHV-001410,CUST-000141,recent_activity,241,days since last tx,HIGH,own_history_12m,12 months,2026-10-01 00:00:00+00:00
BHV-001411,CUST-000142,transaction_frequency,0.0805,tx/day,MEDIUM,own_history_12m,12 months,2026-10-01 00:00:00+00:00
BHV-001412,CUST-000142,transaction_velocity,1,max tx in 60 min,LOW,own_history_12m,12 months,2026-10-01 00:00:00+00:00
BHV-001413,CUST-000142,amount_deviation,1.153,|last30/prior90 - 1|,HIGH,own_history_12m,12 months,2026-10-01 00:00:00+00:00
BHV-001414,CUST-000142,unusual_timing,0.214,share 00-05 UTC,MEDIUM,own_history_12m,12 months,2026-10-01 00:00:00+00:00
BHV-001415,CUST-000142,unusual_location,0.0,share foreign-country tx,LOW,own_history_12m,12 months,2026-10-01 00:00:00+00:00
BHV-001416,CUST-000142,failed_transaction_rate,0.143,failed/all,MEDIUM,own_history_12m,12 months,2026-10-01 00:00:00+00:00
BHV-001417,CUST-000142,spending_pattern_change,2.153,last30 avg / prior90 avg,HIGH,own_history_12m,12 months,2026-10-01 00:00:00+00:00
BHV-001418,CUST-000142,transaction_burst,0,bursts (4 tx/15 min),LOW,own_history_12m,12 months,2026-10-01 00:00:00+00:00
BHV-001419,CUST-000142,account_age,174,days,MEDIUM,own_history_12m,12 months,2026-10-01 00:00:00+00:00
BHV-001420,CUST-000142,recent_activity,172,days since last tx,HIGH,own_history_12m,12 months,2026-10-01 00:00:00+00:00
BHV-001421,CUST-000143,transaction_frequency,0.0249,tx/day,MEDIUM,own_history_12m,12 months,2026-10-01 00:00:00+00:00
BHV-001422,CUST-000143,transaction_velocity,1,max tx in 60 min,LOW,own_history_12m,12 months,2026-10-01 00:00:00+00:00
BHV-001423,CUST-000143,amount_deviation,0.022,|last30/prior90 - 1|,LOW,own_history_12m,12 months,2026-10-01 00:00:00+00:00
BHV-001424,CUST-000143,unusual_timing,0.0,share 00-05 UTC,LOW,own_history_12m,12 months,2026-10-01 00:00:00+00:00
BHV-001425,CUST-000143,unusual_location,0.0,share foreign-country tx,LOW,own_history_12m,12 months,2026-10-01 00:00:00+00:00
BHV-001426,CUST-000143,failed_transaction_rate,0.0,failed/all,LOW,own_history_12m,12 months,2026-10-01 00:00:00+00:00
BHV-001427,CUST-000143,spending_pattern_change,0.978,last30 avg / prior90 avg,LOW,own_history_12m,12 months,2026-10-01 00:00:00+00:00
BHV-001428,CUST-000143,transaction_burst,0,bursts (4 tx/15 min),LOW,own_history_12m,12 months,2026-10-01 00:00:00+00:00
BHV-001429,CUST-000143,account_age,201,days,LOW,own_history_12m,12 months,2026-10-01 00:00:00+00:00
BHV-001430,CUST-000143,recent_activity,176,days since last tx,HIGH,own_history_12m,12 months,2026-10-01 00:00:00+00:00
BHV-001431,CUST-000144,transaction_frequency,0.1706,tx/day,HIGH,own_history_12m,12 months,2026-10-01 00:00:00+00:00
BHV-001432,CUST-000144,transaction_velocity,1,max tx in 60 min,LOW,own_history_12m,12 months,2026-10-01 00:00:00+00:00
BHV-001433,CUST-000144,amount_deviation,0.929,|last30/prior90 - 1|,HIGH,own_history_12m,12 months,2026-10-01 00:00:00+00:00
BHV-001434,CUST-000144,unusual_timing,0.256,share 00-05 UTC,HIGH,own_history_12m,12 months,2026-10-01 00:00:00+00:00
BHV-001435,CUST-000144,unusual_location,0.0,share foreign-country tx,LOW,own_history_12m,12 months,2026-10-01 00:00:00+00:00
BHV-001436,CUST-000144,failed_transaction_rate,0.093,failed/all,LOW,own_history_12m,12 months,2026-10-01 00:00:00+00:00
BHV-001437,CUST-000144,spending_pattern_change,1.929,last30 avg / prior90 avg,MEDIUM,own_history_12m,12 months,2026-10-01 00:00:00+00:00
BHV-001438,CUST-000144,transaction_burst,0,bursts (4 tx/15 min),LOW,own_history_12m,12 months,2026-10-01 00:00:00+00:00
BHV-001439,CUST-000144,account_age,252,days,LOW,own_history_12m,12 months,2026-10-01 00:00:00+00:00
BHV-001440,CUST-000144,recent_activity,250,days since last tx,HIGH,own_history_12m,12 months,2026-10-01 00:00:00+00:00
BHV-001441,CUST-000145,transaction_frequency,0.0105,tx/day,LOW,own_history_12m,12 months,2026-10-01 00:00:00+00:00
BHV-001442,CUST-000145,transaction_velocity,1,max tx in 60 min,LOW,own_history_12m,12 months,2026-10-01 00:00:00+00:00
BHV-001443,CUST-000145,amount_deviation,0,|last30/prior90 - 1|,LOW,own_history_12m,12 months,2026-10-01 00:00:00+00:00
BHV-001444,CUST-000145,unusual_timing,0.0,share 00-05 UTC,LOW,own_history_12m,12 months,2026-10-01 00:00:00+00:00
BHV-001445,CUST-000145,unusual_location,0.0,share foreign-country tx,LOW,own_history_12m,12 months,2026-10-01 00:00:00+00:00
BHV-001446,CUST-000145,failed_transaction_rate,0.333,failed/all,HIGH,own_history_12m,12 months,2026-10-01 00:00:00+00:00
BHV-001447,CUST-000145,spending_pattern_change,,last30 avg / prior90 avg,LOW,own_history_12m,12 months,2026-10-01 00:00:00+00:00
BHV-001448,CUST-000145,transaction_burst,0,bursts (4 tx/15 min),LOW,own_history_12m,12 months,2026-10-01 00:00:00+00:00
BHV-001449,CUST-000145,account_age,285,days,LOW,own_history_12m,12 months,2026-10-01 00:00:00+00:00
BHV-001450,CUST-000145,recent_activity,219,days since last tx,HIGH,own_history_12m,12 months,2026-10-01 00:00:00+00:00
BHV-001451,CUST-000146,transaction_frequency,0.0901,tx/day,MEDIUM,own_history_12m,12 months,2026-10-01 00:00:00+00:00
BHV-001452,CUST-000146,transaction_velocity,1,max tx in 60 min,LOW,own_history_12m,12 months,2026-10-01 00:00:00+00:00
BHV-001453,CUST-000146,amount_deviation,0.564,|last30/prior90 - 1|,MEDIUM,own_history_12m,12 months,2026-10-01 00:00:00+00:00
BHV-001454,CUST-000146,unusual_timing,0.4,share 00-05 UTC,HIGH,own_history_12m,12 months,2026-10-01 00:00:00+00:00
BHV-001455,CUST-000146,unusual_location,0.0,share foreign-country tx,LOW,own_history_12m,12 months,2026-10-01 00:00:00+00:00
BHV-001456,CUST-000146,failed_transaction_rate,0.15,failed/all,MEDIUM,own_history_12m,12 months,2026-10-01 00:00:00+00:00
BHV-001457,CUST-000146,spending_pattern_change,1.564,last30 avg / prior90 avg,MEDIUM,own_history_12m,12 months,2026-10-01 00:00:00+00:00
BHV-001458,CUST-000146,transaction_burst,0,bursts (4 tx/15 min),LOW,own_history_12m,12 months,2026-10-01 00:00:00+00:00
BHV-001459,CUST-000146,account_age,222,days,LOW,own_history_12m,12 months,2026-10-01 00:00:00+00:00
BHV-001460,CUST-000146,recent_activity,202,days since last tx,HIGH,own_history_12m,12 months,2026-10-01 00:00:00+00:00
BHV-001461,CUST-000147,transaction_frequency,0.1006,tx/day,MEDIUM,own_history_12m,12 months,2026-10-01 00:00:00+00:00
BHV-001462,CUST-000147,transaction_velocity,1,max tx in 60 min,LOW,own_history_12m,12 months,2026-10-01 00:00:00+00:00
BHV-001463,CUST-000147,amount_deviation,0.794,|last30/prior90 - 1|,MEDIUM,own_history_12m,12 months,2026-10-01 00:00:00+00:00
BHV-001464,CUST-000147,unusual_timing,0.242,share 00-05 UTC,MEDIUM,own_history_12m,12 months,2026-10-01 00:00:00+00:00
BHV-001465,CUST-000147,unusual_location,0.0,share foreign-country tx,LOW,own_history_12m,12 months,2026-10-01 00:00:00+00:00
BHV-001466,CUST-000147,failed_transaction_rate,0.152,failed/all,MEDIUM,own_history_12m,12 months,2026-10-01 00:00:00+00:00
BHV-001467,CUST-000147,spending_pattern_change,0.206,last30 avg / prior90 avg,MEDIUM,own_history_12m,12 months,2026-10-01 00:00:00+00:00
BHV-001468,CUST-000147,transaction_burst,0,bursts (4 tx/15 min),LOW,own_history_12m,12 months,2026-10-01 00:00:00+00:00
BHV-001469,CUST-000147,account_age,328,days,LOW,own_history_12m,12 months,2026-10-01 00:00:00+00:00
BHV-001470,CUST-000147,recent_activity,322,days since last tx,HIGH,own_history_12m,12 months,2026-10-01 00:00:00+00:00
BHV-001471,CUST-000148,transaction_frequency,0.0467,tx/day,MEDIUM,own_history_12m,12 months,2026-10-01 00:00:00+00:00
BHV-001472,CUST-000148,transaction_velocity,1,max tx in 60 min,LOW,own_history_12m,12 months,2026-10-01 00:00:00+00:00
BHV-001473,CUST-000148,amount_deviation,0.046,|last30/prior90 - 1|,LOW,own_history_12m,12 months,2026-10-01 00:00:00+00:00
BHV-001474,CUST-000148,unusual_timing,0.25,share 00-05 UTC,HIGH,own_history_12m,12 months,2026-10-01 00:00:00+00:00
BHV-001475,CUST-000148,unusual_location,0.0,share foreign-country tx,LOW,own_history_12m,12 months,2026-10-01 00:00:00+00:00
BHV-001476,CUST-000148,failed_transaction_rate,0.083,failed/all,LOW,own_history_12m,12 months,2026-10-01 00:00:00+00:00
BHV-001477,CUST-000148,spending_pattern_change,0.954,last30 avg / prior90 avg,LOW,own_history_12m,12 months,2026-10-01 00:00:00+00:00
BHV-001478,CUST-000148,transaction_burst,0,bursts (4 tx/15 min),LOW,own_history_12m,12 months,2026-10-01 00:00:00+00:00
BHV-001479,CUST-000148,account_age,257,days,LOW,own_history_12m,12 months,2026-10-01 00:00:00+00:00
BHV-001480,CUST-000148,recent_activity,253,days since last tx,HIGH,own_history_12m,12 months,2026-10-01 00:00:00+00:00
BHV-001481,CUST-000149,transaction_frequency,0.0276,tx/day,MEDIUM,own_history_12m,12 months,2026-10-01 00:00:00+00:00
BHV-001482,CUST-000149,transaction_velocity,1,max tx in 60 min,LOW,own_history_12m,12 months,2026-10-01 00:00:00+00:00
BHV-001483,CUST-000149,amount_deviation,0,|last30/prior90 - 1|,LOW,own_history_12m,12 months,2026-10-01 00:00:00+00:00
BHV-001484,CUST-000149,unusual_timing,0.222,share 00-05 UTC,MEDIUM,own_history_12m,12 months,2026-10-01 00:00:00+00:00
BHV-001485,CUST-000149,unusual_location,0.0,share foreign-country tx,LOW,own_history_12m,12 months,2026-10-01 00:00:00+00:00
BHV-001486,CUST-000149,failed_transaction_rate,0.111,failed/all,MEDIUM,own_history_12m,12 months,2026-10-01 00:00:00+00:00
BHV-001487,CUST-000149,spending_pattern_change,,last30 avg / prior90 avg,LOW,own_history_12m,12 months,2026-10-01 00:00:00+00:00
BHV-001488,CUST-000149,transaction_burst,0,bursts (4 tx/15 min),LOW,own_history_12m,12 months,2026-10-01 00:00:00+00:00
BHV-001489,CUST-000149,account_age,326,days,LOW,own_history_12m,12 months,2026-10-01 00:00:00+00:00
BHV-001490,CUST-000149,recent_activity,283,days since last tx,HIGH,own_history_12m,12 months,2026-10-01 00:00:00+00:00
BHV-001491,CUST-000150,transaction_frequency,0.0142,tx/day,LOW,own_history_12m,12 months,2026-10-01 00:00:00+00:00
BHV-001492,CUST-000150,transaction_velocity,1,max tx in 60 min,LOW,own_history_12m,12 months,2026-10-01 00:00:00+00:00
BHV-001493,CUST-000150,amount_deviation,0,|last30/prior90 - 1|,LOW,own_history_12m,12 months,2026-10-01 00:00:00+00:00
BHV-001494,CUST-000150,unusual_timing,0.2,share 00-05 UTC,MEDIUM,own_history_12m,12 months,2026-10-01 00:00:00+00:00
BHV-001495,CUST-000150,unusual_location,0.0,share foreign-country tx,LOW,own_history_12m,12 months,2026-10-01 00:00:00+00:00
BHV-001496,CUST-000150,failed_transaction_rate,0.0,failed/all,LOW,own_history_12m,12 months,2026-10-01 00:00:00+00:00
BHV-001497,CUST-000150,spending_pattern_change,,last30 avg / prior90 avg,LOW,own_history_12m,12 months,2026-10-01 00:00:00+00:00
BHV-001498,CUST-000150,transaction_burst,0,bursts (4 tx/15 min),LOW,own_history_12m,12 months,2026-10-01 00:00:00+00:00
BHV-001499,CUST-000150,account_age,351,days,LOW,own_history_12m,12 months,2026-10-01 00:00:00+00:00
BHV-001500,CUST-000150,recent_activity,336,days since last tx,HIGH,own_history_12m,12 months,2026-10-01 00:00:00+00:00
BHV-001501,CUST-000151,transaction_frequency,0.066,tx/day,MEDIUM,own_history_12m,12 months,2026-10-01 00:00:00+00:00
BHV-001502,CUST-000151,transaction_velocity,1,max tx in 60 min,LOW,own_history_12m,12 months,2026-10-01 00:00:00+00:00
BHV-001503,CUST-000151,amount_deviation,0.148,|last30/prior90 - 1|,LOW,own_history_12m,12 months,2026-10-01 00:00:00+00:00
BHV-001504,CUST-000151,unusual_timing,0.105,share 00-05 UTC,MEDIUM,own_history_12m,12 months,2026-10-01 00:00:00+00:00
BHV-001505,CUST-000151,unusual_location,0.0,share foreign-country tx,LOW,own_history_12m,12 months,2026-10-01 00:00:00+00:00
BHV-001506,CUST-000151,failed_transaction_rate,0.053,failed/all,LOW,own_history_12m,12 months,2026-10-01 00:00:00+00:00
BHV-001507,CUST-000151,spending_pattern_change,1.148,last30 avg / prior90 avg,LOW,own_history_12m,12 months,2026-10-01 00:00:00+00:00
BHV-001508,CUST-000151,transaction_burst,0,bursts (4 tx/15 min),LOW,own_history_12m,12 months,2026-10-01 00:00:00+00:00
BHV-001509,CUST-000151,account_age,288,days,LOW,own_history_12m,12 months,2026-10-01 00:00:00+00:00
BHV-001510,CUST-000151,recent_activity,282,days since last tx,HIGH,own_history_12m,12 months,2026-10-01 00:00:00+00:00
BHV-001511,CUST-000152,transaction_frequency,0.1456,tx/day,MEDIUM,own_history_12m,12 months,2026-10-01 00:00:00+00:00
BHV-001512,CUST-000152,transaction_velocity,1,max tx in 60 min,LOW,own_history_12m,12 months,2026-10-01 00:00:00+00:00
BHV-001513,CUST-000152,amount_deviation,0.042,|last30/prior90 - 1|,LOW,own_history_12m,12 months,2026-10-01 00:00:00+00:00
BHV-001514,CUST-000152,unusual_timing,0.267,share 00-05 UTC,HIGH,own_history_12m,12 months,2026-10-01 00:00:00+00:00
BHV-001515,CUST-000152,unusual_location,0.0,share foreign-country tx,LOW,own_history_12m,12 months,2026-10-01 00:00:00+00:00
BHV-001516,CUST-000152,failed_transaction_rate,0.067,failed/all,LOW,own_history_12m,12 months,2026-10-01 00:00:00+00:00
BHV-001517,CUST-000152,spending_pattern_change,1.042,last30 avg / prior90 avg,LOW,own_history_12m,12 months,2026-10-01 00:00:00+00:00
BHV-001518,CUST-000152,transaction_burst,0,bursts (4 tx/15 min),LOW,own_history_12m,12 months,2026-10-01 00:00:00+00:00
BHV-001519,CUST-000152,account_age,103,days,MEDIUM,own_history_12m,12 months,2026-10-01 00:00:00+00:00
BHV-001520,CUST-000152,recent_activity,89,days since last tx,MEDIUM,own_history_12m,12 months,2026-10-01 00:00:00+00:00
BHV-001521,CUST-000153,transaction_frequency,0.0551,tx/day,MEDIUM,own_history_12m,12 months,2026-10-01 00:00:00+00:00
BHV-001522,CUST-000153,transaction_velocity,1,max tx in 60 min,LOW,own_history_12m,12 months,2026-10-01 00:00:00+00:00
BHV-001523,CUST-000153,amount_deviation,0.319,|last30/prior90 - 1|,MEDIUM,own_history_12m,12 months,2026-10-01 00:00:00+00:00
BHV-001524,CUST-000153,unusual_timing,0.214,share 00-05 UTC,MEDIUM,own_history_12m,12 months,2026-10-01 00:00:00+00:00
BHV-001525,CUST-000153,unusual_location,0.0,share foreign-country tx,LOW,own_history_12m,12 months,2026-10-01 00:00:00+00:00
BHV-001526,CUST-000153,failed_transaction_rate,0.714,failed/all,HIGH,own_history_12m,12 months,2026-10-01 00:00:00+00:00
BHV-001527,CUST-000153,spending_pattern_change,1.319,last30 avg / prior90 avg,LOW,own_history_12m,12 months,2026-10-01 00:00:00+00:00
BHV-001528,CUST-000153,transaction_burst,0,bursts (4 tx/15 min),LOW,own_history_12m,12 months,2026-10-01 00:00:00+00:00
BHV-001529,CUST-000153,account_age,254,days,LOW,own_history_12m,12 months,2026-10-01 00:00:00+00:00
BHV-001530,CUST-000153,recent_activity,246,days since last tx,HIGH,own_history_12m,12 months,2026-10-01 00:00:00+00:00
BHV-001531,CUST-000154,transaction_frequency,0.0699,tx/day,MEDIUM,own_history_12m,12 months,2026-10-01 00:00:00+00:00
BHV-001532,CUST-000154,transaction_velocity,1,max tx in 60 min,LOW,own_history_12m,12 months,2026-10-01 00:00:00+00:00
BHV-001533,CUST-000154,amount_deviation,1.117,|last30/prior90 - 1|,HIGH,own_history_12m,12 months,2026-10-01 00:00:00+00:00
BHV-001534,CUST-000154,unusual_timing,0.769,share 00-05 UTC,HIGH,own_history_12m,12 months,2026-10-01 00:00:00+00:00
BHV-001535,CUST-000154,unusual_location,0.0,share foreign-country tx,LOW,own_history_12m,12 months,2026-10-01 00:00:00+00:00
BHV-001536,CUST-000154,failed_transaction_rate,0.154,failed/all,MEDIUM,own_history_12m,12 months,2026-10-01 00:00:00+00:00
BHV-001537,CUST-000154,spending_pattern_change,2.117,last30 avg / prior90 avg,HIGH,own_history_12m,12 months,2026-10-01 00:00:00+00:00
BHV-001538,CUST-000154,transaction_burst,0,bursts (4 tx/15 min),LOW,own_history_12m,12 months,2026-10-01 00:00:00+00:00
BHV-001539,CUST-000154,account_age,186,days,LOW,own_history_12m,12 months,2026-10-01 00:00:00+00:00
BHV-001540,CUST-000154,recent_activity,185,days since last tx,HIGH,own_history_12m,12 months,2026-10-01 00:00:00+00:00
BHV-001541,CUST-000155,transaction_frequency,0.0455,tx/day,MEDIUM,own_history_12m,12 months,2026-10-01 00:00:00+00:00
BHV-001542,CUST-000155,transaction_velocity,1,max tx in 60 min,LOW,own_history_12m,12 months,2026-10-01 00:00:00+00:00
BHV-001543,CUST-000155,amount_deviation,0.492,|last30/prior90 - 1|,MEDIUM,own_history_12m,12 months,2026-10-01 00:00:00+00:00
BHV-001544,CUST-000155,unusual_timing,0.267,share 00-05 UTC,HIGH,own_history_12m,12 months,2026-10-01 00:00:00+00:00
BHV-001545,CUST-000155,unusual_location,0.0,share foreign-country tx,LOW,own_history_12m,12 months,2026-10-01 00:00:00+00:00
BHV-001546,CUST-000155,failed_transaction_rate,0.4,failed/all,HIGH,own_history_12m,12 months,2026-10-01 00:00:00+00:00
BHV-001547,CUST-000155,spending_pattern_change,0.508,last30 avg / prior90 avg,MEDIUM,own_history_12m,12 months,2026-10-01 00:00:00+00:00
BHV-001548,CUST-000155,transaction_burst,0,bursts (4 tx/15 min),LOW,own_history_12m,12 months,2026-10-01 00:00:00+00:00
BHV-001549,CUST-000155,account_age,330,days,LOW,own_history_12m,12 months,2026-10-01 00:00:00+00:00
BHV-001550,CUST-000155,recent_activity,280,days since last tx,HIGH,own_history_12m,12 months,2026-10-01 00:00:00+00:00
BHV-001551,CUST-000156,transaction_frequency,0.058,tx/day,MEDIUM,own_history_12m,12 months,2026-10-01 00:00:00+00:00
BHV-001552,CUST-000156,transaction_velocity,1,max tx in 60 min,LOW,own_history_12m,12 months,2026-10-01 00:00:00+00:00
BHV-001553,CUST-000156,amount_deviation,1.839,|last30/prior90 - 1|,HIGH,own_history_12m,12 months,2026-10-01 00:00:00+00:00
BHV-001554,CUST-000156,unusual_timing,0.083,share 00-05 UTC,MEDIUM,own_history_12m,12 months,2026-10-01 00:00:00+00:00
BHV-001555,CUST-000156,unusual_location,0.0,share foreign-country tx,LOW,own_history_12m,12 months,2026-10-01 00:00:00+00:00
BHV-001556,CUST-000156,failed_transaction_rate,0.0,failed/all,LOW,own_history_12m,12 months,2026-10-01 00:00:00+00:00
BHV-001557,CUST-000156,spending_pattern_change,2.839,last30 avg / prior90 avg,HIGH,own_history_12m,12 months,2026-10-01 00:00:00+00:00
BHV-001558,CUST-000156,transaction_burst,0,bursts (4 tx/15 min),LOW,own_history_12m,12 months,2026-10-01 00:00:00+00:00
BHV-001559,CUST-000156,account_age,207,days,LOW,own_history_12m,12 months,2026-10-01 00:00:00+00:00
BHV-001560,CUST-000156,recent_activity,185,days since last tx,HIGH,own_history_12m,12 months,2026-10-01 00:00:00+00:00
BHV-001561,CUST-000157,transaction_frequency,0.0909,tx/day,MEDIUM,own_history_12m,12 months,2026-10-01 00:00:00+00:00
BHV-001562,CUST-000157,transaction_velocity,2,max tx in 60 min,MEDIUM,own_history_12m,12 months,2026-10-01 00:00:00+00:00
BHV-001563,CUST-000157,amount_deviation,0.487,|last30/prior90 - 1|,MEDIUM,own_history_12m,12 months,2026-10-01 00:00:00+00:00
BHV-001564,CUST-000157,unusual_timing,0.0,share 00-05 UTC,LOW,own_history_12m,12 months,2026-10-01 00:00:00+00:00
BHV-001565,CUST-000157,unusual_location,0.0,share foreign-country tx,LOW,own_history_12m,12 months,2026-10-01 00:00:00+00:00
BHV-001566,CUST-000157,failed_transaction_rate,0.0,failed/all,LOW,own_history_12m,12 months,2026-10-01 00:00:00+00:00
BHV-001567,CUST-000157,spending_pattern_change,1.487,last30 avg / prior90 avg,MEDIUM,own_history_12m,12 months,2026-10-01 00:00:00+00:00
BHV-001568,CUST-000157,transaction_burst,0,bursts (4 tx/15 min),LOW,own_history_12m,12 months,2026-10-01 00:00:00+00:00
BHV-001569,CUST-000157,account_age,121,days,MEDIUM,own_history_12m,12 months,2026-10-01 00:00:00+00:00
BHV-001570,CUST-000157,recent_activity,117,days since last tx,HIGH,own_history_12m,12 months,2026-10-01 00:00:00+00:00
BHV-001571,CUST-000158,transaction_frequency,0.0879,tx/day,MEDIUM,own_history_12m,12 months,2026-10-01 00:00:00+00:00
BHV-001572,CUST-000158,transaction_velocity,1,max tx in 60 min,LOW,own_history_12m,12 months,2026-10-01 00:00:00+00:00
BHV-001573,CUST-000158,amount_deviation,0.615,|last30/prior90 - 1|,MEDIUM,own_history_12m,12 months,2026-10-01 00:00:00+00:00
BHV-001574,CUST-000158,unusual_timing,0.188,share 00-05 UTC,MEDIUM,own_history_12m,12 months,2026-10-01 00:00:00+00:00
BHV-001575,CUST-000158,unusual_location,0.0,share foreign-country tx,LOW,own_history_12m,12 months,2026-10-01 00:00:00+00:00
BHV-001576,CUST-000158,failed_transaction_rate,0.062,failed/all,LOW,own_history_12m,12 months,2026-10-01 00:00:00+00:00
BHV-001577,CUST-000158,spending_pattern_change,1.615,last30 avg / prior90 avg,MEDIUM,own_history_12m,12 months,2026-10-01 00:00:00+00:00
BHV-001578,CUST-000158,transaction_burst,0,bursts (4 tx/15 min),LOW,own_history_12m,12 months,2026-10-01 00:00:00+00:00
BHV-001579,CUST-000158,account_age,182,days,LOW,own_history_12m,12 months,2026-10-01 00:00:00+00:00
BHV-001580,CUST-000158,recent_activity,149,days since last tx,HIGH,own_history_12m,12 months,2026-10-01 00:00:00+00:00
BHV-001581,CUST-000159,transaction_frequency,0.0106,tx/day,LOW,own_history_12m,12 months,2026-10-01 00:00:00+00:00
BHV-001582,CUST-000159,transaction_velocity,1,max tx in 60 min,LOW,own_history_12m,12 months,2026-10-01 00:00:00+00:00
BHV-001583,CUST-000159,amount_deviation,0,|last30/prior90 - 1|,LOW,own_history_12m,12 months,2026-10-01 00:00:00+00:00
BHV-001584,CUST-000159,unusual_timing,0.0,share 00-05 UTC,LOW,own_history_12m,12 months,2026-10-01 00:00:00+00:00
BHV-001585,CUST-000159,unusual_location,0.0,share foreign-country tx,LOW,own_history_12m,12 months,2026-10-01 00:00:00+00:00
BHV-001586,CUST-000159,failed_transaction_rate,0.0,failed/all,LOW,own_history_12m,12 months,2026-10-01 00:00:00+00:00
BHV-001587,CUST-000159,spending_pattern_change,,last30 avg / prior90 avg,LOW,own_history_12m,12 months,2026-10-01 00:00:00+00:00
BHV-001588,CUST-000159,transaction_burst,0,bursts (4 tx/15 min),LOW,own_history_12m,12 months,2026-10-01 00:00:00+00:00
BHV-001589,CUST-000159,account_age,189,days,LOW,own_history_12m,12 months,2026-10-01 00:00:00+00:00
BHV-001590,CUST-000159,recent_activity,165,days since last tx,HIGH,own_history_12m,12 months,2026-10-01 00:00:00+00:00
BHV-001591,CUST-000160,transaction_frequency,0.0643,tx/day,MEDIUM,own_history_12m,12 months,2026-10-01 00:00:00+00:00
BHV-001592,CUST-000160,transaction_velocity,1,max tx in 60 min,LOW,own_history_12m,12 months,2026-10-01 00:00:00+00:00
BHV-001593,CUST-000160,amount_deviation,0.596,|last30/prior90 - 1|,MEDIUM,own_history_12m,12 months,2026-10-01 00:00:00+00:00
BHV-001594,CUST-000160,unusual_timing,0.318,share 00-05 UTC,HIGH,own_history_12m,12 months,2026-10-01 00:00:00+00:00
BHV-001595,CUST-000160,unusual_location,0.0,share foreign-country tx,LOW,own_history_12m,12 months,2026-10-01 00:00:00+00:00
BHV-001596,CUST-000160,failed_transaction_rate,0.091,failed/all,LOW,own_history_12m,12 months,2026-10-01 00:00:00+00:00
BHV-001597,CUST-000160,spending_pattern_change,0.404,last30 avg / prior90 avg,MEDIUM,own_history_12m,12 months,2026-10-01 00:00:00+00:00
BHV-001598,CUST-000160,transaction_burst,0,bursts (4 tx/15 min),LOW,own_history_12m,12 months,2026-10-01 00:00:00+00:00
BHV-001599,CUST-000160,account_age,342,days,LOW,own_history_12m,12 months,2026-10-01 00:00:00+00:00
BHV-001600,CUST-000160,recent_activity,336,days since last tx,HIGH,own_history_12m,12 months,2026-10-01 00:00:00+00:00
BHV-001601,CUST-000161,transaction_frequency,0.0909,tx/day,MEDIUM,own_history_12m,12 months,2026-10-01 00:00:00+00:00
BHV-001602,CUST-000161,transaction_velocity,2,max tx in 60 min,MEDIUM,own_history_12m,12 months,2026-10-01 00:00:00+00:00
BHV-001603,CUST-000161,amount_deviation,0.51,|last30/prior90 - 1|,MEDIUM,own_history_12m,12 months,2026-10-01 00:00:00+00:00
BHV-001604,CUST-000161,unusual_timing,0.25,share 00-05 UTC,HIGH,own_history_12m,12 months,2026-10-01 00:00:00+00:00
BHV-001605,CUST-000161,unusual_location,0.0,share foreign-country tx,LOW,own_history_12m,12 months,2026-10-01 00:00:00+00:00
BHV-001606,CUST-000161,failed_transaction_rate,0.0,failed/all,LOW,own_history_12m,12 months,2026-10-01 00:00:00+00:00
BHV-001607,CUST-000161,spending_pattern_change,0.49,last30 avg / prior90 avg,MEDIUM,own_history_12m,12 months,2026-10-01 00:00:00+00:00
BHV-001608,CUST-000161,transaction_burst,0,bursts (4 tx/15 min),LOW,own_history_12m,12 months,2026-10-01 00:00:00+00:00
BHV-001609,CUST-000161,account_age,220,days,LOW,own_history_12m,12 months,2026-10-01 00:00:00+00:00
BHV-001610,CUST-000161,recent_activity,214,days since last tx,HIGH,own_history_12m,12 months,2026-10-01 00:00:00+00:00
BHV-001611,CUST-000162,transaction_frequency,0.189,tx/day,HIGH,own_history_12m,12 months,2026-10-01 00:00:00+00:00
BHV-001612,CUST-000162,transaction_velocity,1,max tx in 60 min,LOW,own_history_12m,12 months,2026-10-01 00:00:00+00:00
BHV-001613,CUST-000162,amount_deviation,0.655,|last30/prior90 - 1|,MEDIUM,own_history_12m,12 months,2026-10-01 00:00:00+00:00
BHV-001614,CUST-000162,unusual_timing,0.129,share 00-05 UTC,MEDIUM,own_history_12m,12 months,2026-10-01 00:00:00+00:00
BHV-001615,CUST-000162,unusual_location,0.0,share foreign-country tx,LOW,own_history_12m,12 months,2026-10-01 00:00:00+00:00
BHV-001616,CUST-000162,failed_transaction_rate,0.048,failed/all,LOW,own_history_12m,12 months,2026-10-01 00:00:00+00:00
BHV-001617,CUST-000162,spending_pattern_change,1.655,last30 avg / prior90 avg,MEDIUM,own_history_12m,12 months,2026-10-01 00:00:00+00:00
BHV-001618,CUST-000162,transaction_burst,0,bursts (4 tx/15 min),LOW,own_history_12m,12 months,2026-10-01 00:00:00+00:00
BHV-001619,CUST-000162,account_age,328,days,LOW,own_history_12m,12 months,2026-10-01 00:00:00+00:00
BHV-001620,CUST-000162,recent_activity,320,days since last tx,HIGH,own_history_12m,12 months,2026-10-01 00:00:00+00:00
BHV-001621,CUST-000163,transaction_frequency,0.0639,tx/day,MEDIUM,own_history_12m,12 months,2026-10-01 00:00:00+00:00
BHV-001622,CUST-000163,transaction_velocity,1,max tx in 60 min,LOW,own_history_12m,12 months,2026-10-01 00:00:00+00:00
BHV-001623,CUST-000163,amount_deviation,0,|last30/prior90 - 1|,LOW,own_history_12m,12 months,2026-10-01 00:00:00+00:00
BHV-001624,CUST-000163,unusual_timing,0.294,share 00-05 UTC,HIGH,own_history_12m,12 months,2026-10-01 00:00:00+00:00
BHV-001625,CUST-000163,unusual_location,0.0,share foreign-country tx,LOW,own_history_12m,12 months,2026-10-01 00:00:00+00:00
BHV-001626,CUST-000163,failed_transaction_rate,0.118,failed/all,MEDIUM,own_history_12m,12 months,2026-10-01 00:00:00+00:00
BHV-001627,CUST-000163,spending_pattern_change,,last30 avg / prior90 avg,LOW,own_history_12m,12 months,2026-10-01 00:00:00+00:00
BHV-001628,CUST-000163,transaction_burst,0,bursts (4 tx/15 min),LOW,own_history_12m,12 months,2026-10-01 00:00:00+00:00
BHV-001629,CUST-000163,account_age,266,days,LOW,own_history_12m,12 months,2026-10-01 00:00:00+00:00
BHV-001630,CUST-000163,recent_activity,259,days since last tx,HIGH,own_history_12m,12 months,2026-10-01 00:00:00+00:00
BHV-001631,CUST-000164,transaction_frequency,0.0609,tx/day,MEDIUM,own_history_12m,12 months,2026-10-01 00:00:00+00:00
BHV-001632,CUST-000164,transaction_velocity,1,max tx in 60 min,LOW,own_history_12m,12 months,2026-10-01 00:00:00+00:00
BHV-001633,CUST-000164,amount_deviation,0.125,|last30/prior90 - 1|,LOW,own_history_12m,12 months,2026-10-01 00:00:00+00:00
BHV-001634,CUST-000164,unusual_timing,0.071,share 00-05 UTC,MEDIUM,own_history_12m,12 months,2026-10-01 00:00:00+00:00
BHV-001635,CUST-000164,unusual_location,0.0,share foreign-country tx,LOW,own_history_12m,12 months,2026-10-01 00:00:00+00:00
BHV-001636,CUST-000164,failed_transaction_rate,0.071,failed/all,LOW,own_history_12m,12 months,2026-10-01 00:00:00+00:00
BHV-001637,CUST-000164,spending_pattern_change,0.875,last30 avg / prior90 avg,LOW,own_history_12m,12 months,2026-10-01 00:00:00+00:00
BHV-001638,CUST-000164,transaction_burst,0,bursts (4 tx/15 min),LOW,own_history_12m,12 months,2026-10-01 00:00:00+00:00
BHV-001639,CUST-000164,account_age,230,days,LOW,own_history_12m,12 months,2026-10-01 00:00:00+00:00
BHV-001640,CUST-000164,recent_activity,220,days since last tx,HIGH,own_history_12m,12 months,2026-10-01 00:00:00+00:00
BHV-001641,CUST-000165,transaction_frequency,0.0892,tx/day,MEDIUM,own_history_12m,12 months,2026-10-01 00:00:00+00:00
BHV-001642,CUST-000165,transaction_velocity,1,max tx in 60 min,LOW,own_history_12m,12 months,2026-10-01 00:00:00+00:00
BHV-001643,CUST-000165,amount_deviation,0.084,|last30/prior90 - 1|,LOW,own_history_12m,12 months,2026-10-01 00:00:00+00:00
BHV-001644,CUST-000165,unusual_timing,0.158,share 00-05 UTC,MEDIUM,own_history_12m,12 months,2026-10-01 00:00:00+00:00
BHV-001645,CUST-000165,unusual_location,0.0,share foreign-country tx,LOW,own_history_12m,12 months,2026-10-01 00:00:00+00:00
BHV-001646,CUST-000165,failed_transaction_rate,0.053,failed/all,LOW,own_history_12m,12 months,2026-10-01 00:00:00+00:00
BHV-001647,CUST-000165,spending_pattern_change,0.916,last30 avg / prior90 avg,LOW,own_history_12m,12 months,2026-10-01 00:00:00+00:00
BHV-001648,CUST-000165,transaction_burst,0,bursts (4 tx/15 min),LOW,own_history_12m,12 months,2026-10-01 00:00:00+00:00
BHV-001649,CUST-000165,account_age,213,days,LOW,own_history_12m,12 months,2026-10-01 00:00:00+00:00
BHV-001650,CUST-000165,recent_activity,194,days since last tx,HIGH,own_history_12m,12 months,2026-10-01 00:00:00+00:00
BHV-001651,CUST-000166,transaction_frequency,0.122,tx/day,MEDIUM,own_history_12m,12 months,2026-10-01 00:00:00+00:00
BHV-001652,CUST-000166,transaction_velocity,1,max tx in 60 min,LOW,own_history_12m,12 months,2026-10-01 00:00:00+00:00
BHV-001653,CUST-000166,amount_deviation,0.171,|last30/prior90 - 1|,LOW,own_history_12m,12 months,2026-10-01 00:00:00+00:00
BHV-001654,CUST-000166,unusual_timing,0.1,share 00-05 UTC,MEDIUM,own_history_12m,12 months,2026-10-01 00:00:00+00:00
BHV-001655,CUST-000166,unusual_location,0.0,share foreign-country tx,LOW,own_history_12m,12 months,2026-10-01 00:00:00+00:00
BHV-001656,CUST-000166,failed_transaction_rate,0.1,failed/all,MEDIUM,own_history_12m,12 months,2026-10-01 00:00:00+00:00
BHV-001657,CUST-000166,spending_pattern_change,1.171,last30 avg / prior90 avg,LOW,own_history_12m,12 months,2026-10-01 00:00:00+00:00
BHV-001658,CUST-000166,transaction_burst,0,bursts (4 tx/15 min),LOW,own_history_12m,12 months,2026-10-01 00:00:00+00:00
BHV-001659,CUST-000166,account_age,82,days,MEDIUM,own_history_12m,12 months,2026-10-01 00:00:00+00:00
BHV-001660,CUST-000166,recent_activity,75,days since last tx,MEDIUM,own_history_12m,12 months,2026-10-01 00:00:00+00:00
BHV-001661,CUST-000167,transaction_frequency,0.0653,tx/day,MEDIUM,own_history_12m,12 months,2026-10-01 00:00:00+00:00
BHV-001662,CUST-000167,transaction_velocity,1,max tx in 60 min,LOW,own_history_12m,12 months,2026-10-01 00:00:00+00:00
BHV-001663,CUST-000167,amount_deviation,4.396,|last30/prior90 - 1|,HIGH,own_history_12m,12 months,2026-10-01 00:00:00+00:00
BHV-001664,CUST-000167,unusual_timing,0.368,share 00-05 UTC,HIGH,own_history_12m,12 months,2026-10-01 00:00:00+00:00
BHV-001665,CUST-000167,unusual_location,0.0,share foreign-country tx,LOW,own_history_12m,12 months,2026-10-01 00:00:00+00:00
BHV-001666,CUST-000167,failed_transaction_rate,0.0,failed/all,LOW,own_history_12m,12 months,2026-10-01 00:00:00+00:00
BHV-001667,CUST-000167,spending_pattern_change,5.396,last30 avg / prior90 avg,HIGH,own_history_12m,12 months,2026-10-01 00:00:00+00:00
BHV-001668,CUST-000167,transaction_burst,0,bursts (4 tx/15 min),LOW,own_history_12m,12 months,2026-10-01 00:00:00+00:00
BHV-001669,CUST-000167,account_age,291,days,LOW,own_history_12m,12 months,2026-10-01 00:00:00+00:00
BHV-001670,CUST-000167,recent_activity,283,days since last tx,HIGH,own_history_12m,12 months,2026-10-01 00:00:00+00:00
BHV-001671,CUST-000168,transaction_frequency,0.0593,tx/day,MEDIUM,own_history_12m,12 months,2026-10-01 00:00:00+00:00
BHV-001672,CUST-000168,transaction_velocity,1,max tx in 60 min,LOW,own_history_12m,12 months,2026-10-01 00:00:00+00:00
BHV-001673,CUST-000168,amount_deviation,0.151,|last30/prior90 - 1|,LOW,own_history_12m,12 months,2026-10-01 00:00:00+00:00
BHV-001674,CUST-000168,unusual_timing,0.2,share 00-05 UTC,MEDIUM,own_history_12m,12 months,2026-10-01 00:00:00+00:00
BHV-001675,CUST-000168,unusual_location,0.0,share foreign-country tx,LOW,own_history_12m,12 months,2026-10-01 00:00:00+00:00
BHV-001676,CUST-000168,failed_transaction_rate,0.05,failed/all,LOW,own_history_12m,12 months,2026-10-01 00:00:00+00:00
BHV-001677,CUST-000168,spending_pattern_change,1.151,last30 avg / prior90 avg,LOW,own_history_12m,12 months,2026-10-01 00:00:00+00:00
BHV-001678,CUST-000168,transaction_burst,0,bursts (4 tx/15 min),LOW,own_history_12m,12 months,2026-10-01 00:00:00+00:00
BHV-001679,CUST-000168,account_age,337,days,LOW,own_history_12m,12 months,2026-10-01 00:00:00+00:00
BHV-001680,CUST-000168,recent_activity,320,days since last tx,HIGH,own_history_12m,12 months,2026-10-01 00:00:00+00:00
BHV-001681,CUST-000169,transaction_frequency,0.0065,tx/day,LOW,own_history_12m,12 months,2026-10-01 00:00:00+00:00
BHV-001682,CUST-000169,transaction_velocity,1,max tx in 60 min,LOW,own_history_12m,12 months,2026-10-01 00:00:00+00:00
BHV-001683,CUST-000169,amount_deviation,0,|last30/prior90 - 1|,LOW,own_history_12m,12 months,2026-10-01 00:00:00+00:00
BHV-001684,CUST-000169,unusual_timing,0.5,share 00-05 UTC,HIGH,own_history_12m,12 months,2026-10-01 00:00:00+00:00
BHV-001685,CUST-000169,unusual_location,0.0,share foreign-country tx,LOW,own_history_12m,12 months,2026-10-01 00:00:00+00:00
BHV-001686,CUST-000169,failed_transaction_rate,0.0,failed/all,LOW,own_history_12m,12 months,2026-10-01 00:00:00+00:00
BHV-001687,CUST-000169,spending_pattern_change,,last30 avg / prior90 avg,LOW,own_history_12m,12 months,2026-10-01 00:00:00+00:00
BHV-001688,CUST-000169,transaction_burst,0,bursts (4 tx/15 min),LOW,own_history_12m,12 months,2026-10-01 00:00:00+00:00
BHV-001689,CUST-000169,account_age,308,days,LOW,own_history_12m,12 months,2026-10-01 00:00:00+00:00
BHV-001690,CUST-000169,recent_activity,280,days since last tx,HIGH,own_history_12m,12 months,2026-10-01 00:00:00+00:00
BHV-001691,CUST-000170,transaction_frequency,0.0532,tx/day,MEDIUM,own_history_12m,12 months,2026-10-01 00:00:00+00:00
BHV-001692,CUST-000170,transaction_velocity,1,max tx in 60 min,LOW,own_history_12m,12 months,2026-10-01 00:00:00+00:00
BHV-001693,CUST-000170,amount_deviation,0,|last30/prior90 - 1|,LOW,own_history_12m,12 months,2026-10-01 00:00:00+00:00
BHV-001694,CUST-000170,unusual_timing,0.2,share 00-05 UTC,MEDIUM,own_history_12m,12 months,2026-10-01 00:00:00+00:00
BHV-001695,CUST-000170,unusual_location,0.0,share foreign-country tx,LOW,own_history_12m,12 months,2026-10-01 00:00:00+00:00
BHV-001696,CUST-000170,failed_transaction_rate,0.0,failed/all,LOW,own_history_12m,12 months,2026-10-01 00:00:00+00:00
BHV-001697,CUST-000170,spending_pattern_change,,last30 avg / prior90 avg,LOW,own_history_12m,12 months,2026-10-01 00:00:00+00:00
BHV-001698,CUST-000170,transaction_burst,0,bursts (4 tx/15 min),LOW,own_history_12m,12 months,2026-10-01 00:00:00+00:00
BHV-001699,CUST-000170,account_age,94,days,MEDIUM,own_history_12m,12 months,2026-10-01 00:00:00+00:00
BHV-001700,CUST-000170,recent_activity,89,days since last tx,MEDIUM,own_history_12m,12 months,2026-10-01 00:00:00+00:00
BHV-001701,CUST-000171,transaction_frequency,0.1019,tx/day,MEDIUM,own_history_12m,12 months,2026-10-01 00:00:00+00:00
BHV-001702,CUST-000171,transaction_velocity,1,max tx in 60 min,LOW,own_history_12m,12 months,2026-10-01 00:00:00+00:00
BHV-001703,CUST-000171,amount_deviation,0.539,|last30/prior90 - 1|,MEDIUM,own_history_12m,12 months,2026-10-01 00:00:00+00:00
BHV-001704,CUST-000171,unusual_timing,0.969,share 00-05 UTC,HIGH,own_history_12m,12 months,2026-10-01 00:00:00+00:00
BHV-001705,CUST-000171,unusual_location,0.0,share foreign-country tx,LOW,own_history_12m,12 months,2026-10-01 00:00:00+00:00
BHV-001706,CUST-000171,failed_transaction_rate,0.094,failed/all,LOW,own_history_12m,12 months,2026-10-01 00:00:00+00:00
BHV-001707,CUST-000171,spending_pattern_change,0.461,last30 avg / prior90 avg,MEDIUM,own_history_12m,12 months,2026-10-01 00:00:00+00:00
BHV-001708,CUST-000171,transaction_burst,0,bursts (4 tx/15 min),LOW,own_history_12m,12 months,2026-10-01 00:00:00+00:00
BHV-001709,CUST-000171,account_age,314,days,LOW,own_history_12m,12 months,2026-10-01 00:00:00+00:00
BHV-001710,CUST-000171,recent_activity,310,days since last tx,HIGH,own_history_12m,12 months,2026-10-01 00:00:00+00:00
BHV-001711,CUST-000172,transaction_frequency,0.2012,tx/day,HIGH,own_history_12m,12 months,2026-10-01 00:00:00+00:00
BHV-001712,CUST-000172,transaction_velocity,1,max tx in 60 min,LOW,own_history_12m,12 months,2026-10-01 00:00:00+00:00
BHV-001713,CUST-000172,amount_deviation,0.786,|last30/prior90 - 1|,MEDIUM,own_history_12m,12 months,2026-10-01 00:00:00+00:00
BHV-001714,CUST-000172,unusual_timing,0.154,share 00-05 UTC,MEDIUM,own_history_12m,12 months,2026-10-01 00:00:00+00:00
BHV-001715,CUST-000172,unusual_location,0.0,share foreign-country tx,LOW,own_history_12m,12 months,2026-10-01 00:00:00+00:00
BHV-001716,CUST-000172,failed_transaction_rate,0.046,failed/all,LOW,own_history_12m,12 months,2026-10-01 00:00:00+00:00
BHV-001717,CUST-000172,spending_pattern_change,0.214,last30 avg / prior90 avg,MEDIUM,own_history_12m,12 months,2026-10-01 00:00:00+00:00
BHV-001718,CUST-000172,transaction_burst,0,bursts (4 tx/15 min),LOW,own_history_12m,12 months,2026-10-01 00:00:00+00:00
BHV-001719,CUST-000172,account_age,323,days,LOW,own_history_12m,12 months,2026-10-01 00:00:00+00:00
BHV-001720,CUST-000172,recent_activity,333,days since last tx,HIGH,own_history_12m,12 months,2026-10-01 00:00:00+00:00
BHV-001721,CUST-000173,transaction_frequency,0.0821,tx/day,MEDIUM,own_history_12m,12 months,2026-10-01 00:00:00+00:00
BHV-001722,CUST-000173,transaction_velocity,1,max tx in 60 min,LOW,own_history_12m,12 months,2026-10-01 00:00:00+00:00
BHV-001723,CUST-000173,amount_deviation,0.275,|last30/prior90 - 1|,LOW,own_history_12m,12 months,2026-10-01 00:00:00+00:00
BHV-001724,CUST-000173,unusual_timing,0.412,share 00-05 UTC,HIGH,own_history_12m,12 months,2026-10-01 00:00:00+00:00
BHV-001725,CUST-000173,unusual_location,0.0,share foreign-country tx,LOW,own_history_12m,12 months,2026-10-01 00:00:00+00:00
BHV-001726,CUST-000173,failed_transaction_rate,0.059,failed/all,LOW,own_history_12m,12 months,2026-10-01 00:00:00+00:00
BHV-001727,CUST-000173,spending_pattern_change,0.725,last30 avg / prior90 avg,LOW,own_history_12m,12 months,2026-10-01 00:00:00+00:00
BHV-001728,CUST-000173,transaction_burst,0,bursts (4 tx/15 min),LOW,own_history_12m,12 months,2026-10-01 00:00:00+00:00
BHV-001729,CUST-000173,account_age,207,days,LOW,own_history_12m,12 months,2026-10-01 00:00:00+00:00
BHV-001730,CUST-000173,recent_activity,202,days since last tx,HIGH,own_history_12m,12 months,2026-10-01 00:00:00+00:00
BHV-001731,CUST-000174,transaction_frequency,0.05,tx/day,MEDIUM,own_history_12m,12 months,2026-10-01 00:00:00+00:00
BHV-001732,CUST-000174,transaction_velocity,1,max tx in 60 min,LOW,own_history_12m,12 months,2026-10-01 00:00:00+00:00
BHV-001733,CUST-000174,amount_deviation,0,|last30/prior90 - 1|,LOW,own_history_12m,12 months,2026-10-01 00:00:00+00:00
BHV-001734,CUST-000174,unusual_timing,0.182,share 00-05 UTC,MEDIUM,own_history_12m,12 months,2026-10-01 00:00:00+00:00
BHV-001735,CUST-000174,unusual_location,0.0,share foreign-country tx,LOW,own_history_12m,12 months,2026-10-01 00:00:00+00:00
BHV-001736,CUST-000174,failed_transaction_rate,0.182,failed/all,MEDIUM,own_history_12m,12 months,2026-10-01 00:00:00+00:00
BHV-001737,CUST-000174,spending_pattern_change,,last30 avg / prior90 avg,LOW,own_history_12m,12 months,2026-10-01 00:00:00+00:00
BHV-001738,CUST-000174,transaction_burst,0,bursts (4 tx/15 min),LOW,own_history_12m,12 months,2026-10-01 00:00:00+00:00
BHV-001739,CUST-000174,account_age,220,days,LOW,own_history_12m,12 months,2026-10-01 00:00:00+00:00
BHV-001740,CUST-000174,recent_activity,183,days since last tx,HIGH,own_history_12m,12 months,2026-10-01 00:00:00+00:00
BHV-001741,CUST-000175,transaction_frequency,0.0262,tx/day,MEDIUM,own_history_12m,12 months,2026-10-01 00:00:00+00:00
BHV-001742,CUST-000175,transaction_velocity,1,max tx in 60 min,LOW,own_history_12m,12 months,2026-10-01 00:00:00+00:00
BHV-001743,CUST-000175,amount_deviation,3.932,|last30/prior90 - 1|,HIGH,own_history_12m,12 months,2026-10-01 00:00:00+00:00
BHV-001744,CUST-000175,unusual_timing,0.333,share 00-05 UTC,HIGH,own_history_12m,12 months,2026-10-01 00:00:00+00:00
BHV-001745,CUST-000175,unusual_location,0.0,share foreign-country tx,LOW,own_history_12m,12 months,2026-10-01 00:00:00+00:00
BHV-001746,CUST-000175,failed_transaction_rate,0.167,failed/all,MEDIUM,own_history_12m,12 months,2026-10-01 00:00:00+00:00
BHV-001747,CUST-000175,spending_pattern_change,4.932,last30 avg / prior90 avg,HIGH,own_history_12m,12 months,2026-10-01 00:00:00+00:00
BHV-001748,CUST-000175,transaction_burst,0,bursts (4 tx/15 min),LOW,own_history_12m,12 months,2026-10-01 00:00:00+00:00
BHV-001749,CUST-000175,account_age,229,days,LOW,own_history_12m,12 months,2026-10-01 00:00:00+00:00
BHV-001750,CUST-000175,recent_activity,219,days since last tx,HIGH,own_history_12m,12 months,2026-10-01 00:00:00+00:00
BHV-001751,CUST-000176,transaction_frequency,0.1265,tx/day,MEDIUM,own_history_12m,12 months,2026-10-01 00:00:00+00:00
BHV-001752,CUST-000176,transaction_velocity,1,max tx in 60 min,LOW,own_history_12m,12 months,2026-10-01 00:00:00+00:00
BHV-001753,CUST-000176,amount_deviation,0.72,|last30/prior90 - 1|,MEDIUM,own_history_12m,12 months,2026-10-01 00:00:00+00:00
BHV-001754,CUST-000176,unusual_timing,0.19,share 00-05 UTC,MEDIUM,own_history_12m,12 months,2026-10-01 00:00:00+00:00
BHV-001755,CUST-000176,unusual_location,0.0,share foreign-country tx,LOW,own_history_12m,12 months,2026-10-01 00:00:00+00:00
BHV-001756,CUST-000176,failed_transaction_rate,0.095,failed/all,LOW,own_history_12m,12 months,2026-10-01 00:00:00+00:00
BHV-001757,CUST-000176,spending_pattern_change,0.28,last30 avg / prior90 avg,MEDIUM,own_history_12m,12 months,2026-10-01 00:00:00+00:00
BHV-001758,CUST-000176,transaction_burst,0,bursts (4 tx/15 min),LOW,own_history_12m,12 months,2026-10-01 00:00:00+00:00
BHV-001759,CUST-000176,account_age,166,days,MEDIUM,own_history_12m,12 months,2026-10-01 00:00:00+00:00
BHV-001760,CUST-000176,recent_activity,159,days since last tx,HIGH,own_history_12m,12 months,2026-10-01 00:00:00+00:00
BHV-001761,CUST-000177,transaction_frequency,0.083,tx/day,MEDIUM,own_history_12m,12 months,2026-10-01 00:00:00+00:00
BHV-001762,CUST-000177,transaction_velocity,1,max tx in 60 min,LOW,own_history_12m,12 months,2026-10-01 00:00:00+00:00
BHV-001763,CUST-000177,amount_deviation,0.976,|last30/prior90 - 1|,HIGH,own_history_12m,12 months,2026-10-01 00:00:00+00:00
BHV-001764,CUST-000177,unusual_timing,0.263,share 00-05 UTC,HIGH,own_history_12m,12 months,2026-10-01 00:00:00+00:00
BHV-001765,CUST-000177,unusual_location,0.0,share foreign-country tx,LOW,own_history_12m,12 months,2026-10-01 00:00:00+00:00
BHV-001766,CUST-000177,failed_transaction_rate,0.0,failed/all,LOW,own_history_12m,12 months,2026-10-01 00:00:00+00:00
BHV-001767,CUST-000177,spending_pattern_change,0.024,last30 avg / prior90 avg,MEDIUM,own_history_12m,12 months,2026-10-01 00:00:00+00:00
BHV-001768,CUST-000177,transaction_burst,0,bursts (4 tx/15 min),LOW,own_history_12m,12 months,2026-10-01 00:00:00+00:00
BHV-001769,CUST-000177,account_age,229,days,LOW,own_history_12m,12 months,2026-10-01 00:00:00+00:00
BHV-001770,CUST-000177,recent_activity,209,days since last tx,HIGH,own_history_12m,12 months,2026-10-01 00:00:00+00:00
BHV-001771,CUST-000178,transaction_frequency,0.042,tx/day,MEDIUM,own_history_12m,12 months,2026-10-01 00:00:00+00:00
BHV-001772,CUST-000178,transaction_velocity,1,max tx in 60 min,LOW,own_history_12m,12 months,2026-10-01 00:00:00+00:00
BHV-001773,CUST-000178,amount_deviation,0.796,|last30/prior90 - 1|,MEDIUM,own_history_12m,12 months,2026-10-01 00:00:00+00:00
BHV-001774,CUST-000178,unusual_timing,0.083,share 00-05 UTC,MEDIUM,own_history_12m,12 months,2026-10-01 00:00:00+00:00
BHV-001775,CUST-000178,unusual_location,0.0,share foreign-country tx,LOW,own_history_12m,12 months,2026-10-01 00:00:00+00:00
BHV-001776,CUST-000178,failed_transaction_rate,0.083,failed/all,LOW,own_history_12m,12 months,2026-10-01 00:00:00+00:00
BHV-001777,CUST-000178,spending_pattern_change,0.204,last30 avg / prior90 avg,MEDIUM,own_history_12m,12 months,2026-10-01 00:00:00+00:00
BHV-001778,CUST-000178,transaction_burst,0,bursts (4 tx/15 min),LOW,own_history_12m,12 months,2026-10-01 00:00:00+00:00
BHV-001779,CUST-000178,account_age,286,days,LOW,own_history_12m,12 months,2026-10-01 00:00:00+00:00
BHV-001780,CUST-000178,recent_activity,245,days since last tx,HIGH,own_history_12m,12 months,2026-10-01 00:00:00+00:00
BHV-001781,CUST-000179,transaction_frequency,0.0067,tx/day,LOW,own_history_12m,12 months,2026-10-01 00:00:00+00:00
BHV-001782,CUST-000179,transaction_velocity,1,max tx in 60 min,LOW,own_history_12m,12 months,2026-10-01 00:00:00+00:00
BHV-001783,CUST-000179,amount_deviation,0,|last30/prior90 - 1|,LOW,own_history_12m,12 months,2026-10-01 00:00:00+00:00
BHV-001784,CUST-000179,unusual_timing,0.0,share 00-05 UTC,LOW,own_history_12m,12 months,2026-10-01 00:00:00+00:00
BHV-001785,CUST-000179,unusual_location,0.0,share foreign-country tx,LOW,own_history_12m,12 months,2026-10-01 00:00:00+00:00
BHV-001786,CUST-000179,failed_transaction_rate,0.0,failed/all,LOW,own_history_12m,12 months,2026-10-01 00:00:00+00:00
BHV-001787,CUST-000179,spending_pattern_change,,last30 avg / prior90 avg,LOW,own_history_12m,12 months,2026-10-01 00:00:00+00:00
BHV-001788,CUST-000179,transaction_burst,0,bursts (4 tx/15 min),LOW,own_history_12m,12 months,2026-10-01 00:00:00+00:00
BHV-001789,CUST-000179,account_age,297,days,LOW,own_history_12m,12 months,2026-10-01 00:00:00+00:00
BHV-001790,CUST-000179,recent_activity,211,days since last tx,HIGH,own_history_12m,12 months,2026-10-01 00:00:00+00:00
BHV-001791,CUST-000180,transaction_frequency,0.1005,tx/day,MEDIUM,own_history_12m,12 months,2026-10-01 00:00:00+00:00
BHV-001792,CUST-000180,transaction_velocity,1,max tx in 60 min,LOW,own_history_12m,12 months,2026-10-01 00:00:00+00:00
BHV-001793,CUST-000180,amount_deviation,0.807,|last30/prior90 - 1|,HIGH,own_history_12m,12 months,2026-10-01 00:00:00+00:00
BHV-001794,CUST-000180,unusual_timing,0.158,share 00-05 UTC,MEDIUM,own_history_12m,12 months,2026-10-01 00:00:00+00:00
BHV-001795,CUST-000180,unusual_location,0.0,share foreign-country tx,LOW,own_history_12m,12 months,2026-10-01 00:00:00+00:00
BHV-001796,CUST-000180,failed_transaction_rate,0.211,failed/all,MEDIUM,own_history_12m,12 months,2026-10-01 00:00:00+00:00
BHV-001797,CUST-000180,spending_pattern_change,0.193,last30 avg / prior90 avg,MEDIUM,own_history_12m,12 months,2026-10-01 00:00:00+00:00
BHV-001798,CUST-000180,transaction_burst,0,bursts (4 tx/15 min),LOW,own_history_12m,12 months,2026-10-01 00:00:00+00:00
BHV-001799,CUST-000180,account_age,189,days,LOW,own_history_12m,12 months,2026-10-01 00:00:00+00:00
BHV-001800,CUST-000180,recent_activity,158,days since last tx,HIGH,own_history_12m,12 months,2026-10-01 00:00:00+00:00
BHV-001801,CUST-000181,transaction_frequency,0.0468,tx/day,MEDIUM,own_history_12m,12 months,2026-10-01 00:00:00+00:00
BHV-001802,CUST-000181,transaction_velocity,1,max tx in 60 min,LOW,own_history_12m,12 months,2026-10-01 00:00:00+00:00
BHV-001803,CUST-000181,amount_deviation,0.415,|last30/prior90 - 1|,MEDIUM,own_history_12m,12 months,2026-10-01 00:00:00+00:00
BHV-001804,CUST-000181,unusual_timing,0.188,share 00-05 UTC,MEDIUM,own_history_12m,12 months,2026-10-01 00:00:00+00:00
BHV-001805,CUST-000181,unusual_location,0.0,share foreign-country tx,LOW,own_history_12m,12 months,2026-10-01 00:00:00+00:00
BHV-001806,CUST-000181,failed_transaction_rate,0.25,failed/all,MEDIUM,own_history_12m,12 months,2026-10-01 00:00:00+00:00
BHV-001807,CUST-000181,spending_pattern_change,0.585,last30 avg / prior90 avg,MEDIUM,own_history_12m,12 months,2026-10-01 00:00:00+00:00
BHV-001808,CUST-000181,transaction_burst,0,bursts (4 tx/15 min),LOW,own_history_12m,12 months,2026-10-01 00:00:00+00:00
BHV-001809,CUST-000181,account_age,342,days,LOW,own_history_12m,12 months,2026-10-01 00:00:00+00:00
BHV-001810,CUST-000181,recent_activity,339,days since last tx,HIGH,own_history_12m,12 months,2026-10-01 00:00:00+00:00
BHV-001811,CUST-000182,transaction_frequency,0.0769,tx/day,MEDIUM,own_history_12m,12 months,2026-10-01 00:00:00+00:00
BHV-001812,CUST-000182,transaction_velocity,2,max tx in 60 min,MEDIUM,own_history_12m,12 months,2026-10-01 00:00:00+00:00
BHV-001813,CUST-000182,amount_deviation,0.055,|last30/prior90 - 1|,LOW,own_history_12m,12 months,2026-10-01 00:00:00+00:00
BHV-001814,CUST-000182,unusual_timing,0.5,share 00-05 UTC,HIGH,own_history_12m,12 months,2026-10-01 00:00:00+00:00
BHV-001815,CUST-000182,unusual_location,0.0,share foreign-country tx,LOW,own_history_12m,12 months,2026-10-01 00:00:00+00:00
BHV-001816,CUST-000182,failed_transaction_rate,0.0,failed/all,LOW,own_history_12m,12 months,2026-10-01 00:00:00+00:00
BHV-001817,CUST-000182,spending_pattern_change,1.055,last30 avg / prior90 avg,LOW,own_history_12m,12 months,2026-10-01 00:00:00+00:00
BHV-001818,CUST-000182,transaction_burst,0,bursts (4 tx/15 min),LOW,own_history_12m,12 months,2026-10-01 00:00:00+00:00
BHV-001819,CUST-000182,account_age,104,days,MEDIUM,own_history_12m,12 months,2026-10-01 00:00:00+00:00
BHV-001820,CUST-000182,recent_activity,96,days since last tx,HIGH,own_history_12m,12 months,2026-10-01 00:00:00+00:00
BHV-001821,CUST-000183,transaction_frequency,0.0671,tx/day,MEDIUM,own_history_12m,12 months,2026-10-01 00:00:00+00:00
BHV-001822,CUST-000183,transaction_velocity,1,max tx in 60 min,LOW,own_history_12m,12 months,2026-10-01 00:00:00+00:00
BHV-001823,CUST-000183,amount_deviation,0.397,|last30/prior90 - 1|,MEDIUM,own_history_12m,12 months,2026-10-01 00:00:00+00:00
BHV-001824,CUST-000183,unusual_timing,0.2,share 00-05 UTC,MEDIUM,own_history_12m,12 months,2026-10-01 00:00:00+00:00
BHV-001825,CUST-000183,unusual_location,0.0,share foreign-country tx,LOW,own_history_12m,12 months,2026-10-01 00:00:00+00:00
BHV-001826,CUST-000183,failed_transaction_rate,0.2,failed/all,MEDIUM,own_history_12m,12 months,2026-10-01 00:00:00+00:00
BHV-001827,CUST-000183,spending_pattern_change,0.603,last30 avg / prior90 avg,LOW,own_history_12m,12 months,2026-10-01 00:00:00+00:00
BHV-001828,CUST-000183,transaction_burst,0,bursts (4 tx/15 min),LOW,own_history_12m,12 months,2026-10-01 00:00:00+00:00
BHV-001829,CUST-000183,account_age,149,days,MEDIUM,own_history_12m,12 months,2026-10-01 00:00:00+00:00
BHV-001830,CUST-000183,recent_activity,123,days since last tx,HIGH,own_history_12m,12 months,2026-10-01 00:00:00+00:00
BHV-001831,CUST-000184,transaction_frequency,0.0643,tx/day,MEDIUM,own_history_12m,12 months,2026-10-01 00:00:00+00:00
BHV-001832,CUST-000184,transaction_velocity,1,max tx in 60 min,LOW,own_history_12m,12 months,2026-10-01 00:00:00+00:00
BHV-001833,CUST-000184,amount_deviation,1.802,|last30/prior90 - 1|,HIGH,own_history_12m,12 months,2026-10-01 00:00:00+00:00
BHV-001834,CUST-000184,unusual_timing,0.3,share 00-05 UTC,HIGH,own_history_12m,12 months,2026-10-01 00:00:00+00:00
BHV-001835,CUST-000184,unusual_location,0.0,share foreign-country tx,LOW,own_history_12m,12 months,2026-10-01 00:00:00+00:00
BHV-001836,CUST-000184,failed_transaction_rate,0.05,failed/all,LOW,own_history_12m,12 months,2026-10-01 00:00:00+00:00
BHV-001837,CUST-000184,spending_pattern_change,2.802,last30 avg / prior90 avg,HIGH,own_history_12m,12 months,2026-10-01 00:00:00+00:00
BHV-001838,CUST-000184,transaction_burst,0,bursts (4 tx/15 min),LOW,own_history_12m,12 months,2026-10-01 00:00:00+00:00
BHV-001839,CUST-000184,account_age,311,days,LOW,own_history_12m,12 months,2026-10-01 00:00:00+00:00
BHV-001840,CUST-000184,recent_activity,290,days since last tx,HIGH,own_history_12m,12 months,2026-10-01 00:00:00+00:00
BHV-001841,CUST-000185,transaction_frequency,0.1954,tx/day,HIGH,own_history_12m,12 months,2026-10-01 00:00:00+00:00
BHV-001842,CUST-000185,transaction_velocity,1,max tx in 60 min,LOW,own_history_12m,12 months,2026-10-01 00:00:00+00:00
BHV-001843,CUST-000185,amount_deviation,0.814,|last30/prior90 - 1|,HIGH,own_history_12m,12 months,2026-10-01 00:00:00+00:00
BHV-001844,CUST-000185,unusual_timing,0.176,share 00-05 UTC,MEDIUM,own_history_12m,12 months,2026-10-01 00:00:00+00:00
BHV-001845,CUST-000185,unusual_location,0.0,share foreign-country tx,LOW,own_history_12m,12 months,2026-10-01 00:00:00+00:00
BHV-001846,CUST-000185,failed_transaction_rate,0.0,failed/all,LOW,own_history_12m,12 months,2026-10-01 00:00:00+00:00
BHV-001847,CUST-000185,spending_pattern_change,0.186,last30 avg / prior90 avg,MEDIUM,own_history_12m,12 months,2026-10-01 00:00:00+00:00
BHV-001848,CUST-000185,transaction_burst,0,bursts (4 tx/15 min),LOW,own_history_12m,12 months,2026-10-01 00:00:00+00:00
BHV-001849,CUST-000185,account_age,87,days,MEDIUM,own_history_12m,12 months,2026-10-01 00:00:00+00:00
BHV-001850,CUST-000185,recent_activity,89,days since last tx,MEDIUM,own_history_12m,12 months,2026-10-01 00:00:00+00:00
BHV-001851,CUST-000186,transaction_frequency,0.0066,tx/day,LOW,own_history_12m,12 months,2026-10-01 00:00:00+00:00
BHV-001852,CUST-000186,transaction_velocity,1,max tx in 60 min,LOW,own_history_12m,12 months,2026-10-01 00:00:00+00:00
BHV-001853,CUST-000186,amount_deviation,0,|last30/prior90 - 1|,LOW,own_history_12m,12 months,2026-10-01 00:00:00+00:00
BHV-001854,CUST-000186,unusual_timing,0.5,share 00-05 UTC,HIGH,own_history_12m,12 months,2026-10-01 00:00:00+00:00
BHV-001855,CUST-000186,unusual_location,0.0,share foreign-country tx,LOW,own_history_12m,12 months,2026-10-01 00:00:00+00:00
BHV-001856,CUST-000186,failed_transaction_rate,0.0,failed/all,LOW,own_history_12m,12 months,2026-10-01 00:00:00+00:00
BHV-001857,CUST-000186,spending_pattern_change,,last30 avg / prior90 avg,LOW,own_history_12m,12 months,2026-10-01 00:00:00+00:00
BHV-001858,CUST-000186,transaction_burst,0,bursts (4 tx/15 min),LOW,own_history_12m,12 months,2026-10-01 00:00:00+00:00
BHV-001859,CUST-000186,account_age,304,days,LOW,own_history_12m,12 months,2026-10-01 00:00:00+00:00
BHV-001860,CUST-000186,recent_activity,195,days since last tx,HIGH,own_history_12m,12 months,2026-10-01 00:00:00+00:00
BHV-001861,CUST-000187,transaction_frequency,0.0701,tx/day,MEDIUM,own_history_12m,12 months,2026-10-01 00:00:00+00:00
BHV-001862,CUST-000187,transaction_velocity,1,max tx in 60 min,LOW,own_history_12m,12 months,2026-10-01 00:00:00+00:00
BHV-001863,CUST-000187,amount_deviation,0.78,|last30/prior90 - 1|,MEDIUM,own_history_12m,12 months,2026-10-01 00:00:00+00:00
BHV-001864,CUST-000187,unusual_timing,0.273,share 00-05 UTC,HIGH,own_history_12m,12 months,2026-10-01 00:00:00+00:00
BHV-001865,CUST-000187,unusual_location,0.0,share foreign-country tx,LOW,own_history_12m,12 months,2026-10-01 00:00:00+00:00
BHV-001866,CUST-000187,failed_transaction_rate,0.136,failed/all,MEDIUM,own_history_12m,12 months,2026-10-01 00:00:00+00:00
BHV-001867,CUST-000187,spending_pattern_change,0.22,last30 avg / prior90 avg,MEDIUM,own_history_12m,12 months,2026-10-01 00:00:00+00:00
BHV-001868,CUST-000187,transaction_burst,0,bursts (4 tx/15 min),LOW,own_history_12m,12 months,2026-10-01 00:00:00+00:00
BHV-001869,CUST-000187,account_age,314,days,LOW,own_history_12m,12 months,2026-10-01 00:00:00+00:00
BHV-001870,CUST-000187,recent_activity,313,days since last tx,HIGH,own_history_12m,12 months,2026-10-01 00:00:00+00:00
BHV-001871,CUST-000188,transaction_frequency,0.0164,tx/day,LOW,own_history_12m,12 months,2026-10-01 00:00:00+00:00
BHV-001872,CUST-000188,transaction_velocity,1,max tx in 60 min,LOW,own_history_12m,12 months,2026-10-01 00:00:00+00:00
BHV-001873,CUST-000188,amount_deviation,0,|last30/prior90 - 1|,LOW,own_history_12m,12 months,2026-10-01 00:00:00+00:00
BHV-001874,CUST-000188,unusual_timing,0.0,share 00-05 UTC,LOW,own_history_12m,12 months,2026-10-01 00:00:00+00:00
BHV-001875,CUST-000188,unusual_location,0.0,share foreign-country tx,LOW,own_history_12m,12 months,2026-10-01 00:00:00+00:00
BHV-001876,CUST-000188,failed_transaction_rate,0.0,failed/all,LOW,own_history_12m,12 months,2026-10-01 00:00:00+00:00
BHV-001877,CUST-000188,spending_pattern_change,,last30 avg / prior90 avg,LOW,own_history_12m,12 months,2026-10-01 00:00:00+00:00
BHV-001878,CUST-000188,transaction_burst,0,bursts (4 tx/15 min),LOW,own_history_12m,12 months,2026-10-01 00:00:00+00:00
BHV-001879,CUST-000188,account_age,122,days,MEDIUM,own_history_12m,12 months,2026-10-01 00:00:00+00:00
BHV-001880,CUST-000188,recent_activity,114,days since last tx,HIGH,own_history_12m,12 months,2026-10-01 00:00:00+00:00
BHV-001881,CUST-000189,transaction_frequency,0.1036,tx/day,MEDIUM,own_history_12m,12 months,2026-10-01 00:00:00+00:00
BHV-001882,CUST-000189,transaction_velocity,1,max tx in 60 min,LOW,own_history_12m,12 months,2026-10-01 00:00:00+00:00
BHV-001883,CUST-000189,amount_deviation,3.015,|last30/prior90 - 1|,HIGH,own_history_12m,12 months,2026-10-01 00:00:00+00:00
BHV-001884,CUST-000189,unusual_timing,0.3,share 00-05 UTC,HIGH,own_history_12m,12 months,2026-10-01 00:00:00+00:00
BHV-001885,CUST-000189,unusual_location,0.0,share foreign-country tx,LOW,own_history_12m,12 months,2026-10-01 00:00:00+00:00
BHV-001886,CUST-000189,failed_transaction_rate,0.25,failed/all,MEDIUM,own_history_12m,12 months,2026-10-01 00:00:00+00:00
BHV-001887,CUST-000189,spending_pattern_change,4.015,last30 avg / prior90 avg,HIGH,own_history_12m,12 months,2026-10-01 00:00:00+00:00
BHV-001888,CUST-000189,transaction_burst,0,bursts (4 tx/15 min),LOW,own_history_12m,12 months,2026-10-01 00:00:00+00:00
BHV-001889,CUST-000189,account_age,193,days,LOW,own_history_12m,12 months,2026-10-01 00:00:00+00:00
BHV-001890,CUST-000189,recent_activity,190,days since last tx,HIGH,own_history_12m,12 months,2026-10-01 00:00:00+00:00
BHV-001891,CUST-000190,transaction_frequency,0.0796,tx/day,MEDIUM,own_history_12m,12 months,2026-10-01 00:00:00+00:00
BHV-001892,CUST-000190,transaction_velocity,1,max tx in 60 min,LOW,own_history_12m,12 months,2026-10-01 00:00:00+00:00
BHV-001893,CUST-000190,amount_deviation,0.144,|last30/prior90 - 1|,LOW,own_history_12m,12 months,2026-10-01 00:00:00+00:00
BHV-001894,CUST-000190,unusual_timing,0.148,share 00-05 UTC,MEDIUM,own_history_12m,12 months,2026-10-01 00:00:00+00:00
BHV-001895,CUST-000190,unusual_location,0.0,share foreign-country tx,LOW,own_history_12m,12 months,2026-10-01 00:00:00+00:00
BHV-001896,CUST-000190,failed_transaction_rate,0.259,failed/all,MEDIUM,own_history_12m,12 months,2026-10-01 00:00:00+00:00
BHV-001897,CUST-000190,spending_pattern_change,0.856,last30 avg / prior90 avg,LOW,own_history_12m,12 months,2026-10-01 00:00:00+00:00
BHV-001898,CUST-000190,transaction_burst,0,bursts (4 tx/15 min),LOW,own_history_12m,12 months,2026-10-01 00:00:00+00:00
BHV-001899,CUST-000190,account_age,339,days,LOW,own_history_12m,12 months,2026-10-01 00:00:00+00:00
BHV-001900,CUST-000190,recent_activity,290,days since last tx,HIGH,own_history_12m,12 months,2026-10-01 00:00:00+00:00
BHV-001901,CUST-000191,transaction_frequency,0.1806,tx/day,HIGH,own_history_12m,12 months,2026-10-01 00:00:00+00:00
BHV-001902,CUST-000191,transaction_velocity,1,max tx in 60 min,LOW,own_history_12m,12 months,2026-10-01 00:00:00+00:00
BHV-001903,CUST-000191,amount_deviation,0.178,|last30/prior90 - 1|,LOW,own_history_12m,12 months,2026-10-01 00:00:00+00:00
BHV-001904,CUST-000191,unusual_timing,0.179,share 00-05 UTC,MEDIUM,own_history_12m,12 months,2026-10-01 00:00:00+00:00
BHV-001905,CUST-000191,unusual_location,0.0,share foreign-country tx,LOW,own_history_12m,12 months,2026-10-01 00:00:00+00:00
BHV-001906,CUST-000191,failed_transaction_rate,0.071,failed/all,LOW,own_history_12m,12 months,2026-10-01 00:00:00+00:00
BHV-001907,CUST-000191,spending_pattern_change,1.178,last30 avg / prior90 avg,LOW,own_history_12m,12 months,2026-10-01 00:00:00+00:00
BHV-001908,CUST-000191,transaction_burst,0,bursts (4 tx/15 min),LOW,own_history_12m,12 months,2026-10-01 00:00:00+00:00
BHV-001909,CUST-000191,account_age,155,days,MEDIUM,own_history_12m,12 months,2026-10-01 00:00:00+00:00
BHV-001910,CUST-000191,recent_activity,149,days since last tx,HIGH,own_history_12m,12 months,2026-10-01 00:00:00+00:00
BHV-001911,CUST-000192,transaction_frequency,0.0876,tx/day,MEDIUM,own_history_12m,12 months,2026-10-01 00:00:00+00:00
BHV-001912,CUST-000192,transaction_velocity,1,max tx in 60 min,LOW,own_history_12m,12 months,2026-10-01 00:00:00+00:00
BHV-001913,CUST-000192,amount_deviation,1.427,|last30/prior90 - 1|,HIGH,own_history_12m,12 months,2026-10-01 00:00:00+00:00
BHV-001914,CUST-000192,unusual_timing,0.053,share 00-05 UTC,MEDIUM,own_history_12m,12 months,2026-10-01 00:00:00+00:00
BHV-001915,CUST-000192,unusual_location,0.0,share foreign-country tx,LOW,own_history_12m,12 months,2026-10-01 00:00:00+00:00
BHV-001916,CUST-000192,failed_transaction_rate,0.105,failed/all,MEDIUM,own_history_12m,12 months,2026-10-01 00:00:00+00:00
BHV-001917,CUST-000192,spending_pattern_change,2.427,last30 avg / prior90 avg,HIGH,own_history_12m,12 months,2026-10-01 00:00:00+00:00
BHV-001918,CUST-000192,transaction_burst,0,bursts (4 tx/15 min),LOW,own_history_12m,12 months,2026-10-01 00:00:00+00:00
BHV-001919,CUST-000192,account_age,217,days,LOW,own_history_12m,12 months,2026-10-01 00:00:00+00:00
BHV-001920,CUST-000192,recent_activity,215,days since last tx,HIGH,own_history_12m,12 months,2026-10-01 00:00:00+00:00
BHV-001921,CUST-000193,transaction_frequency,0.0078,tx/day,LOW,own_history_12m,12 months,2026-10-01 00:00:00+00:00
BHV-001922,CUST-000193,transaction_velocity,1,max tx in 60 min,LOW,own_history_12m,12 months,2026-10-01 00:00:00+00:00
BHV-001923,CUST-000193,amount_deviation,0,|last30/prior90 - 1|,LOW,own_history_12m,12 months,2026-10-01 00:00:00+00:00
BHV-001924,CUST-000193,unusual_timing,0.0,share 00-05 UTC,LOW,own_history_12m,12 months,2026-10-01 00:00:00+00:00
BHV-001925,CUST-000193,unusual_location,0.0,share foreign-country tx,LOW,own_history_12m,12 months,2026-10-01 00:00:00+00:00
BHV-001926,CUST-000193,failed_transaction_rate,0.0,failed/all,LOW,own_history_12m,12 months,2026-10-01 00:00:00+00:00
BHV-001927,CUST-000193,spending_pattern_change,,last30 avg / prior90 avg,LOW,own_history_12m,12 months,2026-10-01 00:00:00+00:00
BHV-001928,CUST-000193,transaction_burst,0,bursts (4 tx/15 min),LOW,own_history_12m,12 months,2026-10-01 00:00:00+00:00
BHV-001929,CUST-000193,account_age,255,days,LOW,own_history_12m,12 months,2026-10-01 00:00:00+00:00
BHV-001930,CUST-000193,recent_activity,221,days since last tx,HIGH,own_history_12m,12 months,2026-10-01 00:00:00+00:00
BHV-001931,CUST-000194,transaction_frequency,0.0065,tx/day,LOW,own_history_12m,12 months,2026-10-01 00:00:00+00:00
BHV-001932,CUST-000194,transaction_velocity,1,max tx in 60 min,LOW,own_history_12m,12 months,2026-10-01 00:00:00+00:00
BHV-001933,CUST-000194,amount_deviation,0.0,|last30/prior90 - 1|,LOW,own_history_12m,12 months,2026-10-01 00:00:00+00:00
BHV-001934,CUST-000194,unusual_timing,0.0,share 00-05 UTC,LOW,own_history_12m,12 months,2026-10-01 00:00:00+00:00
BHV-001935,CUST-000194,unusual_location,0.0,share foreign-country tx,LOW,own_history_12m,12 months,2026-10-01 00:00:00+00:00
BHV-001936,CUST-000194,failed_transaction_rate,0.0,failed/all,LOW,own_history_12m,12 months,2026-10-01 00:00:00+00:00
BHV-001937,CUST-000194,spending_pattern_change,1.0,last30 avg / prior90 avg,LOW,own_history_12m,12 months,2026-10-01 00:00:00+00:00
BHV-001938,CUST-000194,transaction_burst,0,bursts (4 tx/15 min),LOW,own_history_12m,12 months,2026-10-01 00:00:00+00:00
BHV-001939,CUST-000194,account_age,307,days,LOW,own_history_12m,12 months,2026-10-01 00:00:00+00:00
BHV-001940,CUST-000194,recent_activity,276,days since last tx,HIGH,own_history_12m,12 months,2026-10-01 00:00:00+00:00
BHV-001941,CUST-000195,transaction_frequency,0.2697,tx/day,HIGH,own_history_12m,12 months,2026-10-01 00:00:00+00:00
BHV-001942,CUST-000195,transaction_velocity,2,max tx in 60 min,MEDIUM,own_history_12m,12 months,2026-10-01 00:00:00+00:00
BHV-001943,CUST-000195,amount_deviation,0.64,|last30/prior90 - 1|,MEDIUM,own_history_12m,12 months,2026-10-01 00:00:00+00:00
BHV-001944,CUST-000195,unusual_timing,0.25,share 00-05 UTC,HIGH,own_history_12m,12 months,2026-10-01 00:00:00+00:00
BHV-001945,CUST-000195,unusual_location,0.0,share foreign-country tx,LOW,own_history_12m,12 months,2026-10-01 00:00:00+00:00
BHV-001946,CUST-000195,failed_transaction_rate,0.083,failed/all,LOW,own_history_12m,12 months,2026-10-01 00:00:00+00:00
BHV-001947,CUST-000195,spending_pattern_change,1.64,last30 avg / prior90 avg,MEDIUM,own_history_12m,12 months,2026-10-01 00:00:00+00:00
BHV-001948,CUST-000195,transaction_burst,0,bursts (4 tx/15 min),LOW,own_history_12m,12 months,2026-10-01 00:00:00+00:00
BHV-001949,CUST-000195,account_age,89,days,MEDIUM,own_history_12m,12 months,2026-10-01 00:00:00+00:00
BHV-001950,CUST-000195,recent_activity,84,days since last tx,MEDIUM,own_history_12m,12 months,2026-10-01 00:00:00+00:00
BHV-001951,CUST-000196,transaction_frequency,0.0901,tx/day,MEDIUM,own_history_12m,12 months,2026-10-01 00:00:00+00:00
BHV-001952,CUST-000196,transaction_velocity,1,max tx in 60 min,LOW,own_history_12m,12 months,2026-10-01 00:00:00+00:00
BHV-001953,CUST-000196,amount_deviation,0.13,|last30/prior90 - 1|,LOW,own_history_12m,12 months,2026-10-01 00:00:00+00:00
BHV-001954,CUST-000196,unusual_timing,0.25,share 00-05 UTC,HIGH,own_history_12m,12 months,2026-10-01 00:00:00+00:00
BHV-001955,CUST-000196,unusual_location,0.0,share foreign-country tx,LOW,own_history_12m,12 months,2026-10-01 00:00:00+00:00
BHV-001956,CUST-000196,failed_transaction_rate,0.25,failed/all,MEDIUM,own_history_12m,12 months,2026-10-01 00:00:00+00:00
BHV-001957,CUST-000196,spending_pattern_change,0.87,last30 avg / prior90 avg,LOW,own_history_12m,12 months,2026-10-01 00:00:00+00:00
BHV-001958,CUST-000196,transaction_burst,0,bursts (4 tx/15 min),LOW,own_history_12m,12 months,2026-10-01 00:00:00+00:00
BHV-001959,CUST-000196,account_age,222,days,LOW,own_history_12m,12 months,2026-10-01 00:00:00+00:00
BHV-001960,CUST-000196,recent_activity,212,days since last tx,HIGH,own_history_12m,12 months,2026-10-01 00:00:00+00:00
BHV-001961,CUST-000197,transaction_frequency,0.1429,tx/day,MEDIUM,own_history_12m,12 months,2026-10-01 00:00:00+00:00
BHV-001962,CUST-000197,transaction_velocity,1,max tx in 60 min,LOW,own_history_12m,12 months,2026-10-01 00:00:00+00:00
BHV-001963,CUST-000197,amount_deviation,0.848,|last30/prior90 - 1|,HIGH,own_history_12m,12 months,2026-10-01 00:00:00+00:00
BHV-001964,CUST-000197,unusual_timing,0.333,share 00-05 UTC,HIGH,own_history_12m,12 months,2026-10-01 00:00:00+00:00
BHV-001965,CUST-000197,unusual_location,0.0,share foreign-country tx,LOW,own_history_12m,12 months,2026-10-01 00:00:00+00:00
BHV-001966,CUST-000197,failed_transaction_rate,0.133,failed/all,MEDIUM,own_history_12m,12 months,2026-10-01 00:00:00+00:00
BHV-001967,CUST-000197,spending_pattern_change,0.152,last30 avg / prior90 avg,MEDIUM,own_history_12m,12 months,2026-10-01 00:00:00+00:00
BHV-001968,CUST-000197,transaction_burst,0,bursts (4 tx/15 min),LOW,own_history_12m,12 months,2026-10-01 00:00:00+00:00
BHV-001969,CUST-000197,account_age,105,days,MEDIUM,own_history_12m,12 months,2026-10-01 00:00:00+00:00
BHV-001970,CUST-000197,recent_activity,101,days since last tx,HIGH,own_history_12m,12 months,2026-10-01 00:00:00+00:00
BHV-001971,CUST-000198,transaction_frequency,0.022,tx/day,MEDIUM,own_history_12m,12 months,2026-10-01 00:00:00+00:00
BHV-001972,CUST-000198,transaction_velocity,1,max tx in 60 min,LOW,own_history_12m,12 months,2026-10-01 00:00:00+00:00
BHV-001973,CUST-000198,amount_deviation,0,|last30/prior90 - 1|,LOW,own_history_12m,12 months,2026-10-01 00:00:00+00:00
BHV-001974,CUST-000198,unusual_timing,0.5,share 00-05 UTC,HIGH,own_history_12m,12 months,2026-10-01 00:00:00+00:00
BHV-001975,CUST-000198,unusual_location,0.0,share foreign-country tx,LOW,own_history_12m,12 months,2026-10-01 00:00:00+00:00
BHV-001976,CUST-000198,failed_transaction_rate,0.0,failed/all,LOW,own_history_12m,12 months,2026-10-01 00:00:00+00:00
BHV-001977,CUST-000198,spending_pattern_change,,last30 avg / prior90 avg,LOW,own_history_12m,12 months,2026-10-01 00:00:00+00:00
BHV-001978,CUST-000198,transaction_burst,0,bursts (4 tx/15 min),LOW,own_history_12m,12 months,2026-10-01 00:00:00+00:00
BHV-001979,CUST-000198,account_age,91,days,MEDIUM,own_history_12m,12 months,2026-10-01 00:00:00+00:00
BHV-001980,CUST-000198,recent_activity,68,days since last tx,MEDIUM,own_history_12m,12 months,2026-10-01 00:00:00+00:00
BHV-001981,CUST-000199,transaction_frequency,0.1848,tx/day,HIGH,own_history_12m,12 months,2026-10-01 00:00:00+00:00
BHV-001982,CUST-000199,transaction_velocity,1,max tx in 60 min,LOW,own_history_12m,12 months,2026-10-01 00:00:00+00:00
BHV-001983,CUST-000199,amount_deviation,1.594,|last30/prior90 - 1|,HIGH,own_history_12m,12 months,2026-10-01 00:00:00+00:00
BHV-001984,CUST-000199,unusual_timing,0.294,share 00-05 UTC,HIGH,own_history_12m,12 months,2026-10-01 00:00:00+00:00
BHV-001985,CUST-000199,unusual_location,0.0,share foreign-country tx,LOW,own_history_12m,12 months,2026-10-01 00:00:00+00:00
BHV-001986,CUST-000199,failed_transaction_rate,0.412,failed/all,HIGH,own_history_12m,12 months,2026-10-01 00:00:00+00:00
BHV-001987,CUST-000199,spending_pattern_change,2.594,last30 avg / prior90 avg,HIGH,own_history_12m,12 months,2026-10-01 00:00:00+00:00
BHV-001988,CUST-000199,transaction_burst,0,bursts (4 tx/15 min),LOW,own_history_12m,12 months,2026-10-01 00:00:00+00:00
BHV-001989,CUST-000199,account_age,92,days,MEDIUM,own_history_12m,12 months,2026-10-01 00:00:00+00:00
BHV-001990,CUST-000199,recent_activity,82,days since last tx,MEDIUM,own_history_12m,12 months,2026-10-01 00:00:00+00:00
BHV-001991,CUST-000200,transaction_frequency,0.0274,tx/day,MEDIUM,own_history_12m,12 months,2026-10-01 00:00:00+00:00
BHV-001992,CUST-000200,transaction_velocity,1,max tx in 60 min,LOW,own_history_12m,12 months,2026-10-01 00:00:00+00:00
BHV-001993,CUST-000200,amount_deviation,0.942,|last30/prior90 - 1|,HIGH,own_history_12m,12 months,2026-10-01 00:00:00+00:00
BHV-001994,CUST-000200,unusual_timing,0.333,share 00-05 UTC,HIGH,own_history_12m,12 months,2026-10-01 00:00:00+00:00
BHV-001995,CUST-000200,unusual_location,0.0,share foreign-country tx,LOW,own_history_12m,12 months,2026-10-01 00:00:00+00:00
BHV-001996,CUST-000200,failed_transaction_rate,0.111,failed/all,MEDIUM,own_history_12m,12 months,2026-10-01 00:00:00+00:00
BHV-001997,CUST-000200,spending_pattern_change,0.058,last30 avg / prior90 avg,MEDIUM,own_history_12m,12 months,2026-10-01 00:00:00+00:00
BHV-001998,CUST-000200,transaction_burst,0,bursts (4 tx/15 min),LOW,own_history_12m,12 months,2026-10-01 00:00:00+00:00
BHV-001999,CUST-000200,account_age,329,days,LOW,own_history_12m,12 months,2026-10-01 00:00:00+00:00
BHV-002000,CUST-000200,recent_activity,265,days since last tx,HIGH,own_history_12m,12 months,2026-10-01 00:00:00+00:00
BHV-002001,CUST-000201,transaction_frequency,0.0779,tx/day,MEDIUM,own_history_12m,12 months,2026-10-01 00:00:00+00:00
BHV-002002,CUST-000201,transaction_velocity,1,max tx in 60 min,LOW,own_history_12m,12 months,2026-10-01 00:00:00+00:00
BHV-002003,CUST-000201,amount_deviation,0.495,|last30/prior90 - 1|,MEDIUM,own_history_12m,12 months,2026-10-01 00:00:00+00:00
BHV-002004,CUST-000201,unusual_timing,0.333,share 00-05 UTC,HIGH,own_history_12m,12 months,2026-10-01 00:00:00+00:00
BHV-002005,CUST-000201,unusual_location,0.0,share foreign-country tx,LOW,own_history_12m,12 months,2026-10-01 00:00:00+00:00
BHV-002006,CUST-000201,failed_transaction_rate,0.0,failed/all,LOW,own_history_12m,12 months,2026-10-01 00:00:00+00:00
BHV-002007,CUST-000201,spending_pattern_change,0.505,last30 avg / prior90 avg,MEDIUM,own_history_12m,12 months,2026-10-01 00:00:00+00:00
BHV-002008,CUST-000201,transaction_burst,0,bursts (4 tx/15 min),LOW,own_history_12m,12 months,2026-10-01 00:00:00+00:00
BHV-002009,CUST-000201,account_age,231,days,LOW,own_history_12m,12 months,2026-10-01 00:00:00+00:00
BHV-002010,CUST-000201,recent_activity,227,days since last tx,HIGH,own_history_12m,12 months,2026-10-01 00:00:00+00:00
BHV-002011,CUST-000202,transaction_frequency,0.1875,tx/day,HIGH,own_history_12m,12 months,2026-10-01 00:00:00+00:00
BHV-002012,CUST-000202,transaction_velocity,1,max tx in 60 min,LOW,own_history_12m,12 months,2026-10-01 00:00:00+00:00
BHV-002013,CUST-000202,amount_deviation,0.298,|last30/prior90 - 1|,LOW,own_history_12m,12 months,2026-10-01 00:00:00+00:00
BHV-002014,CUST-000202,unusual_timing,0.133,share 00-05 UTC,MEDIUM,own_history_12m,12 months,2026-10-01 00:00:00+00:00
BHV-002015,CUST-000202,unusual_location,0.0,share foreign-country tx,LOW,own_history_12m,12 months,2026-10-01 00:00:00+00:00
BHV-002016,CUST-000202,failed_transaction_rate,0.0,failed/all,LOW,own_history_12m,12 months,2026-10-01 00:00:00+00:00
BHV-002017,CUST-000202,spending_pattern_change,1.298,last30 avg / prior90 avg,LOW,own_history_12m,12 months,2026-10-01 00:00:00+00:00
BHV-002018,CUST-000202,transaction_burst,0,bursts (4 tx/15 min),LOW,own_history_12m,12 months,2026-10-01 00:00:00+00:00
BHV-002019,CUST-000202,account_age,80,days,MEDIUM,own_history_12m,12 months,2026-10-01 00:00:00+00:00
BHV-002020,CUST-000202,recent_activity,76,days since last tx,MEDIUM,own_history_12m,12 months,2026-10-01 00:00:00+00:00
BHV-002021,CUST-000203,transaction_frequency,0.0932,tx/day,MEDIUM,own_history_12m,12 months,2026-10-01 00:00:00+00:00
BHV-002022,CUST-000203,transaction_velocity,1,max tx in 60 min,LOW,own_history_12m,12 months,2026-10-01 00:00:00+00:00
BHV-002023,CUST-000203,amount_deviation,0.186,|last30/prior90 - 1|,LOW,own_history_12m,12 months,2026-10-01 00:00:00+00:00
BHV-002024,CUST-000203,unusual_timing,0.4,share 00-05 UTC,HIGH,own_history_12m,12 months,2026-10-01 00:00:00+00:00
BHV-002025,CUST-000203,unusual_location,0.0,share foreign-country tx,LOW,own_history_12m,12 months,2026-10-01 00:00:00+00:00
BHV-002026,CUST-000203,failed_transaction_rate,0.067,failed/all,LOW,own_history_12m,12 months,2026-10-01 00:00:00+00:00
BHV-002027,CUST-000203,spending_pattern_change,0.814,last30 avg / prior90 avg,LOW,own_history_12m,12 months,2026-10-01 00:00:00+00:00
BHV-002028,CUST-000203,transaction_burst,0,bursts (4 tx/15 min),LOW,own_history_12m,12 months,2026-10-01 00:00:00+00:00
BHV-002029,CUST-000203,account_age,161,days,MEDIUM,own_history_12m,12 months,2026-10-01 00:00:00+00:00
BHV-002030,CUST-000203,recent_activity,155,days since last tx,HIGH,own_history_12m,12 months,2026-10-01 00:00:00+00:00
BHV-002031,CUST-000204,transaction_frequency,0.0685,tx/day,MEDIUM,own_history_12m,12 months,2026-10-01 00:00:00+00:00
BHV-002032,CUST-000204,transaction_velocity,1,max tx in 60 min,LOW,own_history_12m,12 months,2026-10-01 00:00:00+00:00
BHV-002033,CUST-000204,amount_deviation,0.427,|last30/prior90 - 1|,MEDIUM,own_history_12m,12 months,2026-10-01 00:00:00+00:00
BHV-002034,CUST-000204,unusual_timing,0.3,share 00-05 UTC,HIGH,own_history_12m,12 months,2026-10-01 00:00:00+00:00
BHV-002035,CUST-000204,unusual_location,0.0,share foreign-country tx,LOW,own_history_12m,12 months,2026-10-01 00:00:00+00:00
BHV-002036,CUST-000204,failed_transaction_rate,0.1,failed/all,MEDIUM,own_history_12m,12 months,2026-10-01 00:00:00+00:00
BHV-002037,CUST-000204,spending_pattern_change,0.573,last30 avg / prior90 avg,MEDIUM,own_history_12m,12 months,2026-10-01 00:00:00+00:00
BHV-002038,CUST-000204,transaction_burst,0,bursts (4 tx/15 min),LOW,own_history_12m,12 months,2026-10-01 00:00:00+00:00
BHV-002039,CUST-000204,account_age,146,days,MEDIUM,own_history_12m,12 months,2026-10-01 00:00:00+00:00
BHV-002040,CUST-000204,recent_activity,117,days since last tx,HIGH,own_history_12m,12 months,2026-10-01 00:00:00+00:00
BHV-002041,CUST-000205,transaction_frequency,0.0482,tx/day,MEDIUM,own_history_12m,12 months,2026-10-01 00:00:00+00:00
BHV-002042,CUST-000205,transaction_velocity,1,max tx in 60 min,LOW,own_history_12m,12 months,2026-10-01 00:00:00+00:00
BHV-002043,CUST-000205,amount_deviation,0,|last30/prior90 - 1|,LOW,own_history_12m,12 months,2026-10-01 00:00:00+00:00
BHV-002044,CUST-000205,unusual_timing,0.417,share 00-05 UTC,HIGH,own_history_12m,12 months,2026-10-01 00:00:00+00:00
BHV-002045,CUST-000205,unusual_location,0.0,share foreign-country tx,LOW,own_history_12m,12 months,2026-10-01 00:00:00+00:00
BHV-002046,CUST-000205,failed_transaction_rate,0.0,failed/all,LOW,own_history_12m,12 months,2026-10-01 00:00:00+00:00
BHV-002047,CUST-000205,spending_pattern_change,,last30 avg / prior90 avg,LOW,own_history_12m,12 months,2026-10-01 00:00:00+00:00
BHV-002048,CUST-000205,transaction_burst,0,bursts (4 tx/15 min),LOW,own_history_12m,12 months,2026-10-01 00:00:00+00:00
BHV-002049,CUST-000205,account_age,249,days,LOW,own_history_12m,12 months,2026-10-01 00:00:00+00:00
BHV-002050,CUST-000205,recent_activity,224,days since last tx,HIGH,own_history_12m,12 months,2026-10-01 00:00:00+00:00
BHV-002051,CUST-000206,transaction_frequency,0.0588,tx/day,MEDIUM,own_history_12m,12 months,2026-10-01 00:00:00+00:00
BHV-002052,CUST-000206,transaction_velocity,1,max tx in 60 min,LOW,own_history_12m,12 months,2026-10-01 00:00:00+00:00
BHV-002053,CUST-000206,amount_deviation,71.861,|last30/prior90 - 1|,HIGH,own_history_12m,12 months,2026-10-01 00:00:00+00:00
BHV-002054,CUST-000206,unusual_timing,0.211,share 00-05 UTC,MEDIUM,own_history_12m,12 months,2026-10-01 00:00:00+00:00
BHV-002055,CUST-000206,unusual_location,0.0,share foreign-country tx,LOW,own_history_12m,12 months,2026-10-01 00:00:00+00:00
BHV-002056,CUST-000206,failed_transaction_rate,0.211,failed/all,MEDIUM,own_history_12m,12 months,2026-10-01 00:00:00+00:00
BHV-002057,CUST-000206,spending_pattern_change,72.861,last30 avg / prior90 avg,HIGH,own_history_12m,12 months,2026-10-01 00:00:00+00:00
BHV-002058,CUST-000206,transaction_burst,0,bursts (4 tx/15 min),LOW,own_history_12m,12 months,2026-10-01 00:00:00+00:00
BHV-002059,CUST-000206,account_age,323,days,LOW,own_history_12m,12 months,2026-10-01 00:00:00+00:00
BHV-002060,CUST-000206,recent_activity,320,days since last tx,HIGH,own_history_12m,12 months,2026-10-01 00:00:00+00:00
BHV-002061,CUST-000207,transaction_frequency,0.0578,tx/day,MEDIUM,own_history_12m,12 months,2026-10-01 00:00:00+00:00
BHV-002062,CUST-000207,transaction_velocity,1,max tx in 60 min,LOW,own_history_12m,12 months,2026-10-01 00:00:00+00:00
BHV-002063,CUST-000207,amount_deviation,0.0,|last30/prior90 - 1|,LOW,own_history_12m,12 months,2026-10-01 00:00:00+00:00
BHV-002064,CUST-000207,unusual_timing,0.188,share 00-05 UTC,MEDIUM,own_history_12m,12 months,2026-10-01 00:00:00+00:00
BHV-002065,CUST-000207,unusual_location,0.0,share foreign-country tx,LOW,own_history_12m,12 months,2026-10-01 00:00:00+00:00
BHV-002066,CUST-000207,failed_transaction_rate,0.125,failed/all,MEDIUM,own_history_12m,12 months,2026-10-01 00:00:00+00:00
BHV-002067,CUST-000207,spending_pattern_change,1.0,last30 avg / prior90 avg,LOW,own_history_12m,12 months,2026-10-01 00:00:00+00:00
BHV-002068,CUST-000207,transaction_burst,0,bursts (4 tx/15 min),LOW,own_history_12m,12 months,2026-10-01 00:00:00+00:00
BHV-002069,CUST-000207,account_age,277,days,LOW,own_history_12m,12 months,2026-10-01 00:00:00+00:00
BHV-002070,CUST-000207,recent_activity,271,days since last tx,HIGH,own_history_12m,12 months,2026-10-01 00:00:00+00:00
BHV-002071,CUST-000208,transaction_frequency,0.1436,tx/day,MEDIUM,own_history_12m,12 months,2026-10-01 00:00:00+00:00
BHV-002072,CUST-000208,transaction_velocity,1,max tx in 60 min,LOW,own_history_12m,12 months,2026-10-01 00:00:00+00:00
BHV-002073,CUST-000208,amount_deviation,0.834,|last30/prior90 - 1|,HIGH,own_history_12m,12 months,2026-10-01 00:00:00+00:00
BHV-002074,CUST-000208,unusual_timing,0.25,share 00-05 UTC,HIGH,own_history_12m,12 months,2026-10-01 00:00:00+00:00
BHV-002075,CUST-000208,unusual_location,0.0,share foreign-country tx,LOW,own_history_12m,12 months,2026-10-01 00:00:00+00:00
BHV-002076,CUST-000208,failed_transaction_rate,0.036,failed/all,LOW,own_history_12m,12 months,2026-10-01 00:00:00+00:00
BHV-002077,CUST-000208,spending_pattern_change,0.166,last30 avg / prior90 avg,MEDIUM,own_history_12m,12 months,2026-10-01 00:00:00+00:00
BHV-002078,CUST-000208,transaction_burst,0,bursts (4 tx/15 min),LOW,own_history_12m,12 months,2026-10-01 00:00:00+00:00
BHV-002079,CUST-000208,account_age,195,days,LOW,own_history_12m,12 months,2026-10-01 00:00:00+00:00
BHV-002080,CUST-000208,recent_activity,187,days since last tx,HIGH,own_history_12m,12 months,2026-10-01 00:00:00+00:00
BHV-002081,CUST-000209,transaction_frequency,0.1159,tx/day,MEDIUM,own_history_12m,12 months,2026-10-01 00:00:00+00:00
BHV-002082,CUST-000209,transaction_velocity,2,max tx in 60 min,MEDIUM,own_history_12m,12 months,2026-10-01 00:00:00+00:00
BHV-002083,CUST-000209,amount_deviation,0.038,|last30/prior90 - 1|,LOW,own_history_12m,12 months,2026-10-01 00:00:00+00:00
BHV-002084,CUST-000209,unusual_timing,0.368,share 00-05 UTC,HIGH,own_history_12m,12 months,2026-10-01 00:00:00+00:00
BHV-002085,CUST-000209,unusual_location,0.0,share foreign-country tx,LOW,own_history_12m,12 months,2026-10-01 00:00:00+00:00
BHV-002086,CUST-000209,failed_transaction_rate,0.158,failed/all,MEDIUM,own_history_12m,12 months,2026-10-01 00:00:00+00:00
BHV-002087,CUST-000209,spending_pattern_change,0.962,last30 avg / prior90 avg,LOW,own_history_12m,12 months,2026-10-01 00:00:00+00:00
BHV-002088,CUST-000209,transaction_burst,0,bursts (4 tx/15 min),LOW,own_history_12m,12 months,2026-10-01 00:00:00+00:00
BHV-002089,CUST-000209,account_age,164,days,MEDIUM,own_history_12m,12 months,2026-10-01 00:00:00+00:00
BHV-002090,CUST-000209,recent_activity,150,days since last tx,HIGH,own_history_12m,12 months,2026-10-01 00:00:00+00:00
BHV-002091,CUST-000210,transaction_frequency,0.3649,tx/day,HIGH,own_history_12m,12 months,2026-10-01 00:00:00+00:00
BHV-002092,CUST-000210,transaction_velocity,1,max tx in 60 min,LOW,own_history_12m,12 months,2026-10-01 00:00:00+00:00
BHV-002093,CUST-000210,amount_deviation,0.294,|last30/prior90 - 1|,LOW,own_history_12m,12 months,2026-10-01 00:00:00+00:00
BHV-002094,CUST-000210,unusual_timing,0.148,share 00-05 UTC,MEDIUM,own_history_12m,12 months,2026-10-01 00:00:00+00:00
BHV-002095,CUST-000210,unusual_location,0.0,share foreign-country tx,LOW,own_history_12m,12 months,2026-10-01 00:00:00+00:00
BHV-002096,CUST-000210,failed_transaction_rate,0.148,failed/all,MEDIUM,own_history_12m,12 months,2026-10-01 00:00:00+00:00
BHV-002097,CUST-000210,spending_pattern_change,0.706,last30 avg / prior90 avg,LOW,own_history_12m,12 months,2026-10-01 00:00:00+00:00
BHV-002098,CUST-000210,transaction_burst,0,bursts (4 tx/15 min),LOW,own_history_12m,12 months,2026-10-01 00:00:00+00:00
BHV-002099,CUST-000210,account_age,74,days,MEDIUM,own_history_12m,12 months,2026-10-01 00:00:00+00:00
BHV-002100,CUST-000210,recent_activity,70,days since last tx,MEDIUM,own_history_12m,12 months,2026-10-01 00:00:00+00:00
BHV-002101,CUST-000211,transaction_frequency,0.0064,tx/day,LOW,own_history_12m,12 months,2026-10-01 00:00:00+00:00
BHV-002102,CUST-000211,transaction_velocity,1,max tx in 60 min,LOW,own_history_12m,12 months,2026-10-01 00:00:00+00:00
BHV-002103,CUST-000211,amount_deviation,0,|last30/prior90 - 1|,LOW,own_history_12m,12 months,2026-10-01 00:00:00+00:00
BHV-002104,CUST-000211,unusual_timing,0.5,share 00-05 UTC,HIGH,own_history_12m,12 months,2026-10-01 00:00:00+00:00
BHV-002105,CUST-000211,unusual_location,0.0,share foreign-country tx,LOW,own_history_12m,12 months,2026-10-01 00:00:00+00:00
BHV-002106,CUST-000211,failed_transaction_rate,0.0,failed/all,LOW,own_history_12m,12 months,2026-10-01 00:00:00+00:00
BHV-002107,CUST-000211,spending_pattern_change,,last30 avg / prior90 avg,LOW,own_history_12m,12 months,2026-10-01 00:00:00+00:00
BHV-002108,CUST-000211,transaction_burst,0,bursts (4 tx/15 min),LOW,own_history_12m,12 months,2026-10-01 00:00:00+00:00
BHV-002109,CUST-000211,account_age,313,days,LOW,own_history_12m,12 months,2026-10-01 00:00:00+00:00
BHV-002110,CUST-000211,recent_activity,229,days since last tx,HIGH,own_history_12m,12 months,2026-10-01 00:00:00+00:00
BHV-002111,CUST-000212,transaction_frequency,0.0789,tx/day,MEDIUM,own_history_12m,12 months,2026-10-01 00:00:00+00:00
BHV-002112,CUST-000212,transaction_velocity,1,max tx in 60 min,LOW,own_history_12m,12 months,2026-10-01 00:00:00+00:00
BHV-002113,CUST-000212,amount_deviation,6.77,|last30/prior90 - 1|,HIGH,own_history_12m,12 months,2026-10-01 00:00:00+00:00
BHV-002114,CUST-000212,unusual_timing,0.133,share 00-05 UTC,MEDIUM,own_history_12m,12 months,2026-10-01 00:00:00+00:00
BHV-002115,CUST-000212,unusual_location,0.0,share foreign-country tx,LOW,own_history_12m,12 months,2026-10-01 00:00:00+00:00
BHV-002116,CUST-000212,failed_transaction_rate,0.133,failed/all,MEDIUM,own_history_12m,12 months,2026-10-01 00:00:00+00:00
BHV-002117,CUST-000212,spending_pattern_change,7.77,last30 avg / prior90 avg,HIGH,own_history_12m,12 months,2026-10-01 00:00:00+00:00
BHV-002118,CUST-000212,transaction_burst,0,bursts (4 tx/15 min),LOW,own_history_12m,12 months,2026-10-01 00:00:00+00:00
BHV-002119,CUST-000212,account_age,190,days,LOW,own_history_12m,12 months,2026-10-01 00:00:00+00:00
BHV-002120,CUST-000212,recent_activity,181,days since last tx,HIGH,own_history_12m,12 months,2026-10-01 00:00:00+00:00
BHV-002121,CUST-000213,transaction_frequency,0.103,tx/day,MEDIUM,own_history_12m,12 months,2026-10-01 00:00:00+00:00
BHV-002122,CUST-000213,transaction_velocity,1,max tx in 60 min,LOW,own_history_12m,12 months,2026-10-01 00:00:00+00:00
BHV-002123,CUST-000213,amount_deviation,0.779,|last30/prior90 - 1|,MEDIUM,own_history_12m,12 months,2026-10-01 00:00:00+00:00
BHV-002124,CUST-000213,unusual_timing,0.333,share 00-05 UTC,HIGH,own_history_12m,12 months,2026-10-01 00:00:00+00:00
BHV-002125,CUST-000213,unusual_location,0.0,share foreign-country tx,LOW,own_history_12m,12 months,2026-10-01 00:00:00+00:00
BHV-002126,CUST-000213,failed_transaction_rate,0.083,failed/all,LOW,own_history_12m,12 months,2026-10-01 00:00:00+00:00
BHV-002127,CUST-000213,spending_pattern_change,1.779,last30 avg / prior90 avg,MEDIUM,own_history_12m,12 months,2026-10-01 00:00:00+00:00
BHV-002128,CUST-000213,transaction_burst,0,bursts (4 tx/15 min),LOW,own_history_12m,12 months,2026-10-01 00:00:00+00:00
BHV-002129,CUST-000213,account_age,233,days,LOW,own_history_12m,12 months,2026-10-01 00:00:00+00:00
BHV-002130,CUST-000213,recent_activity,217,days since last tx,HIGH,own_history_12m,12 months,2026-10-01 00:00:00+00:00
BHV-002131,CUST-000214,transaction_frequency,0.1028,tx/day,MEDIUM,own_history_12m,12 months,2026-10-01 00:00:00+00:00
BHV-002132,CUST-000214,transaction_velocity,1,max tx in 60 min,LOW,own_history_12m,12 months,2026-10-01 00:00:00+00:00
BHV-002133,CUST-000214,amount_deviation,0.667,|last30/prior90 - 1|,MEDIUM,own_history_12m,12 months,2026-10-01 00:00:00+00:00
BHV-002134,CUST-000214,unusual_timing,0.308,share 00-05 UTC,HIGH,own_history_12m,12 months,2026-10-01 00:00:00+00:00
BHV-002135,CUST-000214,unusual_location,0.0,share foreign-country tx,LOW,own_history_12m,12 months,2026-10-01 00:00:00+00:00
BHV-002136,CUST-000214,failed_transaction_rate,0.154,failed/all,MEDIUM,own_history_12m,12 months,2026-10-01 00:00:00+00:00
BHV-002137,CUST-000214,spending_pattern_change,0.333,last30 avg / prior90 avg,MEDIUM,own_history_12m,12 months,2026-10-01 00:00:00+00:00
BHV-002138,CUST-000214,transaction_burst,0,bursts (4 tx/15 min),LOW,own_history_12m,12 months,2026-10-01 00:00:00+00:00
BHV-002139,CUST-000214,account_age,253,days,LOW,own_history_12m,12 months,2026-10-01 00:00:00+00:00
BHV-002140,CUST-000214,recent_activity,248,days since last tx,HIGH,own_history_12m,12 months,2026-10-01 00:00:00+00:00
BHV-002141,CUST-000215,transaction_frequency,0.075,tx/day,MEDIUM,own_history_12m,12 months,2026-10-01 00:00:00+00:00
BHV-002142,CUST-000215,transaction_velocity,1,max tx in 60 min,LOW,own_history_12m,12 months,2026-10-01 00:00:00+00:00
BHV-002143,CUST-000215,amount_deviation,0.894,|last30/prior90 - 1|,HIGH,own_history_12m,12 months,2026-10-01 00:00:00+00:00
BHV-002144,CUST-000215,unusual_timing,0.25,share 00-05 UTC,HIGH,own_history_12m,12 months,2026-10-01 00:00:00+00:00
BHV-002145,CUST-000215,unusual_location,0.0,share foreign-country tx,LOW,own_history_12m,12 months,2026-10-01 00:00:00+00:00
BHV-002146,CUST-000215,failed_transaction_rate,0.167,failed/all,MEDIUM,own_history_12m,12 months,2026-10-01 00:00:00+00:00
BHV-002147,CUST-000215,spending_pattern_change,0.106,last30 avg / prior90 avg,MEDIUM,own_history_12m,12 months,2026-10-01 00:00:00+00:00
BHV-002148,CUST-000215,transaction_burst,0,bursts (4 tx/15 min),LOW,own_history_12m,12 months,2026-10-01 00:00:00+00:00
BHV-002149,CUST-000215,account_age,160,days,MEDIUM,own_history_12m,12 months,2026-10-01 00:00:00+00:00
BHV-002150,CUST-000215,recent_activity,125,days since last tx,HIGH,own_history_12m,12 months,2026-10-01 00:00:00+00:00
BHV-002151,CUST-000216,transaction_frequency,0.0918,tx/day,MEDIUM,own_history_12m,12 months,2026-10-01 00:00:00+00:00
BHV-002152,CUST-000216,transaction_velocity,1,max tx in 60 min,LOW,own_history_12m,12 months,2026-10-01 00:00:00+00:00
BHV-002153,CUST-000216,amount_deviation,0.094,|last30/prior90 - 1|,LOW,own_history_12m,12 months,2026-10-01 00:00:00+00:00
BHV-002154,CUST-000216,unusual_timing,0.278,share 00-05 UTC,HIGH,own_history_12m,12 months,2026-10-01 00:00:00+00:00
BHV-002155,CUST-000216,unusual_location,0.0,share foreign-country tx,LOW,own_history_12m,12 months,2026-10-01 00:00:00+00:00
BHV-002156,CUST-000216,failed_transaction_rate,0.111,failed/all,MEDIUM,own_history_12m,12 months,2026-10-01 00:00:00+00:00
BHV-002157,CUST-000216,spending_pattern_change,1.094,last30 avg / prior90 avg,LOW,own_history_12m,12 months,2026-10-01 00:00:00+00:00
BHV-002158,CUST-000216,transaction_burst,0,bursts (4 tx/15 min),LOW,own_history_12m,12 months,2026-10-01 00:00:00+00:00
BHV-002159,CUST-000216,account_age,196,days,LOW,own_history_12m,12 months,2026-10-01 00:00:00+00:00
BHV-002160,CUST-000216,recent_activity,181,days since last tx,HIGH,own_history_12m,12 months,2026-10-01 00:00:00+00:00
BHV-002161,CUST-000217,transaction_frequency,0.2143,tx/day,HIGH,own_history_12m,12 months,2026-10-01 00:00:00+00:00
BHV-002162,CUST-000217,transaction_velocity,1,max tx in 60 min,LOW,own_history_12m,12 months,2026-10-01 00:00:00+00:00
BHV-002163,CUST-000217,amount_deviation,0.499,|last30/prior90 - 1|,MEDIUM,own_history_12m,12 months,2026-10-01 00:00:00+00:00
BHV-002164,CUST-000217,unusual_timing,0.4,share 00-05 UTC,HIGH,own_history_12m,12 months,2026-10-01 00:00:00+00:00
BHV-002165,CUST-000217,unusual_location,0.0,share foreign-country tx,LOW,own_history_12m,12 months,2026-10-01 00:00:00+00:00
BHV-002166,CUST-000217,failed_transaction_rate,0.067,failed/all,LOW,own_history_12m,12 months,2026-10-01 00:00:00+00:00
BHV-002167,CUST-000217,spending_pattern_change,0.501,last30 avg / prior90 avg,MEDIUM,own_history_12m,12 months,2026-10-01 00:00:00+00:00
BHV-002168,CUST-000217,transaction_burst,0,bursts (4 tx/15 min),LOW,own_history_12m,12 months,2026-10-01 00:00:00+00:00
BHV-002169,CUST-000217,account_age,70,days,MEDIUM,own_history_12m,12 months,2026-10-01 00:00:00+00:00
BHV-002170,CUST-000217,recent_activity,63,days since last tx,MEDIUM,own_history_12m,12 months,2026-10-01 00:00:00+00:00
BHV-002171,CUST-000218,transaction_frequency,0.1562,tx/day,HIGH,own_history_12m,12 months,2026-10-01 00:00:00+00:00
BHV-002172,CUST-000218,transaction_velocity,1,max tx in 60 min,LOW,own_history_12m,12 months,2026-10-01 00:00:00+00:00
BHV-002173,CUST-000218,amount_deviation,0.164,|last30/prior90 - 1|,LOW,own_history_12m,12 months,2026-10-01 00:00:00+00:00
BHV-002174,CUST-000218,unusual_timing,0.1,share 00-05 UTC,MEDIUM,own_history_12m,12 months,2026-10-01 00:00:00+00:00
BHV-002175,CUST-000218,unusual_location,0.0,share foreign-country tx,LOW,own_history_12m,12 months,2026-10-01 00:00:00+00:00
BHV-002176,CUST-000218,failed_transaction_rate,0.1,failed/all,MEDIUM,own_history_12m,12 months,2026-10-01 00:00:00+00:00
BHV-002177,CUST-000218,spending_pattern_change,0.836,last30 avg / prior90 avg,LOW,own_history_12m,12 months,2026-10-01 00:00:00+00:00
BHV-002178,CUST-000218,transaction_burst,0,bursts (4 tx/15 min),LOW,own_history_12m,12 months,2026-10-01 00:00:00+00:00
BHV-002179,CUST-000218,account_age,64,days,MEDIUM,own_history_12m,12 months,2026-10-01 00:00:00+00:00
BHV-002180,CUST-000218,recent_activity,45,days since last tx,MEDIUM,own_history_12m,12 months,2026-10-01 00:00:00+00:00
BHV-002181,CUST-000219,transaction_frequency,0.1401,tx/day,MEDIUM,own_history_12m,12 months,2026-10-01 00:00:00+00:00
BHV-002182,CUST-000219,transaction_velocity,1,max tx in 60 min,LOW,own_history_12m,12 months,2026-10-01 00:00:00+00:00
BHV-002183,CUST-000219,amount_deviation,0.421,|last30/prior90 - 1|,MEDIUM,own_history_12m,12 months,2026-10-01 00:00:00+00:00
BHV-002184,CUST-000219,unusual_timing,0.182,share 00-05 UTC,MEDIUM,own_history_12m,12 months,2026-10-01 00:00:00+00:00
BHV-002185,CUST-000219,unusual_location,0.0,share foreign-country tx,LOW,own_history_12m,12 months,2026-10-01 00:00:00+00:00
BHV-002186,CUST-000219,failed_transaction_rate,0.5,failed/all,HIGH,own_history_12m,12 months,2026-10-01 00:00:00+00:00
BHV-002187,CUST-000219,spending_pattern_change,0.579,last30 avg / prior90 avg,MEDIUM,own_history_12m,12 months,2026-10-01 00:00:00+00:00
BHV-002188,CUST-000219,transaction_burst,0,bursts (4 tx/15 min),LOW,own_history_12m,12 months,2026-10-01 00:00:00+00:00
BHV-002189,CUST-000219,account_age,157,days,MEDIUM,own_history_12m,12 months,2026-10-01 00:00:00+00:00
BHV-002190,CUST-000219,recent_activity,155,days since last tx,HIGH,own_history_12m,12 months,2026-10-01 00:00:00+00:00
BHV-002191,CUST-000220,transaction_frequency,0.2213,tx/day,HIGH,own_history_12m,12 months,2026-10-01 00:00:00+00:00
BHV-002192,CUST-000220,transaction_velocity,2,max tx in 60 min,MEDIUM,own_history_12m,12 months,2026-10-01 00:00:00+00:00
BHV-002193,CUST-000220,amount_deviation,4.542,|last30/prior90 - 1|,HIGH,own_history_12m,12 months,2026-10-01 00:00:00+00:00
BHV-002194,CUST-000220,unusual_timing,0.25,share 00-05 UTC,HIGH,own_history_12m,12 months,2026-10-01 00:00:00+00:00
BHV-002195,CUST-000220,unusual_location,0.0,share foreign-country tx,LOW,own_history_12m,12 months,2026-10-01 00:00:00+00:00
BHV-002196,CUST-000220,failed_transaction_rate,0.038,failed/all,LOW,own_history_12m,12 months,2026-10-01 00:00:00+00:00
BHV-002197,CUST-000220,spending_pattern_change,5.542,last30 avg / prior90 avg,HIGH,own_history_12m,12 months,2026-10-01 00:00:00+00:00
BHV-002198,CUST-000220,transaction_burst,0,bursts (4 tx/15 min),LOW,own_history_12m,12 months,2026-10-01 00:00:00+00:00
BHV-002199,CUST-000220,account_age,235,days,LOW,own_history_12m,12 months,2026-10-01 00:00:00+00:00
BHV-002200,CUST-000220,recent_activity,233,days since last tx,HIGH,own_history_12m,12 months,2026-10-01 00:00:00+00:00
BHV-002201,CUST-000221,transaction_frequency,0.0552,tx/day,MEDIUM,own_history_12m,12 months,2026-10-01 00:00:00+00:00
BHV-002202,CUST-000221,transaction_velocity,1,max tx in 60 min,LOW,own_history_12m,12 months,2026-10-01 00:00:00+00:00
BHV-002203,CUST-000221,amount_deviation,1.701,|last30/prior90 - 1|,HIGH,own_history_12m,12 months,2026-10-01 00:00:00+00:00
BHV-002204,CUST-000221,unusual_timing,0.0,share 00-05 UTC,LOW,own_history_12m,12 months,2026-10-01 00:00:00+00:00
BHV-002205,CUST-000221,unusual_location,0.0,share foreign-country tx,LOW,own_history_12m,12 months,2026-10-01 00:00:00+00:00
BHV-002206,CUST-000221,failed_transaction_rate,0.111,failed/all,MEDIUM,own_history_12m,12 months,2026-10-01 00:00:00+00:00
BHV-002207,CUST-000221,spending_pattern_change,2.701,last30 avg / prior90 avg,HIGH,own_history_12m,12 months,2026-10-01 00:00:00+00:00
BHV-002208,CUST-000221,transaction_burst,0,bursts (4 tx/15 min),LOW,own_history_12m,12 months,2026-10-01 00:00:00+00:00
BHV-002209,CUST-000221,account_age,163,days,MEDIUM,own_history_12m,12 months,2026-10-01 00:00:00+00:00
BHV-002210,CUST-000221,recent_activity,161,days since last tx,HIGH,own_history_12m,12 months,2026-10-01 00:00:00+00:00
BHV-002211,CUST-000222,transaction_frequency,0.1524,tx/day,HIGH,own_history_12m,12 months,2026-10-01 00:00:00+00:00
BHV-002212,CUST-000222,transaction_velocity,1,max tx in 60 min,LOW,own_history_12m,12 months,2026-10-01 00:00:00+00:00
BHV-002213,CUST-000222,amount_deviation,0.314,|last30/prior90 - 1|,MEDIUM,own_history_12m,12 months,2026-10-01 00:00:00+00:00
BHV-002214,CUST-000222,unusual_timing,0.2,share 00-05 UTC,MEDIUM,own_history_12m,12 months,2026-10-01 00:00:00+00:00
BHV-002215,CUST-000222,unusual_location,0.0,share foreign-country tx,LOW,own_history_12m,12 months,2026-10-01 00:00:00+00:00
BHV-002216,CUST-000222,failed_transaction_rate,0.28,failed/all,MEDIUM,own_history_12m,12 months,2026-10-01 00:00:00+00:00
BHV-002217,CUST-000222,spending_pattern_change,0.686,last30 avg / prior90 avg,LOW,own_history_12m,12 months,2026-10-01 00:00:00+00:00
BHV-002218,CUST-000222,transaction_burst,0,bursts (4 tx/15 min),LOW,own_history_12m,12 months,2026-10-01 00:00:00+00:00
BHV-002219,CUST-000222,account_age,164,days,MEDIUM,own_history_12m,12 months,2026-10-01 00:00:00+00:00
BHV-002220,CUST-000222,recent_activity,162,days since last tx,HIGH,own_history_12m,12 months,2026-10-01 00:00:00+00:00
BHV-002221,CUST-000223,transaction_frequency,0.0396,tx/day,MEDIUM,own_history_12m,12 months,2026-10-01 00:00:00+00:00
BHV-002222,CUST-000223,transaction_velocity,1,max tx in 60 min,LOW,own_history_12m,12 months,2026-10-01 00:00:00+00:00
BHV-002223,CUST-000223,amount_deviation,0,|last30/prior90 - 1|,LOW,own_history_12m,12 months,2026-10-01 00:00:00+00:00
BHV-002224,CUST-000223,unusual_timing,0.0,share 00-05 UTC,LOW,own_history_12m,12 months,2026-10-01 00:00:00+00:00
BHV-002225,CUST-000223,unusual_location,0.0,share foreign-country tx,LOW,own_history_12m,12 months,2026-10-01 00:00:00+00:00
BHV-002226,CUST-000223,failed_transaction_rate,0.0,failed/all,LOW,own_history_12m,12 months,2026-10-01 00:00:00+00:00
BHV-002227,CUST-000223,spending_pattern_change,,last30 avg / prior90 avg,LOW,own_history_12m,12 months,2026-10-01 00:00:00+00:00
BHV-002228,CUST-000223,transaction_burst,0,bursts (4 tx/15 min),LOW,own_history_12m,12 months,2026-10-01 00:00:00+00:00
BHV-002229,CUST-000223,account_age,101,days,MEDIUM,own_history_12m,12 months,2026-10-01 00:00:00+00:00
BHV-002230,CUST-000223,recent_activity,74,days since last tx,MEDIUM,own_history_12m,12 months,2026-10-01 00:00:00+00:00
BHV-002231,CUST-000224,transaction_frequency,0.0266,tx/day,MEDIUM,own_history_12m,12 months,2026-10-01 00:00:00+00:00
BHV-002232,CUST-000224,transaction_velocity,1,max tx in 60 min,LOW,own_history_12m,12 months,2026-10-01 00:00:00+00:00
BHV-002233,CUST-000224,amount_deviation,0,|last30/prior90 - 1|,LOW,own_history_12m,12 months,2026-10-01 00:00:00+00:00
BHV-002234,CUST-000224,unusual_timing,0.143,share 00-05 UTC,MEDIUM,own_history_12m,12 months,2026-10-01 00:00:00+00:00
BHV-002235,CUST-000224,unusual_location,0.0,share foreign-country tx,LOW,own_history_12m,12 months,2026-10-01 00:00:00+00:00
BHV-002236,CUST-000224,failed_transaction_rate,0.0,failed/all,LOW,own_history_12m,12 months,2026-10-01 00:00:00+00:00
BHV-002237,CUST-000224,spending_pattern_change,,last30 avg / prior90 avg,LOW,own_history_12m,12 months,2026-10-01 00:00:00+00:00
BHV-002238,CUST-000224,transaction_burst,0,bursts (4 tx/15 min),LOW,own_history_12m,12 months,2026-10-01 00:00:00+00:00
BHV-002239,CUST-000224,account_age,263,days,LOW,own_history_12m,12 months,2026-10-01 00:00:00+00:00
BHV-002240,CUST-000224,recent_activity,196,days since last tx,HIGH,own_history_12m,12 months,2026-10-01 00:00:00+00:00
BHV-002241,CUST-000225,transaction_frequency,0.0428,tx/day,MEDIUM,own_history_12m,12 months,2026-10-01 00:00:00+00:00
BHV-002242,CUST-000225,transaction_velocity,1,max tx in 60 min,LOW,own_history_12m,12 months,2026-10-01 00:00:00+00:00
BHV-002243,CUST-000225,amount_deviation,0.462,|last30/prior90 - 1|,MEDIUM,own_history_12m,12 months,2026-10-01 00:00:00+00:00
BHV-002244,CUST-000225,unusual_timing,0.308,share 00-05 UTC,HIGH,own_history_12m,12 months,2026-10-01 00:00:00+00:00
BHV-002245,CUST-000225,unusual_location,0.0,share foreign-country tx,LOW,own_history_12m,12 months,2026-10-01 00:00:00+00:00
BHV-002246,CUST-000225,failed_transaction_rate,0.077,failed/all,LOW,own_history_12m,12 months,2026-10-01 00:00:00+00:00
BHV-002247,CUST-000225,spending_pattern_change,0.538,last30 avg / prior90 avg,MEDIUM,own_history_12m,12 months,2026-10-01 00:00:00+00:00
BHV-002248,CUST-000225,transaction_burst,0,bursts (4 tx/15 min),LOW,own_history_12m,12 months,2026-10-01 00:00:00+00:00
BHV-002249,CUST-000225,account_age,304,days,LOW,own_history_12m,12 months,2026-10-01 00:00:00+00:00
BHV-002250,CUST-000225,recent_activity,274,days since last tx,HIGH,own_history_12m,12 months,2026-10-01 00:00:00+00:00
BHV-002251,CUST-000226,transaction_frequency,0.0505,tx/day,MEDIUM,own_history_12m,12 months,2026-10-01 00:00:00+00:00
BHV-002252,CUST-000226,transaction_velocity,1,max tx in 60 min,LOW,own_history_12m,12 months,2026-10-01 00:00:00+00:00
BHV-002253,CUST-000226,amount_deviation,1.035,|last30/prior90 - 1|,HIGH,own_history_12m,12 months,2026-10-01 00:00:00+00:00
BHV-002254,CUST-000226,unusual_timing,0.182,share 00-05 UTC,MEDIUM,own_history_12m,12 months,2026-10-01 00:00:00+00:00
BHV-002255,CUST-000226,unusual_location,0.0,share foreign-country tx,LOW,own_history_12m,12 months,2026-10-01 00:00:00+00:00
BHV-002256,CUST-000226,failed_transaction_rate,0.091,failed/all,LOW,own_history_12m,12 months,2026-10-01 00:00:00+00:00
BHV-002257,CUST-000226,spending_pattern_change,2.035,last30 avg / prior90 avg,HIGH,own_history_12m,12 months,2026-10-01 00:00:00+00:00
BHV-002258,CUST-000226,transaction_burst,0,bursts (4 tx/15 min),LOW,own_history_12m,12 months,2026-10-01 00:00:00+00:00
BHV-002259,CUST-000226,account_age,218,days,LOW,own_history_12m,12 months,2026-10-01 00:00:00+00:00
BHV-002260,CUST-000226,recent_activity,217,days since last tx,HIGH,own_history_12m,12 months,2026-10-01 00:00:00+00:00
BHV-002261,CUST-000227,transaction_frequency,0.0077,tx/day,LOW,own_history_12m,12 months,2026-10-01 00:00:00+00:00
BHV-002262,CUST-000227,transaction_velocity,1,max tx in 60 min,LOW,own_history_12m,12 months,2026-10-01 00:00:00+00:00
BHV-002263,CUST-000227,amount_deviation,0,|last30/prior90 - 1|,LOW,own_history_12m,12 months,2026-10-01 00:00:00+00:00
BHV-002264,CUST-000227,unusual_timing,0.0,share 00-05 UTC,LOW,own_history_12m,12 months,2026-10-01 00:00:00+00:00
BHV-002265,CUST-000227,unusual_location,0.0,share foreign-country tx,LOW,own_history_12m,12 months,2026-10-01 00:00:00+00:00
BHV-002266,CUST-000227,failed_transaction_rate,0.5,failed/all,HIGH,own_history_12m,12 months,2026-10-01 00:00:00+00:00
BHV-002267,CUST-000227,spending_pattern_change,,last30 avg / prior90 avg,LOW,own_history_12m,12 months,2026-10-01 00:00:00+00:00
BHV-002268,CUST-000227,transaction_burst,0,bursts (4 tx/15 min),LOW,own_history_12m,12 months,2026-10-01 00:00:00+00:00
BHV-002269,CUST-000227,account_age,260,days,LOW,own_history_12m,12 months,2026-10-01 00:00:00+00:00
BHV-002270,CUST-000227,recent_activity,219,days since last tx,HIGH,own_history_12m,12 months,2026-10-01 00:00:00+00:00
BHV-002271,CUST-000228,transaction_frequency,0.0333,tx/day,MEDIUM,own_history_12m,12 months,2026-10-01 00:00:00+00:00
BHV-002272,CUST-000228,transaction_velocity,1,max tx in 60 min,LOW,own_history_12m,12 months,2026-10-01 00:00:00+00:00
BHV-002273,CUST-000228,amount_deviation,26.26,|last30/prior90 - 1|,HIGH,own_history_12m,12 months,2026-10-01 00:00:00+00:00
BHV-002274,CUST-000228,unusual_timing,0.273,share 00-05 UTC,HIGH,own_history_12m,12 months,2026-10-01 00:00:00+00:00
BHV-002275,CUST-000228,unusual_location,0.0,share foreign-country tx,LOW,own_history_12m,12 months,2026-10-01 00:00:00+00:00
BHV-002276,CUST-000228,failed_transaction_rate,0.364,failed/all,HIGH,own_history_12m,12 months,2026-10-01 00:00:00+00:00
BHV-002277,CUST-000228,spending_pattern_change,27.26,last30 avg / prior90 avg,HIGH,own_history_12m,12 months,2026-10-01 00:00:00+00:00
BHV-002278,CUST-000228,transaction_burst,0,bursts (4 tx/15 min),LOW,own_history_12m,12 months,2026-10-01 00:00:00+00:00
BHV-002279,CUST-000228,account_age,330,days,LOW,own_history_12m,12 months,2026-10-01 00:00:00+00:00
BHV-002280,CUST-000228,recent_activity,311,days since last tx,HIGH,own_history_12m,12 months,2026-10-01 00:00:00+00:00
BHV-002281,CUST-000229,transaction_frequency,0.1319,tx/day,MEDIUM,own_history_12m,12 months,2026-10-01 00:00:00+00:00
BHV-002282,CUST-000229,transaction_velocity,1,max tx in 60 min,LOW,own_history_12m,12 months,2026-10-01 00:00:00+00:00
BHV-002283,CUST-000229,amount_deviation,1.097,|last30/prior90 - 1|,HIGH,own_history_12m,12 months,2026-10-01 00:00:00+00:00
BHV-002284,CUST-000229,unusual_timing,0.417,share 00-05 UTC,HIGH,own_history_12m,12 months,2026-10-01 00:00:00+00:00
BHV-002285,CUST-000229,unusual_location,0.0,share foreign-country tx,LOW,own_history_12m,12 months,2026-10-01 00:00:00+00:00
BHV-002286,CUST-000229,failed_transaction_rate,0.083,failed/all,LOW,own_history_12m,12 months,2026-10-01 00:00:00+00:00
BHV-002287,CUST-000229,spending_pattern_change,2.097,last30 avg / prior90 avg,HIGH,own_history_12m,12 months,2026-10-01 00:00:00+00:00
BHV-002288,CUST-000229,transaction_burst,0,bursts (4 tx/15 min),LOW,own_history_12m,12 months,2026-10-01 00:00:00+00:00
BHV-002289,CUST-000229,account_age,91,days,MEDIUM,own_history_12m,12 months,2026-10-01 00:00:00+00:00
BHV-002290,CUST-000229,recent_activity,87,days since last tx,MEDIUM,own_history_12m,12 months,2026-10-01 00:00:00+00:00
BHV-002291,CUST-000230,transaction_frequency,0.036,tx/day,MEDIUM,own_history_12m,12 months,2026-10-01 00:00:00+00:00
BHV-002292,CUST-000230,transaction_velocity,1,max tx in 60 min,LOW,own_history_12m,12 months,2026-10-01 00:00:00+00:00
BHV-002293,CUST-000230,amount_deviation,0.807,|last30/prior90 - 1|,HIGH,own_history_12m,12 months,2026-10-01 00:00:00+00:00
BHV-002294,CUST-000230,unusual_timing,0.231,share 00-05 UTC,MEDIUM,own_history_12m,12 months,2026-10-01 00:00:00+00:00
BHV-002295,CUST-000230,unusual_location,0.0,share foreign-country tx,LOW,own_history_12m,12 months,2026-10-01 00:00:00+00:00
BHV-002296,CUST-000230,failed_transaction_rate,0.077,failed/all,LOW,own_history_12m,12 months,2026-10-01 00:00:00+00:00
BHV-002297,CUST-000230,spending_pattern_change,0.193,last30 avg / prior90 avg,MEDIUM,own_history_12m,12 months,2026-10-01 00:00:00+00:00
BHV-002298,CUST-000230,transaction_burst,0,bursts (4 tx/15 min),LOW,own_history_12m,12 months,2026-10-01 00:00:00+00:00
BHV-002299,CUST-000230,account_age,361,days,LOW,own_history_12m,12 months,2026-10-01 00:00:00+00:00
BHV-002300,CUST-000230,recent_activity,305,days since last tx,HIGH,own_history_12m,12 months,2026-10-01 00:00:00+00:00
BHV-002301,CUST-000231,transaction_frequency,0.0699,tx/day,MEDIUM,own_history_12m,12 months,2026-10-01 00:00:00+00:00
BHV-002302,CUST-000231,transaction_velocity,1,max tx in 60 min,LOW,own_history_12m,12 months,2026-10-01 00:00:00+00:00
BHV-002303,CUST-000231,amount_deviation,0.359,|last30/prior90 - 1|,MEDIUM,own_history_12m,12 months,2026-10-01 00:00:00+00:00
BHV-002304,CUST-000231,unusual_timing,0.312,share 00-05 UTC,HIGH,own_history_12m,12 months,2026-10-01 00:00:00+00:00
BHV-002305,CUST-000231,unusual_location,0.0,share foreign-country tx,LOW,own_history_12m,12 months,2026-10-01 00:00:00+00:00
BHV-002306,CUST-000231,failed_transaction_rate,0.062,failed/all,LOW,own_history_12m,12 months,2026-10-01 00:00:00+00:00
BHV-002307,CUST-000231,spending_pattern_change,0.641,last30 avg / prior90 avg,LOW,own_history_12m,12 months,2026-10-01 00:00:00+00:00
BHV-002308,CUST-000231,transaction_burst,0,bursts (4 tx/15 min),LOW,own_history_12m,12 months,2026-10-01 00:00:00+00:00
BHV-002309,CUST-000231,account_age,229,days,LOW,own_history_12m,12 months,2026-10-01 00:00:00+00:00
BHV-002310,CUST-000231,recent_activity,188,days since last tx,HIGH,own_history_12m,12 months,2026-10-01 00:00:00+00:00
BHV-002311,CUST-000232,transaction_frequency,0.0346,tx/day,MEDIUM,own_history_12m,12 months,2026-10-01 00:00:00+00:00
BHV-002312,CUST-000232,transaction_velocity,1,max tx in 60 min,LOW,own_history_12m,12 months,2026-10-01 00:00:00+00:00
BHV-002313,CUST-000232,amount_deviation,3.775,|last30/prior90 - 1|,HIGH,own_history_12m,12 months,2026-10-01 00:00:00+00:00
BHV-002314,CUST-000232,unusual_timing,0.4,share 00-05 UTC,HIGH,own_history_12m,12 months,2026-10-01 00:00:00+00:00
BHV-002315,CUST-000232,unusual_location,0.0,share foreign-country tx,LOW,own_history_12m,12 months,2026-10-01 00:00:00+00:00
BHV-002316,CUST-000232,failed_transaction_rate,0.2,failed/all,MEDIUM,own_history_12m,12 months,2026-10-01 00:00:00+00:00
BHV-002317,CUST-000232,spending_pattern_change,4.775,last30 avg / prior90 avg,HIGH,own_history_12m,12 months,2026-10-01 00:00:00+00:00
BHV-002318,CUST-000232,transaction_burst,0,bursts (4 tx/15 min),LOW,own_history_12m,12 months,2026-10-01 00:00:00+00:00
BHV-002319,CUST-000232,account_age,289,days,LOW,own_history_12m,12 months,2026-10-01 00:00:00+00:00
BHV-002320,CUST-000232,recent_activity,204,days since last tx,HIGH,own_history_12m,12 months,2026-10-01 00:00:00+00:00
BHV-002321,CUST-000233,transaction_frequency,0.1656,tx/day,HIGH,own_history_12m,12 months,2026-10-01 00:00:00+00:00
BHV-002322,CUST-000233,transaction_velocity,1,max tx in 60 min,LOW,own_history_12m,12 months,2026-10-01 00:00:00+00:00
BHV-002323,CUST-000233,amount_deviation,0.208,|last30/prior90 - 1|,LOW,own_history_12m,12 months,2026-10-01 00:00:00+00:00
BHV-002324,CUST-000233,unusual_timing,0.288,share 00-05 UTC,HIGH,own_history_12m,12 months,2026-10-01 00:00:00+00:00
BHV-002325,CUST-000233,unusual_location,0.0,share foreign-country tx,LOW,own_history_12m,12 months,2026-10-01 00:00:00+00:00
BHV-002326,CUST-000233,failed_transaction_rate,0.058,failed/all,LOW,own_history_12m,12 months,2026-10-01 00:00:00+00:00
BHV-002327,CUST-000233,spending_pattern_change,1.208,last30 avg / prior90 avg,LOW,own_history_12m,12 months,2026-10-01 00:00:00+00:00
BHV-002328,CUST-000233,transaction_burst,0,bursts (4 tx/15 min),LOW,own_history_12m,12 months,2026-10-01 00:00:00+00:00
BHV-002329,CUST-000233,account_age,314,days,LOW,own_history_12m,12 months,2026-10-01 00:00:00+00:00
BHV-002330,CUST-000233,recent_activity,312,days since last tx,HIGH,own_history_12m,12 months,2026-10-01 00:00:00+00:00
BHV-002331,CUST-000234,transaction_frequency,0.0598,tx/day,MEDIUM,own_history_12m,12 months,2026-10-01 00:00:00+00:00
BHV-002332,CUST-000234,transaction_velocity,1,max tx in 60 min,LOW,own_history_12m,12 months,2026-10-01 00:00:00+00:00
BHV-002333,CUST-000234,amount_deviation,0.534,|last30/prior90 - 1|,MEDIUM,own_history_12m,12 months,2026-10-01 00:00:00+00:00
BHV-002334,CUST-000234,unusual_timing,0.111,share 00-05 UTC,MEDIUM,own_history_12m,12 months,2026-10-01 00:00:00+00:00
BHV-002335,CUST-000234,unusual_location,0.0,share foreign-country tx,LOW,own_history_12m,12 months,2026-10-01 00:00:00+00:00
BHV-002336,CUST-000234,failed_transaction_rate,0.222,failed/all,MEDIUM,own_history_12m,12 months,2026-10-01 00:00:00+00:00
BHV-002337,CUST-000234,spending_pattern_change,0.466,last30 avg / prior90 avg,MEDIUM,own_history_12m,12 months,2026-10-01 00:00:00+00:00
BHV-002338,CUST-000234,transaction_burst,0,bursts (4 tx/15 min),LOW,own_history_12m,12 months,2026-10-01 00:00:00+00:00
BHV-002339,CUST-000234,account_age,301,days,LOW,own_history_12m,12 months,2026-10-01 00:00:00+00:00
BHV-002340,CUST-000234,recent_activity,263,days since last tx,HIGH,own_history_12m,12 months,2026-10-01 00:00:00+00:00
BHV-002341,CUST-000235,transaction_frequency,0.0979,tx/day,MEDIUM,own_history_12m,12 months,2026-10-01 00:00:00+00:00
BHV-002342,CUST-000235,transaction_velocity,1,max tx in 60 min,LOW,own_history_12m,12 months,2026-10-01 00:00:00+00:00
BHV-002343,CUST-000235,amount_deviation,0.404,|last30/prior90 - 1|,MEDIUM,own_history_12m,12 months,2026-10-01 00:00:00+00:00
BHV-002344,CUST-000235,unusual_timing,0.217,share 00-05 UTC,MEDIUM,own_history_12m,12 months,2026-10-01 00:00:00+00:00
BHV-002345,CUST-000235,unusual_location,0.0,share foreign-country tx,LOW,own_history_12m,12 months,2026-10-01 00:00:00+00:00
BHV-002346,CUST-000235,failed_transaction_rate,0.217,failed/all,MEDIUM,own_history_12m,12 months,2026-10-01 00:00:00+00:00
BHV-002347,CUST-000235,spending_pattern_change,0.596,last30 avg / prior90 avg,MEDIUM,own_history_12m,12 months,2026-10-01 00:00:00+00:00
BHV-002348,CUST-000235,transaction_burst,0,bursts (4 tx/15 min),LOW,own_history_12m,12 months,2026-10-01 00:00:00+00:00
BHV-002349,CUST-000235,account_age,235,days,LOW,own_history_12m,12 months,2026-10-01 00:00:00+00:00
BHV-002350,CUST-000235,recent_activity,227,days since last tx,HIGH,own_history_12m,12 months,2026-10-01 00:00:00+00:00
BHV-002351,CUST-000236,transaction_frequency,0.0939,tx/day,MEDIUM,own_history_12m,12 months,2026-10-01 00:00:00+00:00
BHV-002352,CUST-000236,transaction_velocity,1,max tx in 60 min,LOW,own_history_12m,12 months,2026-10-01 00:00:00+00:00
BHV-002353,CUST-000236,amount_deviation,0.67,|last30/prior90 - 1|,MEDIUM,own_history_12m,12 months,2026-10-01 00:00:00+00:00
BHV-002354,CUST-000236,unusual_timing,0.269,share 00-05 UTC,HIGH,own_history_12m,12 months,2026-10-01 00:00:00+00:00
BHV-002355,CUST-000236,unusual_location,0.0,share foreign-country tx,LOW,own_history_12m,12 months,2026-10-01 00:00:00+00:00
BHV-002356,CUST-000236,failed_transaction_rate,0.115,failed/all,MEDIUM,own_history_12m,12 months,2026-10-01 00:00:00+00:00
BHV-002357,CUST-000236,spending_pattern_change,0.33,last30 avg / prior90 avg,MEDIUM,own_history_12m,12 months,2026-10-01 00:00:00+00:00
BHV-002358,CUST-000236,transaction_burst,0,bursts (4 tx/15 min),LOW,own_history_12m,12 months,2026-10-01 00:00:00+00:00
BHV-002359,CUST-000236,account_age,277,days,LOW,own_history_12m,12 months,2026-10-01 00:00:00+00:00
BHV-002360,CUST-000236,recent_activity,271,days since last tx,HIGH,own_history_12m,12 months,2026-10-01 00:00:00+00:00
BHV-002361,CUST-000237,transaction_frequency,0.0968,tx/day,MEDIUM,own_history_12m,12 months,2026-10-01 00:00:00+00:00
BHV-002362,CUST-000237,transaction_velocity,1,max tx in 60 min,LOW,own_history_12m,12 months,2026-10-01 00:00:00+00:00
BHV-002363,CUST-000237,amount_deviation,0.206,|last30/prior90 - 1|,LOW,own_history_12m,12 months,2026-10-01 00:00:00+00:00
BHV-002364,CUST-000237,unusual_timing,0.333,share 00-05 UTC,HIGH,own_history_12m,12 months,2026-10-01 00:00:00+00:00
BHV-002365,CUST-000237,unusual_location,0.0,share foreign-country tx,LOW,own_history_12m,12 months,2026-10-01 00:00:00+00:00
BHV-002366,CUST-000237,failed_transaction_rate,0.0,failed/all,LOW,own_history_12m,12 months,2026-10-01 00:00:00+00:00
BHV-002367,CUST-000237,spending_pattern_change,0.794,last30 avg / prior90 avg,LOW,own_history_12m,12 months,2026-10-01 00:00:00+00:00
BHV-002368,CUST-000237,transaction_burst,0,bursts (4 tx/15 min),LOW,own_history_12m,12 months,2026-10-01 00:00:00+00:00
BHV-002369,CUST-000237,account_age,93,days,MEDIUM,own_history_12m,12 months,2026-10-01 00:00:00+00:00
BHV-002370,CUST-000237,recent_activity,84,days since last tx,MEDIUM,own_history_12m,12 months,2026-10-01 00:00:00+00:00
BHV-002371,CUST-000238,transaction_frequency,0.0651,tx/day,MEDIUM,own_history_12m,12 months,2026-10-01 00:00:00+00:00
BHV-002372,CUST-000238,transaction_velocity,1,max tx in 60 min,LOW,own_history_12m,12 months,2026-10-01 00:00:00+00:00
BHV-002373,CUST-000238,amount_deviation,0.177,|last30/prior90 - 1|,LOW,own_history_12m,12 months,2026-10-01 00:00:00+00:00
BHV-002374,CUST-000238,unusual_timing,0.071,share 00-05 UTC,MEDIUM,own_history_12m,12 months,2026-10-01 00:00:00+00:00
BHV-002375,CUST-000238,unusual_location,0.0,share foreign-country tx,LOW,own_history_12m,12 months,2026-10-01 00:00:00+00:00
BHV-002376,CUST-000238,failed_transaction_rate,0.0,failed/all,LOW,own_history_12m,12 months,2026-10-01 00:00:00+00:00
BHV-002377,CUST-000238,spending_pattern_change,1.177,last30 avg / prior90 avg,LOW,own_history_12m,12 months,2026-10-01 00:00:00+00:00
BHV-002378,CUST-000238,transaction_burst,0,bursts (4 tx/15 min),LOW,own_history_12m,12 months,2026-10-01 00:00:00+00:00
BHV-002379,CUST-000238,account_age,215,days,LOW,own_history_12m,12 months,2026-10-01 00:00:00+00:00
BHV-002380,CUST-000238,recent_activity,199,days since last tx,HIGH,own_history_12m,12 months,2026-10-01 00:00:00+00:00
BHV-002381,CUST-000239,transaction_frequency,0.0322,tx/day,MEDIUM,own_history_12m,12 months,2026-10-01 00:00:00+00:00
BHV-002382,CUST-000239,transaction_velocity,1,max tx in 60 min,LOW,own_history_12m,12 months,2026-10-01 00:00:00+00:00
BHV-002383,CUST-000239,amount_deviation,0.19,|last30/prior90 - 1|,LOW,own_history_12m,12 months,2026-10-01 00:00:00+00:00
BHV-002384,CUST-000239,unusual_timing,0.364,share 00-05 UTC,HIGH,own_history_12m,12 months,2026-10-01 00:00:00+00:00
BHV-002385,CUST-000239,unusual_location,0.0,share foreign-country tx,LOW,own_history_12m,12 months,2026-10-01 00:00:00+00:00
BHV-002386,CUST-000239,failed_transaction_rate,0.091,failed/all,LOW,own_history_12m,12 months,2026-10-01 00:00:00+00:00
BHV-002387,CUST-000239,spending_pattern_change,0.81,last30 avg / prior90 avg,LOW,own_history_12m,12 months,2026-10-01 00:00:00+00:00
BHV-002388,CUST-000239,transaction_burst,0,bursts (4 tx/15 min),LOW,own_history_12m,12 months,2026-10-01 00:00:00+00:00
BHV-002389,CUST-000239,account_age,342,days,LOW,own_history_12m,12 months,2026-10-01 00:00:00+00:00
BHV-002390,CUST-000239,recent_activity,333,days since last tx,HIGH,own_history_12m,12 months,2026-10-01 00:00:00+00:00
BHV-002391,CUST-000240,transaction_frequency,0.2476,tx/day,HIGH,own_history_12m,12 months,2026-10-01 00:00:00+00:00
BHV-002392,CUST-000240,transaction_velocity,2,max tx in 60 min,MEDIUM,own_history_12m,12 months,2026-10-01 00:00:00+00:00
BHV-002393,CUST-000240,amount_deviation,0.093,|last30/prior90 - 1|,LOW,own_history_12m,12 months,2026-10-01 00:00:00+00:00
BHV-002394,CUST-000240,unusual_timing,0.192,share 00-05 UTC,MEDIUM,own_history_12m,12 months,2026-10-01 00:00:00+00:00
BHV-002395,CUST-000240,unusual_location,0.0,share foreign-country tx,LOW,own_history_12m,12 months,2026-10-01 00:00:00+00:00
BHV-002396,CUST-000240,failed_transaction_rate,0.038,failed/all,LOW,own_history_12m,12 months,2026-10-01 00:00:00+00:00
BHV-002397,CUST-000240,spending_pattern_change,0.907,last30 avg / prior90 avg,LOW,own_history_12m,12 months,2026-10-01 00:00:00+00:00
BHV-002398,CUST-000240,transaction_burst,0,bursts (4 tx/15 min),LOW,own_history_12m,12 months,2026-10-01 00:00:00+00:00
BHV-002399,CUST-000240,account_age,105,days,MEDIUM,own_history_12m,12 months,2026-10-01 00:00:00+00:00
BHV-002400,CUST-000240,recent_activity,103,days since last tx,HIGH,own_history_12m,12 months,2026-10-01 00:00:00+00:00
BHV-002401,CUST-000241,transaction_frequency,0.0864,tx/day,MEDIUM,own_history_12m,12 months,2026-10-01 00:00:00+00:00
BHV-002402,CUST-000241,transaction_velocity,1,max tx in 60 min,LOW,own_history_12m,12 months,2026-10-01 00:00:00+00:00
BHV-002403,CUST-000241,amount_deviation,0,|last30/prior90 - 1|,LOW,own_history_12m,12 months,2026-10-01 00:00:00+00:00
BHV-002404,CUST-000241,unusual_timing,0.316,share 00-05 UTC,HIGH,own_history_12m,12 months,2026-10-01 00:00:00+00:00
BHV-002405,CUST-000241,unusual_location,0.0,share foreign-country tx,LOW,own_history_12m,12 months,2026-10-01 00:00:00+00:00
BHV-002406,CUST-000241,failed_transaction_rate,0.526,failed/all,HIGH,own_history_12m,12 months,2026-10-01 00:00:00+00:00
BHV-002407,CUST-000241,spending_pattern_change,,last30 avg / prior90 avg,LOW,own_history_12m,12 months,2026-10-01 00:00:00+00:00
BHV-002408,CUST-000241,transaction_burst,0,bursts (4 tx/15 min),LOW,own_history_12m,12 months,2026-10-01 00:00:00+00:00
BHV-002409,CUST-000241,account_age,220,days,LOW,own_history_12m,12 months,2026-10-01 00:00:00+00:00
BHV-002410,CUST-000241,recent_activity,180,days since last tx,HIGH,own_history_12m,12 months,2026-10-01 00:00:00+00:00
BHV-002411,CUST-000242,transaction_frequency,0.375,tx/day,HIGH,own_history_12m,12 months,2026-10-01 00:00:00+00:00
BHV-002412,CUST-000242,transaction_velocity,1,max tx in 60 min,LOW,own_history_12m,12 months,2026-10-01 00:00:00+00:00
BHV-002413,CUST-000242,amount_deviation,0.284,|last30/prior90 - 1|,LOW,own_history_12m,12 months,2026-10-01 00:00:00+00:00
BHV-002414,CUST-000242,unusual_timing,0.25,share 00-05 UTC,HIGH,own_history_12m,12 months,2026-10-01 00:00:00+00:00
BHV-002415,CUST-000242,unusual_location,0.0,share foreign-country tx,LOW,own_history_12m,12 months,2026-10-01 00:00:00+00:00
BHV-002416,CUST-000242,failed_transaction_rate,0.583,failed/all,HIGH,own_history_12m,12 months,2026-10-01 00:00:00+00:00
BHV-002417,CUST-000242,spending_pattern_change,1.284,last30 avg / prior90 avg,LOW,own_history_12m,12 months,2026-10-01 00:00:00+00:00
BHV-002418,CUST-000242,transaction_burst,0,bursts (4 tx/15 min),LOW,own_history_12m,12 months,2026-10-01 00:00:00+00:00
BHV-002419,CUST-000242,account_age,64,days,MEDIUM,own_history_12m,12 months,2026-10-01 00:00:00+00:00
BHV-002420,CUST-000242,recent_activity,62,days since last tx,MEDIUM,own_history_12m,12 months,2026-10-01 00:00:00+00:00
BHV-002421,CUST-000243,transaction_frequency,0.2344,tx/day,HIGH,own_history_12m,12 months,2026-10-01 00:00:00+00:00
BHV-002422,CUST-000243,transaction_velocity,1,max tx in 60 min,LOW,own_history_12m,12 months,2026-10-01 00:00:00+00:00
BHV-002423,CUST-000243,amount_deviation,1.646,|last30/prior90 - 1|,HIGH,own_history_12m,12 months,2026-10-01 00:00:00+00:00
BHV-002424,CUST-000243,unusual_timing,0.467,share 00-05 UTC,HIGH,own_history_12m,12 months,2026-10-01 00:00:00+00:00
BHV-002425,CUST-000243,unusual_location,0.0,share foreign-country tx,LOW,own_history_12m,12 months,2026-10-01 00:00:00+00:00
BHV-002426,CUST-000243,failed_transaction_rate,0.067,failed/all,LOW,own_history_12m,12 months,2026-10-01 00:00:00+00:00
BHV-002427,CUST-000243,spending_pattern_change,2.646,last30 avg / prior90 avg,HIGH,own_history_12m,12 months,2026-10-01 00:00:00+00:00
BHV-002428,CUST-000243,transaction_burst,0,bursts (4 tx/15 min),LOW,own_history_12m,12 months,2026-10-01 00:00:00+00:00
BHV-002429,CUST-000243,account_age,64,days,MEDIUM,own_history_12m,12 months,2026-10-01 00:00:00+00:00
BHV-002430,CUST-000243,recent_activity,59,days since last tx,MEDIUM,own_history_12m,12 months,2026-10-01 00:00:00+00:00
BHV-002431,CUST-000244,transaction_frequency,0.0409,tx/day,MEDIUM,own_history_12m,12 months,2026-10-01 00:00:00+00:00
BHV-002432,CUST-000244,transaction_velocity,1,max tx in 60 min,LOW,own_history_12m,12 months,2026-10-01 00:00:00+00:00
BHV-002433,CUST-000244,amount_deviation,0.912,|last30/prior90 - 1|,HIGH,own_history_12m,12 months,2026-10-01 00:00:00+00:00
BHV-002434,CUST-000244,unusual_timing,0.231,share 00-05 UTC,MEDIUM,own_history_12m,12 months,2026-10-01 00:00:00+00:00
BHV-002435,CUST-000244,unusual_location,0.0,share foreign-country tx,LOW,own_history_12m,12 months,2026-10-01 00:00:00+00:00
BHV-002436,CUST-000244,failed_transaction_rate,0.154,failed/all,MEDIUM,own_history_12m,12 months,2026-10-01 00:00:00+00:00
BHV-002437,CUST-000244,spending_pattern_change,0.088,last30 avg / prior90 avg,MEDIUM,own_history_12m,12 months,2026-10-01 00:00:00+00:00
BHV-002438,CUST-000244,transaction_burst,0,bursts (4 tx/15 min),LOW,own_history_12m,12 months,2026-10-01 00:00:00+00:00
BHV-002439,CUST-000244,account_age,318,days,LOW,own_history_12m,12 months,2026-10-01 00:00:00+00:00
BHV-002440,CUST-000244,recent_activity,280,days since last tx,HIGH,own_history_12m,12 months,2026-10-01 00:00:00+00:00
BHV-002441,CUST-000245,transaction_frequency,0.0498,tx/day,MEDIUM,own_history_12m,12 months,2026-10-01 00:00:00+00:00
BHV-002442,CUST-000245,transaction_velocity,1,max tx in 60 min,LOW,own_history_12m,12 months,2026-10-01 00:00:00+00:00
BHV-002443,CUST-000245,amount_deviation,0.0,|last30/prior90 - 1|,LOW,own_history_12m,12 months,2026-10-01 00:00:00+00:00
BHV-002444,CUST-000245,unusual_timing,0.2,share 00-05 UTC,MEDIUM,own_history_12m,12 months,2026-10-01 00:00:00+00:00
BHV-002445,CUST-000245,unusual_location,0.0,share foreign-country tx,LOW,own_history_12m,12 months,2026-10-01 00:00:00+00:00
BHV-002446,CUST-000245,failed_transaction_rate,0.1,failed/all,MEDIUM,own_history_12m,12 months,2026-10-01 00:00:00+00:00
BHV-002447,CUST-000245,spending_pattern_change,1.0,last30 avg / prior90 avg,LOW,own_history_12m,12 months,2026-10-01 00:00:00+00:00
BHV-002448,CUST-000245,transaction_burst,0,bursts (4 tx/15 min),LOW,own_history_12m,12 months,2026-10-01 00:00:00+00:00
BHV-002449,CUST-000245,account_age,201,days,LOW,own_history_12m,12 months,2026-10-01 00:00:00+00:00
BHV-002450,CUST-000245,recent_activity,198,days since last tx,HIGH,own_history_12m,12 months,2026-10-01 00:00:00+00:00
BHV-002451,CUST-000246,transaction_frequency,0.0788,tx/day,MEDIUM,own_history_12m,12 months,2026-10-01 00:00:00+00:00
BHV-002452,CUST-000246,transaction_velocity,1,max tx in 60 min,LOW,own_history_12m,12 months,2026-10-01 00:00:00+00:00
BHV-002453,CUST-000246,amount_deviation,0.194,|last30/prior90 - 1|,LOW,own_history_12m,12 months,2026-10-01 00:00:00+00:00
BHV-002454,CUST-000246,unusual_timing,0.312,share 00-05 UTC,HIGH,own_history_12m,12 months,2026-10-01 00:00:00+00:00
BHV-002455,CUST-000246,unusual_location,0.0,share foreign-country tx,LOW,own_history_12m,12 months,2026-10-01 00:00:00+00:00
BHV-002456,CUST-000246,failed_transaction_rate,0.312,failed/all,HIGH,own_history_12m,12 months,2026-10-01 00:00:00+00:00
BHV-002457,CUST-000246,spending_pattern_change,0.806,last30 avg / prior90 avg,LOW,own_history_12m,12 months,2026-10-01 00:00:00+00:00
BHV-002458,CUST-000246,transaction_burst,0,bursts (4 tx/15 min),LOW,own_history_12m,12 months,2026-10-01 00:00:00+00:00
BHV-002459,CUST-000246,account_age,203,days,LOW,own_history_12m,12 months,2026-10-01 00:00:00+00:00
BHV-002460,CUST-000246,recent_activity,199,days since last tx,HIGH,own_history_12m,12 months,2026-10-01 00:00:00+00:00
BHV-002461,CUST-000247,transaction_frequency,0.0115,tx/day,LOW,own_history_12m,12 months,2026-10-01 00:00:00+00:00
BHV-002462,CUST-000247,transaction_velocity,1,max tx in 60 min,LOW,own_history_12m,12 months,2026-10-01 00:00:00+00:00
BHV-002463,CUST-000247,amount_deviation,0,|last30/prior90 - 1|,LOW,own_history_12m,12 months,2026-10-01 00:00:00+00:00
BHV-002464,CUST-000247,unusual_timing,0.667,share 00-05 UTC,HIGH,own_history_12m,12 months,2026-10-01 00:00:00+00:00
BHV-002465,CUST-000247,unusual_location,0.0,share foreign-country tx,LOW,own_history_12m,12 months,2026-10-01 00:00:00+00:00
BHV-002466,CUST-000247,failed_transaction_rate,0.0,failed/all,LOW,own_history_12m,12 months,2026-10-01 00:00:00+00:00
BHV-002467,CUST-000247,spending_pattern_change,,last30 avg / prior90 avg,LOW,own_history_12m,12 months,2026-10-01 00:00:00+00:00
BHV-002468,CUST-000247,transaction_burst,0,bursts (4 tx/15 min),LOW,own_history_12m,12 months,2026-10-01 00:00:00+00:00
BHV-002469,CUST-000247,account_age,262,days,LOW,own_history_12m,12 months,2026-10-01 00:00:00+00:00
BHV-002470,CUST-000247,recent_activity,252,days since last tx,HIGH,own_history_12m,12 months,2026-10-01 00:00:00+00:00
BHV-002471,CUST-000248,transaction_frequency,0.1564,tx/day,HIGH,own_history_12m,12 months,2026-10-01 00:00:00+00:00
BHV-002472,CUST-000248,transaction_velocity,1,max tx in 60 min,LOW,own_history_12m,12 months,2026-10-01 00:00:00+00:00
BHV-002473,CUST-000248,amount_deviation,0.242,|last30/prior90 - 1|,LOW,own_history_12m,12 months,2026-10-01 00:00:00+00:00
BHV-002474,CUST-000248,unusual_timing,0.107,share 00-05 UTC,MEDIUM,own_history_12m,12 months,2026-10-01 00:00:00+00:00
BHV-002475,CUST-000248,unusual_location,0.0,share foreign-country tx,LOW,own_history_12m,12 months,2026-10-01 00:00:00+00:00
BHV-002476,CUST-000248,failed_transaction_rate,0.107,failed/all,MEDIUM,own_history_12m,12 months,2026-10-01 00:00:00+00:00
BHV-002477,CUST-000248,spending_pattern_change,1.242,last30 avg / prior90 avg,LOW,own_history_12m,12 months,2026-10-01 00:00:00+00:00
BHV-002478,CUST-000248,transaction_burst,0,bursts (4 tx/15 min),LOW,own_history_12m,12 months,2026-10-01 00:00:00+00:00
BHV-002479,CUST-000248,account_age,179,days,MEDIUM,own_history_12m,12 months,2026-10-01 00:00:00+00:00
BHV-002480,CUST-000248,recent_activity,176,days since last tx,HIGH,own_history_12m,12 months,2026-10-01 00:00:00+00:00
BHV-002481,CUST-000249,transaction_frequency,0.208,tx/day,HIGH,own_history_12m,12 months,2026-10-01 00:00:00+00:00
BHV-002482,CUST-000249,transaction_velocity,2,max tx in 60 min,MEDIUM,own_history_12m,12 months,2026-10-01 00:00:00+00:00
BHV-002483,CUST-000249,amount_deviation,0.422,|last30/prior90 - 1|,MEDIUM,own_history_12m,12 months,2026-10-01 00:00:00+00:00
BHV-002484,CUST-000249,unusual_timing,0.269,share 00-05 UTC,HIGH,own_history_12m,12 months,2026-10-01 00:00:00+00:00
BHV-002485,CUST-000249,unusual_location,0.0,share foreign-country tx,LOW,own_history_12m,12 months,2026-10-01 00:00:00+00:00
BHV-002486,CUST-000249,failed_transaction_rate,0.0,failed/all,LOW,own_history_12m,12 months,2026-10-01 00:00:00+00:00
BHV-002487,CUST-000249,spending_pattern_change,0.578,last30 avg / prior90 avg,MEDIUM,own_history_12m,12 months,2026-10-01 00:00:00+00:00
BHV-002488,CUST-000249,transaction_burst,0,bursts (4 tx/15 min),LOW,own_history_12m,12 months,2026-10-01 00:00:00+00:00
BHV-002489,CUST-000249,account_age,125,days,MEDIUM,own_history_12m,12 months,2026-10-01 00:00:00+00:00
BHV-002490,CUST-000249,recent_activity,118,days since last tx,HIGH,own_history_12m,12 months,2026-10-01 00:00:00+00:00
BHV-002491,CUST-000250,transaction_frequency,0.0451,tx/day,MEDIUM,own_history_12m,12 months,2026-10-01 00:00:00+00:00
BHV-002492,CUST-000250,transaction_velocity,1,max tx in 60 min,LOW,own_history_12m,12 months,2026-10-01 00:00:00+00:00
BHV-002493,CUST-000250,amount_deviation,0,|last30/prior90 - 1|,LOW,own_history_12m,12 months,2026-10-01 00:00:00+00:00
BHV-002494,CUST-000250,unusual_timing,0.25,share 00-05 UTC,HIGH,own_history_12m,12 months,2026-10-01 00:00:00+00:00
BHV-002495,CUST-000250,unusual_location,0.0,share foreign-country tx,LOW,own_history_12m,12 months,2026-10-01 00:00:00+00:00
BHV-002496,CUST-000250,failed_transaction_rate,0.25,failed/all,MEDIUM,own_history_12m,12 months,2026-10-01 00:00:00+00:00
BHV-002497,CUST-000250,spending_pattern_change,,last30 avg / prior90 avg,LOW,own_history_12m,12 months,2026-10-01 00:00:00+00:00
BHV-002498,CUST-000250,transaction_burst,0,bursts (4 tx/15 min),LOW,own_history_12m,12 months,2026-10-01 00:00:00+00:00
BHV-002499,CUST-000250,account_age,266,days,LOW,own_history_12m,12 months,2026-10-01 00:00:00+00:00
BHV-002500,CUST-000250,recent_activity,256,days since last tx,HIGH,own_history_12m,12 months,2026-10-01 00:00:00+00:00
BHV-002501,CUST-000251,transaction_frequency,0.4268,tx/day,HIGH,own_history_12m,12 months,2026-10-01 00:00:00+00:00
BHV-002502,CUST-000251,transaction_velocity,1,max tx in 60 min,LOW,own_history_12m,12 months,2026-10-01 00:00:00+00:00
BHV-002503,CUST-000251,amount_deviation,0.473,|last30/prior90 - 1|,MEDIUM,own_history_12m,12 months,2026-10-01 00:00:00+00:00
BHV-002504,CUST-000251,unusual_timing,0.257,share 00-05 UTC,HIGH,own_history_12m,12 months,2026-10-01 00:00:00+00:00
BHV-002505,CUST-000251,unusual_location,0.0,share foreign-country tx,LOW,own_history_12m,12 months,2026-10-01 00:00:00+00:00
BHV-002506,CUST-000251,failed_transaction_rate,0.057,failed/all,LOW,own_history_12m,12 months,2026-10-01 00:00:00+00:00
BHV-002507,CUST-000251,spending_pattern_change,0.527,last30 avg / prior90 avg,MEDIUM,own_history_12m,12 months,2026-10-01 00:00:00+00:00
BHV-002508,CUST-000251,transaction_burst,0,bursts (4 tx/15 min),LOW,own_history_12m,12 months,2026-10-01 00:00:00+00:00
BHV-002509,CUST-000251,account_age,82,days,MEDIUM,own_history_12m,12 months,2026-10-01 00:00:00+00:00
BHV-002510,CUST-000251,recent_activity,89,days since last tx,MEDIUM,own_history_12m,12 months,2026-10-01 00:00:00+00:00
BHV-002511,CUST-000252,transaction_frequency,0.0445,tx/day,MEDIUM,own_history_12m,12 months,2026-10-01 00:00:00+00:00
BHV-002512,CUST-000252,transaction_velocity,1,max tx in 60 min,LOW,own_history_12m,12 months,2026-10-01 00:00:00+00:00
BHV-002513,CUST-000252,amount_deviation,0,|last30/prior90 - 1|,LOW,own_history_12m,12 months,2026-10-01 00:00:00+00:00
BHV-002514,CUST-000252,unusual_timing,0.364,share 00-05 UTC,HIGH,own_history_12m,12 months,2026-10-01 00:00:00+00:00
BHV-002515,CUST-000252,unusual_location,0.0,share foreign-country tx,LOW,own_history_12m,12 months,2026-10-01 00:00:00+00:00
BHV-002516,CUST-000252,failed_transaction_rate,0.182,failed/all,MEDIUM,own_history_12m,12 months,2026-10-01 00:00:00+00:00
BHV-002517,CUST-000252,spending_pattern_change,,last30 avg / prior90 avg,LOW,own_history_12m,12 months,2026-10-01 00:00:00+00:00
BHV-002518,CUST-000252,transaction_burst,0,bursts (4 tx/15 min),LOW,own_history_12m,12 months,2026-10-01 00:00:00+00:00
BHV-002519,CUST-000252,account_age,247,days,LOW,own_history_12m,12 months,2026-10-01 00:00:00+00:00
BHV-002520,CUST-000252,recent_activity,226,days since last tx,HIGH,own_history_12m,12 months,2026-10-01 00:00:00+00:00
BHV-002521,CUST-000253,transaction_frequency,0.0363,tx/day,MEDIUM,own_history_12m,12 months,2026-10-01 00:00:00+00:00
BHV-002522,CUST-000253,transaction_velocity,1,max tx in 60 min,LOW,own_history_12m,12 months,2026-10-01 00:00:00+00:00
BHV-002523,CUST-000253,amount_deviation,0,|last30/prior90 - 1|,LOW,own_history_12m,12 months,2026-10-01 00:00:00+00:00
BHV-002524,CUST-000253,unusual_timing,0.385,share 00-05 UTC,HIGH,own_history_12m,12 months,2026-10-01 00:00:00+00:00
BHV-002525,CUST-000253,unusual_location,0.0,share foreign-country tx,LOW,own_history_12m,12 months,2026-10-01 00:00:00+00:00
BHV-002526,CUST-000253,failed_transaction_rate,0.154,failed/all,MEDIUM,own_history_12m,12 months,2026-10-01 00:00:00+00:00
BHV-002527,CUST-000253,spending_pattern_change,,last30 avg / prior90 avg,LOW,own_history_12m,12 months,2026-10-01 00:00:00+00:00
BHV-002528,CUST-000253,transaction_burst,0,bursts (4 tx/15 min),LOW,own_history_12m,12 months,2026-10-01 00:00:00+00:00
BHV-002529,CUST-000253,account_age,358,days,LOW,own_history_12m,12 months,2026-10-01 00:00:00+00:00
BHV-002530,CUST-000253,recent_activity,329,days since last tx,HIGH,own_history_12m,12 months,2026-10-01 00:00:00+00:00
BHV-002531,CUST-000254,transaction_frequency,0.0122,tx/day,LOW,own_history_12m,12 months,2026-10-01 00:00:00+00:00
BHV-002532,CUST-000254,transaction_velocity,1,max tx in 60 min,LOW,own_history_12m,12 months,2026-10-01 00:00:00+00:00
BHV-002533,CUST-000254,amount_deviation,0.619,|last30/prior90 - 1|,MEDIUM,own_history_12m,12 months,2026-10-01 00:00:00+00:00
BHV-002534,CUST-000254,unusual_timing,0.0,share 00-05 UTC,LOW,own_history_12m,12 months,2026-10-01 00:00:00+00:00
BHV-002535,CUST-000254,unusual_location,0.0,share foreign-country tx,LOW,own_history_12m,12 months,2026-10-01 00:00:00+00:00
BHV-002536,CUST-000254,failed_transaction_rate,0.5,failed/all,HIGH,own_history_12m,12 months,2026-10-01 00:00:00+00:00
BHV-002537,CUST-000254,spending_pattern_change,1.619,last30 avg / prior90 avg,MEDIUM,own_history_12m,12 months,2026-10-01 00:00:00+00:00
BHV-002538,CUST-000254,transaction_burst,0,bursts (4 tx/15 min),LOW,own_history_12m,12 months,2026-10-01 00:00:00+00:00
BHV-002539,CUST-000254,account_age,164,days,MEDIUM,own_history_12m,12 months,2026-10-01 00:00:00+00:00
BHV-002540,CUST-000254,recent_activity,33,days since last tx,MEDIUM,own_history_12m,12 months,2026-10-01 00:00:00+00:00
BHV-002541,CUST-000255,transaction_frequency,0.0758,tx/day,MEDIUM,own_history_12m,12 months,2026-10-01 00:00:00+00:00
BHV-002542,CUST-000255,transaction_velocity,1,max tx in 60 min,LOW,own_history_12m,12 months,2026-10-01 00:00:00+00:00
BHV-002543,CUST-000255,amount_deviation,1.766,|last30/prior90 - 1|,HIGH,own_history_12m,12 months,2026-10-01 00:00:00+00:00
BHV-002544,CUST-000255,unusual_timing,0.267,share 00-05 UTC,HIGH,own_history_12m,12 months,2026-10-01 00:00:00+00:00
BHV-002545,CUST-000255,unusual_location,0.0,share foreign-country tx,LOW,own_history_12m,12 months,2026-10-01 00:00:00+00:00
BHV-002546,CUST-000255,failed_transaction_rate,0.133,failed/all,MEDIUM,own_history_12m,12 months,2026-10-01 00:00:00+00:00
BHV-002547,CUST-000255,spending_pattern_change,2.766,last30 avg / prior90 avg,HIGH,own_history_12m,12 months,2026-10-01 00:00:00+00:00
BHV-002548,CUST-000255,transaction_burst,0,bursts (4 tx/15 min),LOW,own_history_12m,12 months,2026-10-01 00:00:00+00:00
BHV-002549,CUST-000255,account_age,198,days,LOW,own_history_12m,12 months,2026-10-01 00:00:00+00:00
BHV-002550,CUST-000255,recent_activity,194,days since last tx,HIGH,own_history_12m,12 months,2026-10-01 00:00:00+00:00
BHV-002551,CUST-000256,transaction_frequency,0.06,tx/day,MEDIUM,own_history_12m,12 months,2026-10-01 00:00:00+00:00
BHV-002552,CUST-000256,transaction_velocity,1,max tx in 60 min,LOW,own_history_12m,12 months,2026-10-01 00:00:00+00:00
BHV-002553,CUST-000256,amount_deviation,0.523,|last30/prior90 - 1|,MEDIUM,own_history_12m,12 months,2026-10-01 00:00:00+00:00
BHV-002554,CUST-000256,unusual_timing,0.167,share 00-05 UTC,MEDIUM,own_history_12m,12 months,2026-10-01 00:00:00+00:00
BHV-002555,CUST-000256,unusual_location,0.0,share foreign-country tx,LOW,own_history_12m,12 months,2026-10-01 00:00:00+00:00
BHV-002556,CUST-000256,failed_transaction_rate,0.0,failed/all,LOW,own_history_12m,12 months,2026-10-01 00:00:00+00:00
BHV-002557,CUST-000256,spending_pattern_change,0.477,last30 avg / prior90 avg,MEDIUM,own_history_12m,12 months,2026-10-01 00:00:00+00:00
BHV-002558,CUST-000256,transaction_burst,0,bursts (4 tx/15 min),LOW,own_history_12m,12 months,2026-10-01 00:00:00+00:00
BHV-002559,CUST-000256,account_age,100,days,MEDIUM,own_history_12m,12 months,2026-10-01 00:00:00+00:00
BHV-002560,CUST-000256,recent_activity,96,days since last tx,HIGH,own_history_12m,12 months,2026-10-01 00:00:00+00:00
BHV-002561,CUST-000257,transaction_frequency,0.1948,tx/day,HIGH,own_history_12m,12 months,2026-10-01 00:00:00+00:00
BHV-002562,CUST-000257,transaction_velocity,1,max tx in 60 min,LOW,own_history_12m,12 months,2026-10-01 00:00:00+00:00
BHV-002563,CUST-000257,amount_deviation,0.073,|last30/prior90 - 1|,LOW,own_history_12m,12 months,2026-10-01 00:00:00+00:00
BHV-002564,CUST-000257,unusual_timing,0.267,share 00-05 UTC,HIGH,own_history_12m,12 months,2026-10-01 00:00:00+00:00
BHV-002565,CUST-000257,unusual_location,0.0,share foreign-country tx,LOW,own_history_12m,12 months,2026-10-01 00:00:00+00:00
BHV-002566,CUST-000257,failed_transaction_rate,0.0,failed/all,LOW,own_history_12m,12 months,2026-10-01 00:00:00+00:00
BHV-002567,CUST-000257,spending_pattern_change,0.927,last30 avg / prior90 avg,LOW,own_history_12m,12 months,2026-10-01 00:00:00+00:00
BHV-002568,CUST-000257,transaction_burst,0,bursts (4 tx/15 min),LOW,own_history_12m,12 months,2026-10-01 00:00:00+00:00
BHV-002569,CUST-000257,account_age,154,days,MEDIUM,own_history_12m,12 months,2026-10-01 00:00:00+00:00
BHV-002570,CUST-000257,recent_activity,147,days since last tx,HIGH,own_history_12m,12 months,2026-10-01 00:00:00+00:00
BHV-002571,CUST-000258,transaction_frequency,0.0318,tx/day,MEDIUM,own_history_12m,12 months,2026-10-01 00:00:00+00:00
BHV-002572,CUST-000258,transaction_velocity,1,max tx in 60 min,LOW,own_history_12m,12 months,2026-10-01 00:00:00+00:00
BHV-002573,CUST-000258,amount_deviation,0,|last30/prior90 - 1|,LOW,own_history_12m,12 months,2026-10-01 00:00:00+00:00
BHV-002574,CUST-000258,unusual_timing,0.0,share 00-05 UTC,LOW,own_history_12m,12 months,2026-10-01 00:00:00+00:00
BHV-002575,CUST-000258,unusual_location,0.0,share foreign-country tx,LOW,own_history_12m,12 months,2026-10-01 00:00:00+00:00
BHV-002576,CUST-000258,failed_transaction_rate,0.091,failed/all,LOW,own_history_12m,12 months,2026-10-01 00:00:00+00:00
BHV-002577,CUST-000258,spending_pattern_change,,last30 avg / prior90 avg,LOW,own_history_12m,12 months,2026-10-01 00:00:00+00:00
BHV-002578,CUST-000258,transaction_burst,0,bursts (4 tx/15 min),LOW,own_history_12m,12 months,2026-10-01 00:00:00+00:00
BHV-002579,CUST-000258,account_age,346,days,LOW,own_history_12m,12 months,2026-10-01 00:00:00+00:00
BHV-002580,CUST-000258,recent_activity,310,days since last tx,HIGH,own_history_12m,12 months,2026-10-01 00:00:00+00:00
BHV-002581,CUST-000259,transaction_frequency,0.0354,tx/day,MEDIUM,own_history_12m,12 months,2026-10-01 00:00:00+00:00
BHV-002582,CUST-000259,transaction_velocity,1,max tx in 60 min,LOW,own_history_12m,12 months,2026-10-01 00:00:00+00:00
BHV-002583,CUST-000259,amount_deviation,0.764,|last30/prior90 - 1|,MEDIUM,own_history_12m,12 months,2026-10-01 00:00:00+00:00
BHV-002584,CUST-000259,unusual_timing,0.429,share 00-05 UTC,HIGH,own_history_12m,12 months,2026-10-01 00:00:00+00:00
BHV-002585,CUST-000259,unusual_location,0.0,share foreign-country tx,LOW,own_history_12m,12 months,2026-10-01 00:00:00+00:00
BHV-002586,CUST-000259,failed_transaction_rate,0.286,failed/all,MEDIUM,own_history_12m,12 months,2026-10-01 00:00:00+00:00
BHV-002587,CUST-000259,spending_pattern_change,0.236,last30 avg / prior90 avg,MEDIUM,own_history_12m,12 months,2026-10-01 00:00:00+00:00
BHV-002588,CUST-000259,transaction_burst,0,bursts (4 tx/15 min),LOW,own_history_12m,12 months,2026-10-01 00:00:00+00:00
BHV-002589,CUST-000259,account_age,198,days,LOW,own_history_12m,12 months,2026-10-01 00:00:00+00:00
BHV-002590,CUST-000259,recent_activity,143,days since last tx,HIGH,own_history_12m,12 months,2026-10-01 00:00:00+00:00
BHV-002591,CUST-000260,transaction_frequency,0.0786,tx/day,MEDIUM,own_history_12m,12 months,2026-10-01 00:00:00+00:00
BHV-002592,CUST-000260,transaction_velocity,1,max tx in 60 min,LOW,own_history_12m,12 months,2026-10-01 00:00:00+00:00
BHV-002593,CUST-000260,amount_deviation,0.435,|last30/prior90 - 1|,MEDIUM,own_history_12m,12 months,2026-10-01 00:00:00+00:00
BHV-002594,CUST-000260,unusual_timing,0.182,share 00-05 UTC,MEDIUM,own_history_12m,12 months,2026-10-01 00:00:00+00:00
BHV-002595,CUST-000260,unusual_location,0.0,share foreign-country tx,LOW,own_history_12m,12 months,2026-10-01 00:00:00+00:00
BHV-002596,CUST-000260,failed_transaction_rate,0.182,failed/all,MEDIUM,own_history_12m,12 months,2026-10-01 00:00:00+00:00
BHV-002597,CUST-000260,spending_pattern_change,0.565,last30 avg / prior90 avg,MEDIUM,own_history_12m,12 months,2026-10-01 00:00:00+00:00
BHV-002598,CUST-000260,transaction_burst,0,bursts (4 tx/15 min),LOW,own_history_12m,12 months,2026-10-01 00:00:00+00:00
BHV-002599,CUST-000260,account_age,280,days,LOW,own_history_12m,12 months,2026-10-01 00:00:00+00:00
BHV-002600,CUST-000260,recent_activity,277,days since last tx,HIGH,own_history_12m,12 months,2026-10-01 00:00:00+00:00
BHV-002601,CUST-000261,transaction_frequency,0.0439,tx/day,MEDIUM,own_history_12m,12 months,2026-10-01 00:00:00+00:00
BHV-002602,CUST-000261,transaction_velocity,1,max tx in 60 min,LOW,own_history_12m,12 months,2026-10-01 00:00:00+00:00
BHV-002603,CUST-000261,amount_deviation,0.705,|last30/prior90 - 1|,MEDIUM,own_history_12m,12 months,2026-10-01 00:00:00+00:00
BHV-002604,CUST-000261,unusual_timing,0.231,share 00-05 UTC,MEDIUM,own_history_12m,12 months,2026-10-01 00:00:00+00:00
BHV-002605,CUST-000261,unusual_location,0.0,share foreign-country tx,LOW,own_history_12m,12 months,2026-10-01 00:00:00+00:00
BHV-002606,CUST-000261,failed_transaction_rate,0.385,failed/all,HIGH,own_history_12m,12 months,2026-10-01 00:00:00+00:00
BHV-002607,CUST-000261,spending_pattern_change,0.295,last30 avg / prior90 avg,MEDIUM,own_history_12m,12 months,2026-10-01 00:00:00+00:00
BHV-002608,CUST-000261,transaction_burst,0,bursts (4 tx/15 min),LOW,own_history_12m,12 months,2026-10-01 00:00:00+00:00
BHV-002609,CUST-000261,account_age,296,days,LOW,own_history_12m,12 months,2026-10-01 00:00:00+00:00
BHV-002610,CUST-000261,recent_activity,283,days since last tx,HIGH,own_history_12m,12 months,2026-10-01 00:00:00+00:00
BHV-002611,CUST-000262,transaction_frequency,0.2,tx/day,HIGH,own_history_12m,12 months,2026-10-01 00:00:00+00:00
BHV-002612,CUST-000262,transaction_velocity,1,max tx in 60 min,LOW,own_history_12m,12 months,2026-10-01 00:00:00+00:00
BHV-002613,CUST-000262,amount_deviation,0.131,|last30/prior90 - 1|,LOW,own_history_12m,12 months,2026-10-01 00:00:00+00:00
BHV-002614,CUST-000262,unusual_timing,0.375,share 00-05 UTC,HIGH,own_history_12m,12 months,2026-10-01 00:00:00+00:00
BHV-002615,CUST-000262,unusual_location,0.0,share foreign-country tx,LOW,own_history_12m,12 months,2026-10-01 00:00:00+00:00
BHV-002616,CUST-000262,failed_transaction_rate,0.125,failed/all,MEDIUM,own_history_12m,12 months,2026-10-01 00:00:00+00:00
BHV-002617,CUST-000262,spending_pattern_change,1.131,last30 avg / prior90 avg,LOW,own_history_12m,12 months,2026-10-01 00:00:00+00:00
BHV-002618,CUST-000262,transaction_burst,0,bursts (4 tx/15 min),LOW,own_history_12m,12 months,2026-10-01 00:00:00+00:00
BHV-002619,CUST-000262,account_age,80,days,MEDIUM,own_history_12m,12 months,2026-10-01 00:00:00+00:00
BHV-002620,CUST-000262,recent_activity,74,days since last tx,MEDIUM,own_history_12m,12 months,2026-10-01 00:00:00+00:00
BHV-002621,CUST-000263,transaction_frequency,0.0943,tx/day,MEDIUM,own_history_12m,12 months,2026-10-01 00:00:00+00:00
BHV-002622,CUST-000263,transaction_velocity,1,max tx in 60 min,LOW,own_history_12m,12 months,2026-10-01 00:00:00+00:00
BHV-002623,CUST-000263,amount_deviation,0.4,|last30/prior90 - 1|,MEDIUM,own_history_12m,12 months,2026-10-01 00:00:00+00:00
BHV-002624,CUST-000263,unusual_timing,0.8,share 00-05 UTC,HIGH,own_history_12m,12 months,2026-10-01 00:00:00+00:00
BHV-002625,CUST-000263,unusual_location,0.0,share foreign-country tx,LOW,own_history_12m,12 months,2026-10-01 00:00:00+00:00
BHV-002626,CUST-000263,failed_transaction_rate,0.1,failed/all,MEDIUM,own_history_12m,12 months,2026-10-01 00:00:00+00:00
BHV-002627,CUST-000263,spending_pattern_change,0.6,last30 avg / prior90 avg,LOW,own_history_12m,12 months,2026-10-01 00:00:00+00:00
BHV-002628,CUST-000263,transaction_burst,0,bursts (4 tx/15 min),LOW,own_history_12m,12 months,2026-10-01 00:00:00+00:00
BHV-002629,CUST-000263,account_age,212,days,LOW,own_history_12m,12 months,2026-10-01 00:00:00+00:00
BHV-002630,CUST-000263,recent_activity,203,days since last tx,HIGH,own_history_12m,12 months,2026-10-01 00:00:00+00:00
BHV-002631,CUST-000264,transaction_frequency,0.2816,tx/day,HIGH,own_history_12m,12 months,2026-10-01 00:00:00+00:00
BHV-002632,CUST-000264,transaction_velocity,2,max tx in 60 min,MEDIUM,own_history_12m,12 months,2026-10-01 00:00:00+00:00
BHV-002633,CUST-000264,amount_deviation,0.453,|last30/prior90 - 1|,MEDIUM,own_history_12m,12 months,2026-10-01 00:00:00+00:00
BHV-002634,CUST-000264,unusual_timing,0.966,share 00-05 UTC,HIGH,own_history_12m,12 months,2026-10-01 00:00:00+00:00
BHV-002635,CUST-000264,unusual_location,0.0,share foreign-country tx,LOW,own_history_12m,12 months,2026-10-01 00:00:00+00:00
BHV-002636,CUST-000264,failed_transaction_rate,0.207,failed/all,MEDIUM,own_history_12m,12 months,2026-10-01 00:00:00+00:00
BHV-002637,CUST-000264,spending_pattern_change,1.453,last30 avg / prior90 avg,MEDIUM,own_history_12m,12 months,2026-10-01 00:00:00+00:00
BHV-002638,CUST-000264,transaction_burst,0,bursts (4 tx/15 min),LOW,own_history_12m,12 months,2026-10-01 00:00:00+00:00
BHV-002639,CUST-000264,account_age,103,days,MEDIUM,own_history_12m,12 months,2026-10-01 00:00:00+00:00
BHV-002640,CUST-000264,recent_activity,91,days since last tx,HIGH,own_history_12m,12 months,2026-10-01 00:00:00+00:00
BHV-002641,CUST-000265,transaction_frequency,0.1687,tx/day,HIGH,own_history_12m,12 months,2026-10-01 00:00:00+00:00
BHV-002642,CUST-000265,transaction_velocity,1,max tx in 60 min,LOW,own_history_12m,12 months,2026-10-01 00:00:00+00:00
BHV-002643,CUST-000265,amount_deviation,0.501,|last30/prior90 - 1|,MEDIUM,own_history_12m,12 months,2026-10-01 00:00:00+00:00
BHV-002644,CUST-000265,unusual_timing,0.357,share 00-05 UTC,HIGH,own_history_12m,12 months,2026-10-01 00:00:00+00:00
BHV-002645,CUST-000265,unusual_location,0.0,share foreign-country tx,LOW,own_history_12m,12 months,2026-10-01 00:00:00+00:00
BHV-002646,CUST-000265,failed_transaction_rate,0.286,failed/all,MEDIUM,own_history_12m,12 months,2026-10-01 00:00:00+00:00
BHV-002647,CUST-000265,spending_pattern_change,1.501,last30 avg / prior90 avg,MEDIUM,own_history_12m,12 months,2026-10-01 00:00:00+00:00
BHV-002648,CUST-000265,transaction_burst,0,bursts (4 tx/15 min),LOW,own_history_12m,12 months,2026-10-01 00:00:00+00:00
BHV-002649,CUST-000265,account_age,83,days,MEDIUM,own_history_12m,12 months,2026-10-01 00:00:00+00:00
BHV-002650,CUST-000265,recent_activity,81,days since last tx,MEDIUM,own_history_12m,12 months,2026-10-01 00:00:00+00:00
BHV-002651,CUST-000266,transaction_frequency,0.119,tx/day,MEDIUM,own_history_12m,12 months,2026-10-01 00:00:00+00:00
BHV-002652,CUST-000266,transaction_velocity,1,max tx in 60 min,LOW,own_history_12m,12 months,2026-10-01 00:00:00+00:00
BHV-002653,CUST-000266,amount_deviation,0.552,|last30/prior90 - 1|,MEDIUM,own_history_12m,12 months,2026-10-01 00:00:00+00:00
BHV-002654,CUST-000266,unusual_timing,0.4,share 00-05 UTC,HIGH,own_history_12m,12 months,2026-10-01 00:00:00+00:00
BHV-002655,CUST-000266,unusual_location,0.0,share foreign-country tx,LOW,own_history_12m,12 months,2026-10-01 00:00:00+00:00
BHV-002656,CUST-000266,failed_transaction_rate,0.2,failed/all,MEDIUM,own_history_12m,12 months,2026-10-01 00:00:00+00:00
BHV-002657,CUST-000266,spending_pattern_change,0.448,last30 avg / prior90 avg,MEDIUM,own_history_12m,12 months,2026-10-01 00:00:00+00:00
BHV-002658,CUST-000266,transaction_burst,0,bursts (4 tx/15 min),LOW,own_history_12m,12 months,2026-10-01 00:00:00+00:00
BHV-002659,CUST-000266,account_age,84,days,MEDIUM,own_history_12m,12 months,2026-10-01 00:00:00+00:00
BHV-002660,CUST-000266,recent_activity,80,days since last tx,MEDIUM,own_history_12m,12 months,2026-10-01 00:00:00+00:00
BHV-002661,CUST-000267,transaction_frequency,0.1504,tx/day,HIGH,own_history_12m,12 months,2026-10-01 00:00:00+00:00
BHV-002662,CUST-000267,transaction_velocity,1,max tx in 60 min,LOW,own_history_12m,12 months,2026-10-01 00:00:00+00:00
BHV-002663,CUST-000267,amount_deviation,0.243,|last30/prior90 - 1|,LOW,own_history_12m,12 months,2026-10-01 00:00:00+00:00
BHV-002664,CUST-000267,unusual_timing,0.3,share 00-05 UTC,HIGH,own_history_12m,12 months,2026-10-01 00:00:00+00:00
BHV-002665,CUST-000267,unusual_location,0.0,share foreign-country tx,LOW,own_history_12m,12 months,2026-10-01 00:00:00+00:00
BHV-002666,CUST-000267,failed_transaction_rate,0.2,failed/all,MEDIUM,own_history_12m,12 months,2026-10-01 00:00:00+00:00
BHV-002667,CUST-000267,spending_pattern_change,0.757,last30 avg / prior90 avg,LOW,own_history_12m,12 months,2026-10-01 00:00:00+00:00
BHV-002668,CUST-000267,transaction_burst,0,bursts (4 tx/15 min),LOW,own_history_12m,12 months,2026-10-01 00:00:00+00:00
BHV-002669,CUST-000267,account_age,133,days,MEDIUM,own_history_12m,12 months,2026-10-01 00:00:00+00:00
BHV-002670,CUST-000267,recent_activity,131,days since last tx,HIGH,own_history_12m,12 months,2026-10-01 00:00:00+00:00
BHV-002671,CUST-000268,transaction_frequency,0.0553,tx/day,MEDIUM,own_history_12m,12 months,2026-10-01 00:00:00+00:00
BHV-002672,CUST-000268,transaction_velocity,1,max tx in 60 min,LOW,own_history_12m,12 months,2026-10-01 00:00:00+00:00
BHV-002673,CUST-000268,amount_deviation,0,|last30/prior90 - 1|,LOW,own_history_12m,12 months,2026-10-01 00:00:00+00:00
BHV-002674,CUST-000268,unusual_timing,0.273,share 00-05 UTC,HIGH,own_history_12m,12 months,2026-10-01 00:00:00+00:00
BHV-002675,CUST-000268,unusual_location,0.0,share foreign-country tx,LOW,own_history_12m,12 months,2026-10-01 00:00:00+00:00
BHV-002676,CUST-000268,failed_transaction_rate,0.182,failed/all,MEDIUM,own_history_12m,12 months,2026-10-01 00:00:00+00:00
BHV-002677,CUST-000268,spending_pattern_change,,last30 avg / prior90 avg,LOW,own_history_12m,12 months,2026-10-01 00:00:00+00:00
BHV-002678,CUST-000268,transaction_burst,0,bursts (4 tx/15 min),LOW,own_history_12m,12 months,2026-10-01 00:00:00+00:00
BHV-002679,CUST-000268,account_age,199,days,LOW,own_history_12m,12 months,2026-10-01 00:00:00+00:00
BHV-002680,CUST-000268,recent_activity,181,days since last tx,HIGH,own_history_12m,12 months,2026-10-01 00:00:00+00:00
BHV-002681,CUST-000269,transaction_frequency,0.7895,tx/day,HIGH,own_history_12m,12 months,2026-10-01 00:00:00+00:00
BHV-002682,CUST-000269,transaction_velocity,2,max tx in 60 min,MEDIUM,own_history_12m,12 months,2026-10-01 00:00:00+00:00
BHV-002683,CUST-000269,amount_deviation,0.239,|last30/prior90 - 1|,LOW,own_history_12m,12 months,2026-10-01 00:00:00+00:00
BHV-002684,CUST-000269,unusual_timing,0.317,share 00-05 UTC,HIGH,own_history_12m,12 months,2026-10-01 00:00:00+00:00
BHV-002685,CUST-000269,unusual_location,0.0,share foreign-country tx,LOW,own_history_12m,12 months,2026-10-01 00:00:00+00:00
BHV-002686,CUST-000269,failed_transaction_rate,0.05,failed/all,LOW,own_history_12m,12 months,2026-10-01 00:00:00+00:00
BHV-002687,CUST-000269,spending_pattern_change,0.761,last30 avg / prior90 avg,LOW,own_history_12m,12 months,2026-10-01 00:00:00+00:00
BHV-002688,CUST-000269,transaction_burst,0,bursts (4 tx/15 min),LOW,own_history_12m,12 months,2026-10-01 00:00:00+00:00
BHV-002689,CUST-000269,account_age,76,days,MEDIUM,own_history_12m,12 months,2026-10-01 00:00:00+00:00
BHV-002690,CUST-000269,recent_activity,73,days since last tx,MEDIUM,own_history_12m,12 months,2026-10-01 00:00:00+00:00
BHV-002691,CUST-000270,transaction_frequency,0.1931,tx/day,HIGH,own_history_12m,12 months,2026-10-01 00:00:00+00:00
BHV-002692,CUST-000270,transaction_velocity,1,max tx in 60 min,LOW,own_history_12m,12 months,2026-10-01 00:00:00+00:00
BHV-002693,CUST-000270,amount_deviation,0.409,|last30/prior90 - 1|,MEDIUM,own_history_12m,12 months,2026-10-01 00:00:00+00:00
BHV-002694,CUST-000270,unusual_timing,0.321,share 00-05 UTC,HIGH,own_history_12m,12 months,2026-10-01 00:00:00+00:00
BHV-002695,CUST-000270,unusual_location,0.0,share foreign-country tx,LOW,own_history_12m,12 months,2026-10-01 00:00:00+00:00
BHV-002696,CUST-000270,failed_transaction_rate,0.0,failed/all,LOW,own_history_12m,12 months,2026-10-01 00:00:00+00:00
BHV-002697,CUST-000270,spending_pattern_change,0.591,last30 avg / prior90 avg,MEDIUM,own_history_12m,12 months,2026-10-01 00:00:00+00:00
BHV-002698,CUST-000270,transaction_burst,0,bursts (4 tx/15 min),LOW,own_history_12m,12 months,2026-10-01 00:00:00+00:00
BHV-002699,CUST-000270,account_age,145,days,MEDIUM,own_history_12m,12 months,2026-10-01 00:00:00+00:00
BHV-002700,CUST-000270,recent_activity,142,days since last tx,HIGH,own_history_12m,12 months,2026-10-01 00:00:00+00:00
BHV-002701,CUST-000271,transaction_frequency,0.0085,tx/day,LOW,own_history_12m,12 months,2026-10-01 00:00:00+00:00
BHV-002702,CUST-000271,transaction_velocity,1,max tx in 60 min,LOW,own_history_12m,12 months,2026-10-01 00:00:00+00:00
BHV-002703,CUST-000271,amount_deviation,0,|last30/prior90 - 1|,LOW,own_history_12m,12 months,2026-10-01 00:00:00+00:00
BHV-002704,CUST-000271,unusual_timing,0.0,share 00-05 UTC,LOW,own_history_12m,12 months,2026-10-01 00:00:00+00:00
BHV-002705,CUST-000271,unusual_location,0.0,share foreign-country tx,LOW,own_history_12m,12 months,2026-10-01 00:00:00+00:00
BHV-002706,CUST-000271,failed_transaction_rate,0.5,failed/all,HIGH,own_history_12m,12 months,2026-10-01 00:00:00+00:00
BHV-002707,CUST-000271,spending_pattern_change,,last30 avg / prior90 avg,LOW,own_history_12m,12 months,2026-10-01 00:00:00+00:00
BHV-002708,CUST-000271,transaction_burst,0,bursts (4 tx/15 min),LOW,own_history_12m,12 months,2026-10-01 00:00:00+00:00
BHV-002709,CUST-000271,account_age,234,days,LOW,own_history_12m,12 months,2026-10-01 00:00:00+00:00
BHV-002710,CUST-000271,recent_activity,142,days since last tx,HIGH,own_history_12m,12 months,2026-10-01 00:00:00+00:00
BHV-002711,CUST-000272,transaction_frequency,0.0267,tx/day,MEDIUM,own_history_12m,12 months,2026-10-01 00:00:00+00:00
BHV-002712,CUST-000272,transaction_velocity,1,max tx in 60 min,LOW,own_history_12m,12 months,2026-10-01 00:00:00+00:00
BHV-002713,CUST-000272,amount_deviation,0,|last30/prior90 - 1|,LOW,own_history_12m,12 months,2026-10-01 00:00:00+00:00
BHV-002714,CUST-000272,unusual_timing,0.0,share 00-05 UTC,LOW,own_history_12m,12 months,2026-10-01 00:00:00+00:00
BHV-002715,CUST-000272,unusual_location,0.0,share foreign-country tx,LOW,own_history_12m,12 months,2026-10-01 00:00:00+00:00
BHV-002716,CUST-000272,failed_transaction_rate,0.25,failed/all,MEDIUM,own_history_12m,12 months,2026-10-01 00:00:00+00:00
BHV-002717,CUST-000272,spending_pattern_change,,last30 avg / prior90 avg,LOW,own_history_12m,12 months,2026-10-01 00:00:00+00:00
BHV-002718,CUST-000272,transaction_burst,0,bursts (4 tx/15 min),LOW,own_history_12m,12 months,2026-10-01 00:00:00+00:00
BHV-002719,CUST-000272,account_age,150,days,MEDIUM,own_history_12m,12 months,2026-10-01 00:00:00+00:00
BHV-002720,CUST-000272,recent_activity,135,days since last tx,HIGH,own_history_12m,12 months,2026-10-01 00:00:00+00:00
BHV-002721,CUST-000273,transaction_frequency,0.0743,tx/day,MEDIUM,own_history_12m,12 months,2026-10-01 00:00:00+00:00
BHV-002722,CUST-000273,transaction_velocity,2,max tx in 60 min,MEDIUM,own_history_12m,12 months,2026-10-01 00:00:00+00:00
BHV-002723,CUST-000273,amount_deviation,0.493,|last30/prior90 - 1|,MEDIUM,own_history_12m,12 months,2026-10-01 00:00:00+00:00
BHV-002724,CUST-000273,unusual_timing,0.25,share 00-05 UTC,HIGH,own_history_12m,12 months,2026-10-01 00:00:00+00:00
BHV-002725,CUST-000273,unusual_location,0.0,share foreign-country tx,LOW,own_history_12m,12 months,2026-10-01 00:00:00+00:00
BHV-002726,CUST-000273,failed_transaction_rate,0.1,failed/all,MEDIUM,own_history_12m,12 months,2026-10-01 00:00:00+00:00
BHV-002727,CUST-000273,spending_pattern_change,0.507,last30 avg / prior90 avg,MEDIUM,own_history_12m,12 months,2026-10-01 00:00:00+00:00
BHV-002728,CUST-000273,transaction_burst,0,bursts (4 tx/15 min),LOW,own_history_12m,12 months,2026-10-01 00:00:00+00:00
BHV-002729,CUST-000273,account_age,269,days,LOW,own_history_12m,12 months,2026-10-01 00:00:00+00:00
BHV-002730,CUST-000273,recent_activity,261,days since last tx,HIGH,own_history_12m,12 months,2026-10-01 00:00:00+00:00
BHV-002731,CUST-000274,transaction_frequency,0.0556,tx/day,MEDIUM,own_history_12m,12 months,2026-10-01 00:00:00+00:00
BHV-002732,CUST-000274,transaction_velocity,1,max tx in 60 min,LOW,own_history_12m,12 months,2026-10-01 00:00:00+00:00
BHV-002733,CUST-000274,amount_deviation,0.144,|last30/prior90 - 1|,LOW,own_history_12m,12 months,2026-10-01 00:00:00+00:00
BHV-002734,CUST-000274,unusual_timing,0.294,share 00-05 UTC,HIGH,own_history_12m,12 months,2026-10-01 00:00:00+00:00
BHV-002735,CUST-000274,unusual_location,0.0,share foreign-country tx,LOW,own_history_12m,12 months,2026-10-01 00:00:00+00:00
BHV-002736,CUST-000274,failed_transaction_rate,0.0,failed/all,LOW,own_history_12m,12 months,2026-10-01 00:00:00+00:00
BHV-002737,CUST-000274,spending_pattern_change,0.856,last30 avg / prior90 avg,LOW,own_history_12m,12 months,2026-10-01 00:00:00+00:00
BHV-002738,CUST-000274,transaction_burst,0,bursts (4 tx/15 min),LOW,own_history_12m,12 months,2026-10-01 00:00:00+00:00
BHV-002739,CUST-000274,account_age,306,days,LOW,own_history_12m,12 months,2026-10-01 00:00:00+00:00
BHV-002740,CUST-000274,recent_activity,279,days since last tx,HIGH,own_history_12m,12 months,2026-10-01 00:00:00+00:00
BHV-002741,CUST-000275,transaction_frequency,0.0496,tx/day,MEDIUM,own_history_12m,12 months,2026-10-01 00:00:00+00:00
BHV-002742,CUST-000275,transaction_velocity,1,max tx in 60 min,LOW,own_history_12m,12 months,2026-10-01 00:00:00+00:00
BHV-002743,CUST-000275,amount_deviation,1.177,|last30/prior90 - 1|,HIGH,own_history_12m,12 months,2026-10-01 00:00:00+00:00
BHV-002744,CUST-000275,unusual_timing,0.385,share 00-05 UTC,HIGH,own_history_12m,12 months,2026-10-01 00:00:00+00:00
BHV-002745,CUST-000275,unusual_location,0.0,share foreign-country tx,LOW,own_history_12m,12 months,2026-10-01 00:00:00+00:00
BHV-002746,CUST-000275,failed_transaction_rate,0.077,failed/all,LOW,own_history_12m,12 months,2026-10-01 00:00:00+00:00
BHV-002747,CUST-000275,spending_pattern_change,2.177,last30 avg / prior90 avg,HIGH,own_history_12m,12 months,2026-10-01 00:00:00+00:00
BHV-002748,CUST-000275,transaction_burst,0,bursts (4 tx/15 min),LOW,own_history_12m,12 months,2026-10-01 00:00:00+00:00
BHV-002749,CUST-000275,account_age,262,days,LOW,own_history_12m,12 months,2026-10-01 00:00:00+00:00
BHV-002750,CUST-000275,recent_activity,222,days since last tx,HIGH,own_history_12m,12 months,2026-10-01 00:00:00+00:00
BHV-002751,CUST-000276,transaction_frequency,0.035,tx/day,MEDIUM,own_history_12m,12 months,2026-10-01 00:00:00+00:00
BHV-002752,CUST-000276,transaction_velocity,1,max tx in 60 min,LOW,own_history_12m,12 months,2026-10-01 00:00:00+00:00
BHV-002753,CUST-000276,amount_deviation,11.718,|last30/prior90 - 1|,HIGH,own_history_12m,12 months,2026-10-01 00:00:00+00:00
BHV-002754,CUST-000276,unusual_timing,0.2,share 00-05 UTC,MEDIUM,own_history_12m,12 months,2026-10-01 00:00:00+00:00
BHV-002755,CUST-000276,unusual_location,0.0,share foreign-country tx,LOW,own_history_12m,12 months,2026-10-01 00:00:00+00:00
BHV-002756,CUST-000276,failed_transaction_rate,0.1,failed/all,MEDIUM,own_history_12m,12 months,2026-10-01 00:00:00+00:00
BHV-002757,CUST-000276,spending_pattern_change,12.718,last30 avg / prior90 avg,HIGH,own_history_12m,12 months,2026-10-01 00:00:00+00:00
BHV-002758,CUST-000276,transaction_burst,0,bursts (4 tx/15 min),LOW,own_history_12m,12 months,2026-10-01 00:00:00+00:00
BHV-002759,CUST-000276,account_age,286,days,LOW,own_history_12m,12 months,2026-10-01 00:00:00+00:00
BHV-002760,CUST-000276,recent_activity,231,days since last tx,HIGH,own_history_12m,12 months,2026-10-01 00:00:00+00:00
BHV-002761,CUST-000277,transaction_frequency,0.0316,tx/day,MEDIUM,own_history_12m,12 months,2026-10-01 00:00:00+00:00
BHV-002762,CUST-000277,transaction_velocity,1,max tx in 60 min,LOW,own_history_12m,12 months,2026-10-01 00:00:00+00:00
BHV-002763,CUST-000277,amount_deviation,2.972,|last30/prior90 - 1|,HIGH,own_history_12m,12 months,2026-10-01 00:00:00+00:00
BHV-002764,CUST-000277,unusual_timing,0.444,share 00-05 UTC,HIGH,own_history_12m,12 months,2026-10-01 00:00:00+00:00
BHV-002765,CUST-000277,unusual_location,0.0,share foreign-country tx,LOW,own_history_12m,12 months,2026-10-01 00:00:00+00:00
BHV-002766,CUST-000277,failed_transaction_rate,0.111,failed/all,MEDIUM,own_history_12m,12 months,2026-10-01 00:00:00+00:00
BHV-002767,CUST-000277,spending_pattern_change,3.972,last30 avg / prior90 avg,HIGH,own_history_12m,12 months,2026-10-01 00:00:00+00:00
BHV-002768,CUST-000277,transaction_burst,0,bursts (4 tx/15 min),LOW,own_history_12m,12 months,2026-10-01 00:00:00+00:00
BHV-002769,CUST-000277,account_age,285,days,LOW,own_history_12m,12 months,2026-10-01 00:00:00+00:00
BHV-002770,CUST-000277,recent_activity,237,days since last tx,HIGH,own_history_12m,12 months,2026-10-01 00:00:00+00:00
BHV-002771,CUST-000278,transaction_frequency,0.0116,tx/day,LOW,own_history_12m,12 months,2026-10-01 00:00:00+00:00
BHV-002772,CUST-000278,transaction_velocity,1,max tx in 60 min,LOW,own_history_12m,12 months,2026-10-01 00:00:00+00:00
BHV-002773,CUST-000278,amount_deviation,0,|last30/prior90 - 1|,LOW,own_history_12m,12 months,2026-10-01 00:00:00+00:00
BHV-002774,CUST-000278,unusual_timing,0.0,share 00-05 UTC,LOW,own_history_12m,12 months,2026-10-01 00:00:00+00:00
BHV-002775,CUST-000278,unusual_location,0.0,share foreign-country tx,LOW,own_history_12m,12 months,2026-10-01 00:00:00+00:00
BHV-002776,CUST-000278,failed_transaction_rate,0.0,failed/all,LOW,own_history_12m,12 months,2026-10-01 00:00:00+00:00
BHV-002777,CUST-000278,spending_pattern_change,,last30 avg / prior90 avg,LOW,own_history_12m,12 months,2026-10-01 00:00:00+00:00
BHV-002778,CUST-000278,transaction_burst,0,bursts (4 tx/15 min),LOW,own_history_12m,12 months,2026-10-01 00:00:00+00:00
BHV-002779,CUST-000278,account_age,172,days,MEDIUM,own_history_12m,12 months,2026-10-01 00:00:00+00:00
BHV-002780,CUST-000278,recent_activity,161,days since last tx,HIGH,own_history_12m,12 months,2026-10-01 00:00:00+00:00
BHV-002781,CUST-000279,transaction_frequency,0.0868,tx/day,MEDIUM,own_history_12m,12 months,2026-10-01 00:00:00+00:00
BHV-002782,CUST-000279,transaction_velocity,1,max tx in 60 min,LOW,own_history_12m,12 months,2026-10-01 00:00:00+00:00
BHV-002783,CUST-000279,amount_deviation,0.7,|last30/prior90 - 1|,MEDIUM,own_history_12m,12 months,2026-10-01 00:00:00+00:00
BHV-002784,CUST-000279,unusual_timing,0.263,share 00-05 UTC,HIGH,own_history_12m,12 months,2026-10-01 00:00:00+00:00
BHV-002785,CUST-000279,unusual_location,0.0,share foreign-country tx,LOW,own_history_12m,12 months,2026-10-01 00:00:00+00:00
BHV-002786,CUST-000279,failed_transaction_rate,0.105,failed/all,MEDIUM,own_history_12m,12 months,2026-10-01 00:00:00+00:00
BHV-002787,CUST-000279,spending_pattern_change,0.3,last30 avg / prior90 avg,MEDIUM,own_history_12m,12 months,2026-10-01 00:00:00+00:00
BHV-002788,CUST-000279,transaction_burst,0,bursts (4 tx/15 min),LOW,own_history_12m,12 months,2026-10-01 00:00:00+00:00
BHV-002789,CUST-000279,account_age,219,days,LOW,own_history_12m,12 months,2026-10-01 00:00:00+00:00
BHV-002790,CUST-000279,recent_activity,216,days since last tx,HIGH,own_history_12m,12 months,2026-10-01 00:00:00+00:00
BHV-002791,CUST-000280,transaction_frequency,0.0622,tx/day,MEDIUM,own_history_12m,12 months,2026-10-01 00:00:00+00:00
BHV-002792,CUST-000280,transaction_velocity,1,max tx in 60 min,LOW,own_history_12m,12 months,2026-10-01 00:00:00+00:00
BHV-002793,CUST-000280,amount_deviation,50.617,|last30/prior90 - 1|,HIGH,own_history_12m,12 months,2026-10-01 00:00:00+00:00
BHV-002794,CUST-000280,unusual_timing,0.167,share 00-05 UTC,MEDIUM,own_history_12m,12 months,2026-10-01 00:00:00+00:00
BHV-002795,CUST-000280,unusual_location,0.0,share foreign-country tx,LOW,own_history_12m,12 months,2026-10-01 00:00:00+00:00
BHV-002796,CUST-000280,failed_transaction_rate,0.0,failed/all,LOW,own_history_12m,12 months,2026-10-01 00:00:00+00:00
BHV-002797,CUST-000280,spending_pattern_change,51.617,last30 avg / prior90 avg,HIGH,own_history_12m,12 months,2026-10-01 00:00:00+00:00
BHV-002798,CUST-000280,transaction_burst,0,bursts (4 tx/15 min),LOW,own_history_12m,12 months,2026-10-01 00:00:00+00:00
BHV-002799,CUST-000280,account_age,193,days,LOW,own_history_12m,12 months,2026-10-01 00:00:00+00:00
BHV-002800,CUST-000280,recent_activity,172,days since last tx,HIGH,own_history_12m,12 months,2026-10-01 00:00:00+00:00
BHV-002801,CUST-000281,transaction_frequency,0.0088,tx/day,LOW,own_history_12m,12 months,2026-10-01 00:00:00+00:00
BHV-002802,CUST-000281,transaction_velocity,1,max tx in 60 min,LOW,own_history_12m,12 months,2026-10-01 00:00:00+00:00
BHV-002803,CUST-000281,amount_deviation,0,|last30/prior90 - 1|,LOW,own_history_12m,12 months,2026-10-01 00:00:00+00:00
BHV-002804,CUST-000281,unusual_timing,0.333,share 00-05 UTC,HIGH,own_history_12m,12 months,2026-10-01 00:00:00+00:00
BHV-002805,CUST-000281,unusual_location,0.0,share foreign-country tx,LOW,own_history_12m,12 months,2026-10-01 00:00:00+00:00
BHV-002806,CUST-000281,failed_transaction_rate,0.0,failed/all,LOW,own_history_12m,12 months,2026-10-01 00:00:00+00:00
BHV-002807,CUST-000281,spending_pattern_change,,last30 avg / prior90 avg,LOW,own_history_12m,12 months,2026-10-01 00:00:00+00:00
BHV-002808,CUST-000281,transaction_burst,0,bursts (4 tx/15 min),LOW,own_history_12m,12 months,2026-10-01 00:00:00+00:00
BHV-002809,CUST-000281,account_age,340,days,LOW,own_history_12m,12 months,2026-10-01 00:00:00+00:00
BHV-002810,CUST-000281,recent_activity,275,days since last tx,HIGH,own_history_12m,12 months,2026-10-01 00:00:00+00:00
BHV-002811,CUST-000282,transaction_frequency,0.1714,tx/day,HIGH,own_history_12m,12 months,2026-10-01 00:00:00+00:00
BHV-002812,CUST-000282,transaction_velocity,1,max tx in 60 min,LOW,own_history_12m,12 months,2026-10-01 00:00:00+00:00
BHV-002813,CUST-000282,amount_deviation,0.134,|last30/prior90 - 1|,LOW,own_history_12m,12 months,2026-10-01 00:00:00+00:00
BHV-002814,CUST-000282,unusual_timing,0.222,share 00-05 UTC,MEDIUM,own_history_12m,12 months,2026-10-01 00:00:00+00:00
BHV-002815,CUST-000282,unusual_location,0.0,share foreign-country tx,LOW,own_history_12m,12 months,2026-10-01 00:00:00+00:00
BHV-002816,CUST-000282,failed_transaction_rate,0.111,failed/all,MEDIUM,own_history_12m,12 months,2026-10-01 00:00:00+00:00
BHV-002817,CUST-000282,spending_pattern_change,0.866,last30 avg / prior90 avg,LOW,own_history_12m,12 months,2026-10-01 00:00:00+00:00
BHV-002818,CUST-000282,transaction_burst,0,bursts (4 tx/15 min),LOW,own_history_12m,12 months,2026-10-01 00:00:00+00:00
BHV-002819,CUST-000282,account_age,105,days,MEDIUM,own_history_12m,12 months,2026-10-01 00:00:00+00:00
BHV-002820,CUST-000282,recent_activity,99,days since last tx,HIGH,own_history_12m,12 months,2026-10-01 00:00:00+00:00
BHV-002821,CUST-000283,transaction_frequency,0.0498,tx/day,MEDIUM,own_history_12m,12 months,2026-10-01 00:00:00+00:00
BHV-002822,CUST-000283,transaction_velocity,1,max tx in 60 min,LOW,own_history_12m,12 months,2026-10-01 00:00:00+00:00
BHV-002823,CUST-000283,amount_deviation,0.348,|last30/prior90 - 1|,MEDIUM,own_history_12m,12 months,2026-10-01 00:00:00+00:00
BHV-002824,CUST-000283,unusual_timing,0.375,share 00-05 UTC,HIGH,own_history_12m,12 months,2026-10-01 00:00:00+00:00
BHV-002825,CUST-000283,unusual_location,0.0,share foreign-country tx,LOW,own_history_12m,12 months,2026-10-01 00:00:00+00:00
BHV-002826,CUST-000283,failed_transaction_rate,0.0,failed/all,LOW,own_history_12m,12 months,2026-10-01 00:00:00+00:00
BHV-002827,CUST-000283,spending_pattern_change,0.652,last30 avg / prior90 avg,LOW,own_history_12m,12 months,2026-10-01 00:00:00+00:00
BHV-002828,CUST-000283,transaction_burst,0,bursts (4 tx/15 min),LOW,own_history_12m,12 months,2026-10-01 00:00:00+00:00
BHV-002829,CUST-000283,account_age,321,days,LOW,own_history_12m,12 months,2026-10-01 00:00:00+00:00
BHV-002830,CUST-000283,recent_activity,312,days since last tx,HIGH,own_history_12m,12 months,2026-10-01 00:00:00+00:00
BHV-002831,CUST-000284,transaction_frequency,0.0109,tx/day,LOW,own_history_12m,12 months,2026-10-01 00:00:00+00:00
BHV-002832,CUST-000284,transaction_velocity,1,max tx in 60 min,LOW,own_history_12m,12 months,2026-10-01 00:00:00+00:00
BHV-002833,CUST-000284,amount_deviation,0,|last30/prior90 - 1|,LOW,own_history_12m,12 months,2026-10-01 00:00:00+00:00
BHV-002834,CUST-000284,unusual_timing,0.0,share 00-05 UTC,LOW,own_history_12m,12 months,2026-10-01 00:00:00+00:00
BHV-002835,CUST-000284,unusual_location,0.0,share foreign-country tx,LOW,own_history_12m,12 months,2026-10-01 00:00:00+00:00
BHV-002836,CUST-000284,failed_transaction_rate,0.0,failed/all,LOW,own_history_12m,12 months,2026-10-01 00:00:00+00:00
BHV-002837,CUST-000284,spending_pattern_change,,last30 avg / prior90 avg,LOW,own_history_12m,12 months,2026-10-01 00:00:00+00:00
BHV-002838,CUST-000284,transaction_burst,0,bursts (4 tx/15 min),LOW,own_history_12m,12 months,2026-10-01 00:00:00+00:00
BHV-002839,CUST-000284,account_age,184,days,LOW,own_history_12m,12 months,2026-10-01 00:00:00+00:00
BHV-002840,CUST-000284,recent_activity,49,days since last tx,MEDIUM,own_history_12m,12 months,2026-10-01 00:00:00+00:00
BHV-002841,CUST-000285,transaction_frequency,0.1099,tx/day,MEDIUM,own_history_12m,12 months,2026-10-01 00:00:00+00:00
BHV-002842,CUST-000285,transaction_velocity,1,max tx in 60 min,LOW,own_history_12m,12 months,2026-10-01 00:00:00+00:00
BHV-002843,CUST-000285,amount_deviation,0.443,|last30/prior90 - 1|,MEDIUM,own_history_12m,12 months,2026-10-01 00:00:00+00:00
BHV-002844,CUST-000285,unusual_timing,0.0,share 00-05 UTC,LOW,own_history_12m,12 months,2026-10-01 00:00:00+00:00
BHV-002845,CUST-000285,unusual_location,0.0,share foreign-country tx,LOW,own_history_12m,12 months,2026-10-01 00:00:00+00:00
BHV-002846,CUST-000285,failed_transaction_rate,0.0,failed/all,LOW,own_history_12m,12 months,2026-10-01 00:00:00+00:00
BHV-002847,CUST-000285,spending_pattern_change,0.557,last30 avg / prior90 avg,MEDIUM,own_history_12m,12 months,2026-10-01 00:00:00+00:00
BHV-002848,CUST-000285,transaction_burst,0,bursts (4 tx/15 min),LOW,own_history_12m,12 months,2026-10-01 00:00:00+00:00
BHV-002849,CUST-000285,account_age,91,days,MEDIUM,own_history_12m,12 months,2026-10-01 00:00:00+00:00
BHV-002850,CUST-000285,recent_activity,90,days since last tx,MEDIUM,own_history_12m,12 months,2026-10-01 00:00:00+00:00
BHV-002851,CUST-000286,transaction_frequency,0.0481,tx/day,MEDIUM,own_history_12m,12 months,2026-10-01 00:00:00+00:00
BHV-002852,CUST-000286,transaction_velocity,1,max tx in 60 min,LOW,own_history_12m,12 months,2026-10-01 00:00:00+00:00
BHV-002853,CUST-000286,amount_deviation,0,|last30/prior90 - 1|,LOW,own_history_12m,12 months,2026-10-01 00:00:00+00:00
BHV-002854,CUST-000286,unusual_timing,0.357,share 00-05 UTC,HIGH,own_history_12m,12 months,2026-10-01 00:00:00+00:00
BHV-002855,CUST-000286,unusual_location,0.0,share foreign-country tx,LOW,own_history_12m,12 months,2026-10-01 00:00:00+00:00
BHV-002856,CUST-000286,failed_transaction_rate,0.643,failed/all,HIGH,own_history_12m,12 months,2026-10-01 00:00:00+00:00
BHV-002857,CUST-000286,spending_pattern_change,,last30 avg / prior90 avg,LOW,own_history_12m,12 months,2026-10-01 00:00:00+00:00
BHV-002858,CUST-000286,transaction_burst,0,bursts (4 tx/15 min),LOW,own_history_12m,12 months,2026-10-01 00:00:00+00:00
BHV-002859,CUST-000286,account_age,291,days,LOW,own_history_12m,12 months,2026-10-01 00:00:00+00:00
BHV-002860,CUST-000286,recent_activity,289,days since last tx,HIGH,own_history_12m,12 months,2026-10-01 00:00:00+00:00
BHV-002861,CUST-000287,transaction_frequency,0.0554,tx/day,MEDIUM,own_history_12m,12 months,2026-10-01 00:00:00+00:00
BHV-002862,CUST-000287,transaction_velocity,1,max tx in 60 min,LOW,own_history_12m,12 months,2026-10-01 00:00:00+00:00
BHV-002863,CUST-000287,amount_deviation,3.314,|last30/prior90 - 1|,HIGH,own_history_12m,12 months,2026-10-01 00:00:00+00:00
BHV-002864,CUST-000287,unusual_timing,0.368,share 00-05 UTC,HIGH,own_history_12m,12 months,2026-10-01 00:00:00+00:00
BHV-002865,CUST-000287,unusual_location,0.0,share foreign-country tx,LOW,own_history_12m,12 months,2026-10-01 00:00:00+00:00
BHV-002866,CUST-000287,failed_transaction_rate,0.0,failed/all,LOW,own_history_12m,12 months,2026-10-01 00:00:00+00:00
BHV-002867,CUST-000287,spending_pattern_change,4.314,last30 avg / prior90 avg,HIGH,own_history_12m,12 months,2026-10-01 00:00:00+00:00
BHV-002868,CUST-000287,transaction_burst,0,bursts (4 tx/15 min),LOW,own_history_12m,12 months,2026-10-01 00:00:00+00:00
BHV-002869,CUST-000287,account_age,343,days,LOW,own_history_12m,12 months,2026-10-01 00:00:00+00:00
BHV-002870,CUST-000287,recent_activity,341,days since last tx,HIGH,own_history_12m,12 months,2026-10-01 00:00:00+00:00
BHV-002871,CUST-000288,transaction_frequency,0.5,tx/day,HIGH,own_history_12m,12 months,2026-10-01 00:00:00+00:00
BHV-002872,CUST-000288,transaction_velocity,1,max tx in 60 min,LOW,own_history_12m,12 months,2026-10-01 00:00:00+00:00
BHV-002873,CUST-000288,amount_deviation,0.059,|last30/prior90 - 1|,LOW,own_history_12m,12 months,2026-10-01 00:00:00+00:00
BHV-002874,CUST-000288,unusual_timing,0.206,share 00-05 UTC,MEDIUM,own_history_12m,12 months,2026-10-01 00:00:00+00:00
BHV-002875,CUST-000288,unusual_location,0.0,share foreign-country tx,LOW,own_history_12m,12 months,2026-10-01 00:00:00+00:00
BHV-002876,CUST-000288,failed_transaction_rate,0.235,failed/all,MEDIUM,own_history_12m,12 months,2026-10-01 00:00:00+00:00
BHV-002877,CUST-000288,spending_pattern_change,0.941,last30 avg / prior90 avg,LOW,own_history_12m,12 months,2026-10-01 00:00:00+00:00
BHV-002878,CUST-000288,transaction_burst,0,bursts (4 tx/15 min),LOW,own_history_12m,12 months,2026-10-01 00:00:00+00:00
BHV-002879,CUST-000288,account_age,68,days,MEDIUM,own_history_12m,12 months,2026-10-01 00:00:00+00:00
BHV-002880,CUST-000288,recent_activity,66,days since last tx,MEDIUM,own_history_12m,12 months,2026-10-01 00:00:00+00:00
BHV-002881,CUST-000289,transaction_frequency,0.0734,tx/day,MEDIUM,own_history_12m,12 months,2026-10-01 00:00:00+00:00
BHV-002882,CUST-000289,transaction_velocity,1,max tx in 60 min,LOW,own_history_12m,12 months,2026-10-01 00:00:00+00:00
BHV-002883,CUST-000289,amount_deviation,3.003,|last30/prior90 - 1|,HIGH,own_history_12m,12 months,2026-10-01 00:00:00+00:00
BHV-002884,CUST-000289,unusual_timing,0.381,share 00-05 UTC,HIGH,own_history_12m,12 months,2026-10-01 00:00:00+00:00
BHV-002885,CUST-000289,unusual_location,0.0,share foreign-country tx,LOW,own_history_12m,12 months,2026-10-01 00:00:00+00:00
BHV-002886,CUST-000289,failed_transaction_rate,0.048,failed/all,LOW,own_history_12m,12 months,2026-10-01 00:00:00+00:00
BHV-002887,CUST-000289,spending_pattern_change,4.003,last30 avg / prior90 avg,HIGH,own_history_12m,12 months,2026-10-01 00:00:00+00:00
BHV-002888,CUST-000289,transaction_burst,0,bursts (4 tx/15 min),LOW,own_history_12m,12 months,2026-10-01 00:00:00+00:00
BHV-002889,CUST-000289,account_age,286,days,LOW,own_history_12m,12 months,2026-10-01 00:00:00+00:00
BHV-002890,CUST-000289,recent_activity,273,days since last tx,HIGH,own_history_12m,12 months,2026-10-01 00:00:00+00:00
BHV-002891,CUST-000290,transaction_frequency,0.1379,tx/day,MEDIUM,own_history_12m,12 months,2026-10-01 00:00:00+00:00
BHV-002892,CUST-000290,transaction_velocity,1,max tx in 60 min,LOW,own_history_12m,12 months,2026-10-01 00:00:00+00:00
BHV-002893,CUST-000290,amount_deviation,0.912,|last30/prior90 - 1|,HIGH,own_history_12m,12 months,2026-10-01 00:00:00+00:00
BHV-002894,CUST-000290,unusual_timing,0.188,share 00-05 UTC,MEDIUM,own_history_12m,12 months,2026-10-01 00:00:00+00:00
BHV-002895,CUST-000290,unusual_location,0.0,share foreign-country tx,LOW,own_history_12m,12 months,2026-10-01 00:00:00+00:00
BHV-002896,CUST-000290,failed_transaction_rate,0.125,failed/all,MEDIUM,own_history_12m,12 months,2026-10-01 00:00:00+00:00
BHV-002897,CUST-000290,spending_pattern_change,0.088,last30 avg / prior90 avg,MEDIUM,own_history_12m,12 months,2026-10-01 00:00:00+00:00
BHV-002898,CUST-000290,transaction_burst,0,bursts (4 tx/15 min),LOW,own_history_12m,12 months,2026-10-01 00:00:00+00:00
BHV-002899,CUST-000290,account_age,232,days,LOW,own_history_12m,12 months,2026-10-01 00:00:00+00:00
BHV-002900,CUST-000290,recent_activity,241,days since last tx,HIGH,own_history_12m,12 months,2026-10-01 00:00:00+00:00
BHV-002901,CUST-000291,transaction_frequency,0.0843,tx/day,MEDIUM,own_history_12m,12 months,2026-10-01 00:00:00+00:00
BHV-002902,CUST-000291,transaction_velocity,1,max tx in 60 min,LOW,own_history_12m,12 months,2026-10-01 00:00:00+00:00
BHV-002903,CUST-000291,amount_deviation,2.867,|last30/prior90 - 1|,HIGH,own_history_12m,12 months,2026-10-01 00:00:00+00:00
BHV-002904,CUST-000291,unusual_timing,0.067,share 00-05 UTC,MEDIUM,own_history_12m,12 months,2026-10-01 00:00:00+00:00
BHV-002905,CUST-000291,unusual_location,0.0,share foreign-country tx,LOW,own_history_12m,12 months,2026-10-01 00:00:00+00:00
BHV-002906,CUST-000291,failed_transaction_rate,0.133,failed/all,MEDIUM,own_history_12m,12 months,2026-10-01 00:00:00+00:00
BHV-002907,CUST-000291,spending_pattern_change,3.867,last30 avg / prior90 avg,HIGH,own_history_12m,12 months,2026-10-01 00:00:00+00:00
BHV-002908,CUST-000291,transaction_burst,0,bursts (4 tx/15 min),LOW,own_history_12m,12 months,2026-10-01 00:00:00+00:00
BHV-002909,CUST-000291,account_age,178,days,MEDIUM,own_history_12m,12 months,2026-10-01 00:00:00+00:00
BHV-002910,CUST-000291,recent_activity,150,days since last tx,HIGH,own_history_12m,12 months,2026-10-01 00:00:00+00:00
BHV-002911,CUST-000292,transaction_frequency,0.0669,tx/day,MEDIUM,own_history_12m,12 months,2026-10-01 00:00:00+00:00
BHV-002912,CUST-000292,transaction_velocity,1,max tx in 60 min,LOW,own_history_12m,12 months,2026-10-01 00:00:00+00:00
BHV-002913,CUST-000292,amount_deviation,0.094,|last30/prior90 - 1|,LOW,own_history_12m,12 months,2026-10-01 00:00:00+00:00
BHV-002914,CUST-000292,unusual_timing,0.211,share 00-05 UTC,MEDIUM,own_history_12m,12 months,2026-10-01 00:00:00+00:00
BHV-002915,CUST-000292,unusual_location,0.0,share foreign-country tx,LOW,own_history_12m,12 months,2026-10-01 00:00:00+00:00
BHV-002916,CUST-000292,failed_transaction_rate,0.053,failed/all,LOW,own_history_12m,12 months,2026-10-01 00:00:00+00:00
BHV-002917,CUST-000292,spending_pattern_change,0.906,last30 avg / prior90 avg,LOW,own_history_12m,12 months,2026-10-01 00:00:00+00:00
BHV-002918,CUST-000292,transaction_burst,0,bursts (4 tx/15 min),LOW,own_history_12m,12 months,2026-10-01 00:00:00+00:00
BHV-002919,CUST-000292,account_age,284,days,LOW,own_history_12m,12 months,2026-10-01 00:00:00+00:00
BHV-002920,CUST-000292,recent_activity,275,days since last tx,HIGH,own_history_12m,12 months,2026-10-01 00:00:00+00:00
BHV-002921,CUST-000293,transaction_frequency,0.0825,tx/day,MEDIUM,own_history_12m,12 months,2026-10-01 00:00:00+00:00
BHV-002922,CUST-000293,transaction_velocity,1,max tx in 60 min,LOW,own_history_12m,12 months,2026-10-01 00:00:00+00:00
BHV-002923,CUST-000293,amount_deviation,0.191,|last30/prior90 - 1|,LOW,own_history_12m,12 months,2026-10-01 00:00:00+00:00
BHV-002924,CUST-000293,unusual_timing,0.125,share 00-05 UTC,MEDIUM,own_history_12m,12 months,2026-10-01 00:00:00+00:00
BHV-002925,CUST-000293,unusual_location,0.0,share foreign-country tx,LOW,own_history_12m,12 months,2026-10-01 00:00:00+00:00
BHV-002926,CUST-000293,failed_transaction_rate,0.25,failed/all,MEDIUM,own_history_12m,12 months,2026-10-01 00:00:00+00:00
BHV-002927,CUST-000293,spending_pattern_change,0.809,last30 avg / prior90 avg,LOW,own_history_12m,12 months,2026-10-01 00:00:00+00:00
BHV-002928,CUST-000293,transaction_burst,0,bursts (4 tx/15 min),LOW,own_history_12m,12 months,2026-10-01 00:00:00+00:00
BHV-002929,CUST-000293,account_age,97,days,MEDIUM,own_history_12m,12 months,2026-10-01 00:00:00+00:00
BHV-002930,CUST-000293,recent_activity,73,days since last tx,MEDIUM,own_history_12m,12 months,2026-10-01 00:00:00+00:00
BHV-002931,CUST-000294,transaction_frequency,0.0082,tx/day,LOW,own_history_12m,12 months,2026-10-01 00:00:00+00:00
BHV-002932,CUST-000294,transaction_velocity,1,max tx in 60 min,LOW,own_history_12m,12 months,2026-10-01 00:00:00+00:00
BHV-002933,CUST-000294,amount_deviation,0,|last30/prior90 - 1|,LOW,own_history_12m,12 months,2026-10-01 00:00:00+00:00
BHV-002934,CUST-000294,unusual_timing,0.667,share 00-05 UTC,HIGH,own_history_12m,12 months,2026-10-01 00:00:00+00:00
BHV-002935,CUST-000294,unusual_location,0.0,share foreign-country tx,LOW,own_history_12m,12 months,2026-10-01 00:00:00+00:00
BHV-002936,CUST-000294,failed_transaction_rate,0.0,failed/all,LOW,own_history_12m,12 months,2026-10-01 00:00:00+00:00
BHV-002937,CUST-000294,spending_pattern_change,,last30 avg / prior90 avg,LOW,own_history_12m,12 months,2026-10-01 00:00:00+00:00
BHV-002938,CUST-000294,transaction_burst,0,bursts (4 tx/15 min),LOW,own_history_12m,12 months,2026-10-01 00:00:00+00:00
BHV-002939,CUST-000294,account_age,364,days,LOW,own_history_12m,12 months,2026-10-01 00:00:00+00:00
BHV-002940,CUST-000294,recent_activity,254,days since last tx,HIGH,own_history_12m,12 months,2026-10-01 00:00:00+00:00
BHV-002941,CUST-000295,transaction_frequency,0.0561,tx/day,MEDIUM,own_history_12m,12 months,2026-10-01 00:00:00+00:00
BHV-002942,CUST-000295,transaction_velocity,1,max tx in 60 min,LOW,own_history_12m,12 months,2026-10-01 00:00:00+00:00
BHV-002943,CUST-000295,amount_deviation,0,|last30/prior90 - 1|,LOW,own_history_12m,12 months,2026-10-01 00:00:00+00:00
BHV-002944,CUST-000295,unusual_timing,0.333,share 00-05 UTC,HIGH,own_history_12m,12 months,2026-10-01 00:00:00+00:00
BHV-002945,CUST-000295,unusual_location,0.0,share foreign-country tx,LOW,own_history_12m,12 months,2026-10-01 00:00:00+00:00
BHV-002946,CUST-000295,failed_transaction_rate,0.0,failed/all,LOW,own_history_12m,12 months,2026-10-01 00:00:00+00:00
BHV-002947,CUST-000295,spending_pattern_change,,last30 avg / prior90 avg,LOW,own_history_12m,12 months,2026-10-01 00:00:00+00:00
BHV-002948,CUST-000295,transaction_burst,0,bursts (4 tx/15 min),LOW,own_history_12m,12 months,2026-10-01 00:00:00+00:00
BHV-002949,CUST-000295,account_age,214,days,LOW,own_history_12m,12 months,2026-10-01 00:00:00+00:00
BHV-002950,CUST-000295,recent_activity,209,days since last tx,HIGH,own_history_12m,12 months,2026-10-01 00:00:00+00:00
BHV-002951,CUST-000296,transaction_frequency,0.1262,tx/day,MEDIUM,own_history_12m,12 months,2026-10-01 00:00:00+00:00
BHV-002952,CUST-000296,transaction_velocity,1,max tx in 60 min,LOW,own_history_12m,12 months,2026-10-01 00:00:00+00:00
BHV-002953,CUST-000296,amount_deviation,0.17,|last30/prior90 - 1|,LOW,own_history_12m,12 months,2026-10-01 00:00:00+00:00
BHV-002954,CUST-000296,unusual_timing,0.308,share 00-05 UTC,HIGH,own_history_12m,12 months,2026-10-01 00:00:00+00:00
BHV-002955,CUST-000296,unusual_location,0.0,share foreign-country tx,LOW,own_history_12m,12 months,2026-10-01 00:00:00+00:00
BHV-002956,CUST-000296,failed_transaction_rate,0.154,failed/all,MEDIUM,own_history_12m,12 months,2026-10-01 00:00:00+00:00
BHV-002957,CUST-000296,spending_pattern_change,1.17,last30 avg / prior90 avg,LOW,own_history_12m,12 months,2026-10-01 00:00:00+00:00
BHV-002958,CUST-000296,transaction_burst,0,bursts (4 tx/15 min),LOW,own_history_12m,12 months,2026-10-01 00:00:00+00:00
BHV-002959,CUST-000296,account_age,103,days,MEDIUM,own_history_12m,12 months,2026-10-01 00:00:00+00:00
BHV-002960,CUST-000296,recent_activity,98,days since last tx,HIGH,own_history_12m,12 months,2026-10-01 00:00:00+00:00
BHV-002961,CUST-000297,transaction_frequency,0.1143,tx/day,MEDIUM,own_history_12m,12 months,2026-10-01 00:00:00+00:00
BHV-002962,CUST-000297,transaction_velocity,1,max tx in 60 min,LOW,own_history_12m,12 months,2026-10-01 00:00:00+00:00
BHV-002963,CUST-000297,amount_deviation,0.118,|last30/prior90 - 1|,LOW,own_history_12m,12 months,2026-10-01 00:00:00+00:00
BHV-002964,CUST-000297,unusual_timing,0.167,share 00-05 UTC,MEDIUM,own_history_12m,12 months,2026-10-01 00:00:00+00:00
BHV-002965,CUST-000297,unusual_location,0.0,share foreign-country tx,LOW,own_history_12m,12 months,2026-10-01 00:00:00+00:00
BHV-002966,CUST-000297,failed_transaction_rate,0.0,failed/all,LOW,own_history_12m,12 months,2026-10-01 00:00:00+00:00
BHV-002967,CUST-000297,spending_pattern_change,0.882,last30 avg / prior90 avg,LOW,own_history_12m,12 months,2026-10-01 00:00:00+00:00
BHV-002968,CUST-000297,transaction_burst,0,bursts (4 tx/15 min),LOW,own_history_12m,12 months,2026-10-01 00:00:00+00:00
BHV-002969,CUST-000297,account_age,105,days,MEDIUM,own_history_12m,12 months,2026-10-01 00:00:00+00:00
BHV-002970,CUST-000297,recent_activity,91,days since last tx,HIGH,own_history_12m,12 months,2026-10-01 00:00:00+00:00
BHV-002971,CUST-000298,transaction_frequency,0.0704,tx/day,MEDIUM,own_history_12m,12 months,2026-10-01 00:00:00+00:00
BHV-002972,CUST-000298,transaction_velocity,1,max tx in 60 min,LOW,own_history_12m,12 months,2026-10-01 00:00:00+00:00
BHV-002973,CUST-000298,amount_deviation,0,|last30/prior90 - 1|,LOW,own_history_12m,12 months,2026-10-01 00:00:00+00:00
BHV-002974,CUST-000298,unusual_timing,0.28,share 00-05 UTC,HIGH,own_history_12m,12 months,2026-10-01 00:00:00+00:00
BHV-002975,CUST-000298,unusual_location,0.0,share foreign-country tx,LOW,own_history_12m,12 months,2026-10-01 00:00:00+00:00
BHV-002976,CUST-000298,failed_transaction_rate,0.16,failed/all,MEDIUM,own_history_12m,12 months,2026-10-01 00:00:00+00:00
BHV-002977,CUST-000298,spending_pattern_change,,last30 avg / prior90 avg,LOW,own_history_12m,12 months,2026-10-01 00:00:00+00:00
BHV-002978,CUST-000298,transaction_burst,0,bursts (4 tx/15 min),LOW,own_history_12m,12 months,2026-10-01 00:00:00+00:00
BHV-002979,CUST-000298,account_age,355,days,LOW,own_history_12m,12 months,2026-10-01 00:00:00+00:00
BHV-002980,CUST-000298,recent_activity,348,days since last tx,HIGH,own_history_12m,12 months,2026-10-01 00:00:00+00:00
BHV-002981,CUST-000299,transaction_frequency,0.0269,tx/day,MEDIUM,own_history_12m,12 months,2026-10-01 00:00:00+00:00
BHV-002982,CUST-000299,transaction_velocity,1,max tx in 60 min,LOW,own_history_12m,12 months,2026-10-01 00:00:00+00:00
BHV-002983,CUST-000299,amount_deviation,0,|last30/prior90 - 1|,LOW,own_history_12m,12 months,2026-10-01 00:00:00+00:00
BHV-002984,CUST-000299,unusual_timing,0.222,share 00-05 UTC,MEDIUM,own_history_12m,12 months,2026-10-01 00:00:00+00:00
BHV-002985,CUST-000299,unusual_location,0.0,share foreign-country tx,LOW,own_history_12m,12 months,2026-10-01 00:00:00+00:00
BHV-002986,CUST-000299,failed_transaction_rate,0.111,failed/all,MEDIUM,own_history_12m,12 months,2026-10-01 00:00:00+00:00
BHV-002987,CUST-000299,spending_pattern_change,,last30 avg / prior90 avg,LOW,own_history_12m,12 months,2026-10-01 00:00:00+00:00
BHV-002988,CUST-000299,transaction_burst,0,bursts (4 tx/15 min),LOW,own_history_12m,12 months,2026-10-01 00:00:00+00:00
BHV-002989,CUST-000299,account_age,334,days,LOW,own_history_12m,12 months,2026-10-01 00:00:00+00:00
BHV-002990,CUST-000299,recent_activity,326,days since last tx,HIGH,own_history_12m,12 months,2026-10-01 00:00:00+00:00
BHV-002991,CUST-000300,transaction_frequency,0.0468,tx/day,MEDIUM,own_history_12m,12 months,2026-10-01 00:00:00+00:00
BHV-002992,CUST-000300,transaction_velocity,1,max tx in 60 min,LOW,own_history_12m,12 months,2026-10-01 00:00:00+00:00
BHV-002993,CUST-000300,amount_deviation,1.065,|last30/prior90 - 1|,HIGH,own_history_12m,12 months,2026-10-01 00:00:00+00:00
BHV-002994,CUST-000300,unusual_timing,0.429,share 00-05 UTC,HIGH,own_history_12m,12 months,2026-10-01 00:00:00+00:00
BHV-002995,CUST-000300,unusual_location,0.0,share foreign-country tx,LOW,own_history_12m,12 months,2026-10-01 00:00:00+00:00
BHV-002996,CUST-000300,failed_transaction_rate,0.071,failed/all,LOW,own_history_12m,12 months,2026-10-01 00:00:00+00:00
BHV-002997,CUST-000300,spending_pattern_change,2.065,last30 avg / prior90 avg,HIGH,own_history_12m,12 months,2026-10-01 00:00:00+00:00
BHV-002998,CUST-000300,transaction_burst,0,bursts (4 tx/15 min),LOW,own_history_12m,12 months,2026-10-01 00:00:00+00:00
BHV-002999,CUST-000300,account_age,299,days,LOW,own_history_12m,12 months,2026-10-01 00:00:00+00:00
BHV-003000,CUST-000300,recent_activity,280,days since last tx,HIGH,own_history_12m,12 months,2026-10-01 00:00:00+00:00
BHV-003001,CUST-000301,transaction_frequency,0.0401,tx/day,MEDIUM,own_history_12m,12 months,2026-10-01 00:00:00+00:00
BHV-003002,CUST-000301,transaction_velocity,1,max tx in 60 min,LOW,own_history_12m,12 months,2026-10-01 00:00:00+00:00
BHV-003003,CUST-000301,amount_deviation,0.677,|last30/prior90 - 1|,MEDIUM,own_history_12m,12 months,2026-10-01 00:00:00+00:00
BHV-003004,CUST-000301,unusual_timing,0.0,share 00-05 UTC,LOW,own_history_12m,12 months,2026-10-01 00:00:00+00:00
BHV-003005,CUST-000301,unusual_location,0.0,share foreign-country tx,LOW,own_history_12m,12 months,2026-10-01 00:00:00+00:00
BHV-003006,CUST-000301,failed_transaction_rate,0.154,failed/all,MEDIUM,own_history_12m,12 months,2026-10-01 00:00:00+00:00
BHV-003007,CUST-000301,spending_pattern_change,0.323,last30 avg / prior90 avg,MEDIUM,own_history_12m,12 months,2026-10-01 00:00:00+00:00
BHV-003008,CUST-000301,transaction_burst,0,bursts (4 tx/15 min),LOW,own_history_12m,12 months,2026-10-01 00:00:00+00:00
BHV-003009,CUST-000301,account_age,324,days,LOW,own_history_12m,12 months,2026-10-01 00:00:00+00:00
BHV-003010,CUST-000301,recent_activity,265,days since last tx,HIGH,own_history_12m,12 months,2026-10-01 00:00:00+00:00
BHV-003011,CUST-000302,transaction_frequency,0.08,tx/day,MEDIUM,own_history_12m,12 months,2026-10-01 00:00:00+00:00
BHV-003012,CUST-000302,transaction_velocity,1,max tx in 60 min,LOW,own_history_12m,12 months,2026-10-01 00:00:00+00:00
BHV-003013,CUST-000302,amount_deviation,0.479,|last30/prior90 - 1|,MEDIUM,own_history_12m,12 months,2026-10-01 00:00:00+00:00
BHV-003014,CUST-000302,unusual_timing,0.5,share 00-05 UTC,HIGH,own_history_12m,12 months,2026-10-01 00:00:00+00:00
BHV-003015,CUST-000302,unusual_location,0.0,share foreign-country tx,LOW,own_history_12m,12 months,2026-10-01 00:00:00+00:00
BHV-003016,CUST-000302,failed_transaction_rate,0.0,failed/all,LOW,own_history_12m,12 months,2026-10-01 00:00:00+00:00
BHV-003017,CUST-000302,spending_pattern_change,1.479,last30 avg / prior90 avg,MEDIUM,own_history_12m,12 months,2026-10-01 00:00:00+00:00
BHV-003018,CUST-000302,transaction_burst,0,bursts (4 tx/15 min),LOW,own_history_12m,12 months,2026-10-01 00:00:00+00:00
BHV-003019,CUST-000302,account_age,125,days,MEDIUM,own_history_12m,12 months,2026-10-01 00:00:00+00:00
BHV-003020,CUST-000302,recent_activity,90,days since last tx,MEDIUM,own_history_12m,12 months,2026-10-01 00:00:00+00:00
BHV-003021,CUST-000303,transaction_frequency,0.1327,tx/day,MEDIUM,own_history_12m,12 months,2026-10-01 00:00:00+00:00
BHV-003022,CUST-000303,transaction_velocity,1,max tx in 60 min,LOW,own_history_12m,12 months,2026-10-01 00:00:00+00:00
BHV-003023,CUST-000303,amount_deviation,0.182,|last30/prior90 - 1|,LOW,own_history_12m,12 months,2026-10-01 00:00:00+00:00
BHV-003024,CUST-000303,unusual_timing,0.154,share 00-05 UTC,MEDIUM,own_history_12m,12 months,2026-10-01 00:00:00+00:00
BHV-003025,CUST-000303,unusual_location,0.0,share foreign-country tx,LOW,own_history_12m,12 months,2026-10-01 00:00:00+00:00
BHV-003026,CUST-000303,failed_transaction_rate,0.231,failed/all,MEDIUM,own_history_12m,12 months,2026-10-01 00:00:00+00:00
BHV-003027,CUST-000303,spending_pattern_change,0.818,last30 avg / prior90 avg,LOW,own_history_12m,12 months,2026-10-01 00:00:00+00:00
BHV-003028,CUST-000303,transaction_burst,0,bursts (4 tx/15 min),LOW,own_history_12m,12 months,2026-10-01 00:00:00+00:00
BHV-003029,CUST-000303,account_age,98,days,MEDIUM,own_history_12m,12 months,2026-10-01 00:00:00+00:00
BHV-003030,CUST-000303,recent_activity,97,days since last tx,HIGH,own_history_12m,12 months,2026-10-01 00:00:00+00:00
BHV-003031,CUST-000304,transaction_frequency,0.0941,tx/day,MEDIUM,own_history_12m,12 months,2026-10-01 00:00:00+00:00
BHV-003032,CUST-000304,transaction_velocity,1,max tx in 60 min,LOW,own_history_12m,12 months,2026-10-01 00:00:00+00:00
BHV-003033,CUST-000304,amount_deviation,4.15,|last30/prior90 - 1|,HIGH,own_history_12m,12 months,2026-10-01 00:00:00+00:00
BHV-003034,CUST-000304,unusual_timing,0.25,share 00-05 UTC,HIGH,own_history_12m,12 months,2026-10-01 00:00:00+00:00
BHV-003035,CUST-000304,unusual_location,0.0,share foreign-country tx,LOW,own_history_12m,12 months,2026-10-01 00:00:00+00:00
BHV-003036,CUST-000304,failed_transaction_rate,0.062,failed/all,LOW,own_history_12m,12 months,2026-10-01 00:00:00+00:00
BHV-003037,CUST-000304,spending_pattern_change,5.15,last30 avg / prior90 avg,HIGH,own_history_12m,12 months,2026-10-01 00:00:00+00:00
BHV-003038,CUST-000304,transaction_burst,0,bursts (4 tx/15 min),LOW,own_history_12m,12 months,2026-10-01 00:00:00+00:00
BHV-003039,CUST-000304,account_age,170,days,MEDIUM,own_history_12m,12 months,2026-10-01 00:00:00+00:00
BHV-003040,CUST-000304,recent_activity,133,days since last tx,HIGH,own_history_12m,12 months,2026-10-01 00:00:00+00:00
BHV-003041,CUST-000305,transaction_frequency,0.0382,tx/day,MEDIUM,own_history_12m,12 months,2026-10-01 00:00:00+00:00
BHV-003042,CUST-000305,transaction_velocity,1,max tx in 60 min,LOW,own_history_12m,12 months,2026-10-01 00:00:00+00:00
BHV-003043,CUST-000305,amount_deviation,0,|last30/prior90 - 1|,LOW,own_history_12m,12 months,2026-10-01 00:00:00+00:00
BHV-003044,CUST-000305,unusual_timing,0.182,share 00-05 UTC,MEDIUM,own_history_12m,12 months,2026-10-01 00:00:00+00:00
BHV-003045,CUST-000305,unusual_location,0.0,share foreign-country tx,LOW,own_history_12m,12 months,2026-10-01 00:00:00+00:00
BHV-003046,CUST-000305,failed_transaction_rate,0.0,failed/all,LOW,own_history_12m,12 months,2026-10-01 00:00:00+00:00
BHV-003047,CUST-000305,spending_pattern_change,,last30 avg / prior90 avg,LOW,own_history_12m,12 months,2026-10-01 00:00:00+00:00
BHV-003048,CUST-000305,transaction_burst,0,bursts (4 tx/15 min),LOW,own_history_12m,12 months,2026-10-01 00:00:00+00:00
BHV-003049,CUST-000305,account_age,288,days,LOW,own_history_12m,12 months,2026-10-01 00:00:00+00:00
BHV-003050,CUST-000305,recent_activity,276,days since last tx,HIGH,own_history_12m,12 months,2026-10-01 00:00:00+00:00
BHV-003051,CUST-000306,transaction_frequency,0.0798,tx/day,MEDIUM,own_history_12m,12 months,2026-10-01 00:00:00+00:00
BHV-003052,CUST-000306,transaction_velocity,1,max tx in 60 min,LOW,own_history_12m,12 months,2026-10-01 00:00:00+00:00
BHV-003053,CUST-000306,amount_deviation,0.196,|last30/prior90 - 1|,LOW,own_history_12m,12 months,2026-10-01 00:00:00+00:00
BHV-003054,CUST-000306,unusual_timing,0.294,share 00-05 UTC,HIGH,own_history_12m,12 months,2026-10-01 00:00:00+00:00
BHV-003055,CUST-000306,unusual_location,0.0,share foreign-country tx,LOW,own_history_12m,12 months,2026-10-01 00:00:00+00:00
BHV-003056,CUST-000306,failed_transaction_rate,0.0,failed/all,LOW,own_history_12m,12 months,2026-10-01 00:00:00+00:00
BHV-003057,CUST-000306,spending_pattern_change,0.804,last30 avg / prior90 avg,LOW,own_history_12m,12 months,2026-10-01 00:00:00+00:00
BHV-003058,CUST-000306,transaction_burst,0,bursts (4 tx/15 min),LOW,own_history_12m,12 months,2026-10-01 00:00:00+00:00
BHV-003059,CUST-000306,account_age,213,days,LOW,own_history_12m,12 months,2026-10-01 00:00:00+00:00
BHV-003060,CUST-000306,recent_activity,193,days since last tx,HIGH,own_history_12m,12 months,2026-10-01 00:00:00+00:00
BHV-003061,CUST-000307,transaction_frequency,0.0495,tx/day,MEDIUM,own_history_12m,12 months,2026-10-01 00:00:00+00:00
BHV-003062,CUST-000307,transaction_velocity,1,max tx in 60 min,LOW,own_history_12m,12 months,2026-10-01 00:00:00+00:00
BHV-003063,CUST-000307,amount_deviation,1.822,|last30/prior90 - 1|,HIGH,own_history_12m,12 months,2026-10-01 00:00:00+00:00
BHV-003064,CUST-000307,unusual_timing,0.091,share 00-05 UTC,MEDIUM,own_history_12m,12 months,2026-10-01 00:00:00+00:00
BHV-003065,CUST-000307,unusual_location,0.0,share foreign-country tx,LOW,own_history_12m,12 months,2026-10-01 00:00:00+00:00
BHV-003066,CUST-000307,failed_transaction_rate,0.0,failed/all,LOW,own_history_12m,12 months,2026-10-01 00:00:00+00:00
BHV-003067,CUST-000307,spending_pattern_change,2.822,last30 avg / prior90 avg,HIGH,own_history_12m,12 months,2026-10-01 00:00:00+00:00
BHV-003068,CUST-000307,transaction_burst,0,bursts (4 tx/15 min),LOW,own_history_12m,12 months,2026-10-01 00:00:00+00:00
BHV-003069,CUST-000307,account_age,222,days,LOW,own_history_12m,12 months,2026-10-01 00:00:00+00:00
BHV-003070,CUST-000307,recent_activity,218,days since last tx,HIGH,own_history_12m,12 months,2026-10-01 00:00:00+00:00
BHV-003071,CUST-000308,transaction_frequency,0.044,tx/day,MEDIUM,own_history_12m,12 months,2026-10-01 00:00:00+00:00
BHV-003072,CUST-000308,transaction_velocity,1,max tx in 60 min,LOW,own_history_12m,12 months,2026-10-01 00:00:00+00:00
BHV-003073,CUST-000308,amount_deviation,0.783,|last30/prior90 - 1|,MEDIUM,own_history_12m,12 months,2026-10-01 00:00:00+00:00
BHV-003074,CUST-000308,unusual_timing,0.714,share 00-05 UTC,HIGH,own_history_12m,12 months,2026-10-01 00:00:00+00:00
BHV-003075,CUST-000308,unusual_location,0.0,share foreign-country tx,LOW,own_history_12m,12 months,2026-10-01 00:00:00+00:00
BHV-003076,CUST-000308,failed_transaction_rate,0.143,failed/all,MEDIUM,own_history_12m,12 months,2026-10-01 00:00:00+00:00
BHV-003077,CUST-000308,spending_pattern_change,0.217,last30 avg / prior90 avg,MEDIUM,own_history_12m,12 months,2026-10-01 00:00:00+00:00
BHV-003078,CUST-000308,transaction_burst,0,bursts (4 tx/15 min),LOW,own_history_12m,12 months,2026-10-01 00:00:00+00:00
BHV-003079,CUST-000308,account_age,159,days,MEDIUM,own_history_12m,12 months,2026-10-01 00:00:00+00:00
BHV-003080,CUST-000308,recent_activity,135,days since last tx,HIGH,own_history_12m,12 months,2026-10-01 00:00:00+00:00
BHV-003081,CUST-000309,transaction_frequency,0.0517,tx/day,MEDIUM,own_history_12m,12 months,2026-10-01 00:00:00+00:00
BHV-003082,CUST-000309,transaction_velocity,1,max tx in 60 min,LOW,own_history_12m,12 months,2026-10-01 00:00:00+00:00
BHV-003083,CUST-000309,amount_deviation,0.223,|last30/prior90 - 1|,LOW,own_history_12m,12 months,2026-10-01 00:00:00+00:00
BHV-003084,CUST-000309,unusual_timing,0.118,share 00-05 UTC,MEDIUM,own_history_12m,12 months,2026-10-01 00:00:00+00:00
BHV-003085,CUST-000309,unusual_location,0.0,share foreign-country tx,LOW,own_history_12m,12 months,2026-10-01 00:00:00+00:00
BHV-003086,CUST-000309,failed_transaction_rate,0.353,failed/all,HIGH,own_history_12m,12 months,2026-10-01 00:00:00+00:00
BHV-003087,CUST-000309,spending_pattern_change,1.223,last30 avg / prior90 avg,LOW,own_history_12m,12 months,2026-10-01 00:00:00+00:00
BHV-003088,CUST-000309,transaction_burst,0,bursts (4 tx/15 min),LOW,own_history_12m,12 months,2026-10-01 00:00:00+00:00
BHV-003089,CUST-000309,account_age,329,days,LOW,own_history_12m,12 months,2026-10-01 00:00:00+00:00
BHV-003090,CUST-000309,recent_activity,292,days since last tx,HIGH,own_history_12m,12 months,2026-10-01 00:00:00+00:00
BHV-003091,CUST-000310,transaction_frequency,0.063,tx/day,MEDIUM,own_history_12m,12 months,2026-10-01 00:00:00+00:00
BHV-003092,CUST-000310,transaction_velocity,1,max tx in 60 min,LOW,own_history_12m,12 months,2026-10-01 00:00:00+00:00
BHV-003093,CUST-000310,amount_deviation,0.481,|last30/prior90 - 1|,MEDIUM,own_history_12m,12 months,2026-10-01 00:00:00+00:00
BHV-003094,CUST-000310,unusual_timing,0.5,share 00-05 UTC,HIGH,own_history_12m,12 months,2026-10-01 00:00:00+00:00
BHV-003095,CUST-000310,unusual_location,0.0,share foreign-country tx,LOW,own_history_12m,12 months,2026-10-01 00:00:00+00:00
BHV-003096,CUST-000310,failed_transaction_rate,0.0,failed/all,LOW,own_history_12m,12 months,2026-10-01 00:00:00+00:00
BHV-003097,CUST-000310,spending_pattern_change,0.519,last30 avg / prior90 avg,MEDIUM,own_history_12m,12 months,2026-10-01 00:00:00+00:00
BHV-003098,CUST-000310,transaction_burst,0,bursts (4 tx/15 min),LOW,own_history_12m,12 months,2026-10-01 00:00:00+00:00
BHV-003099,CUST-000310,account_age,127,days,MEDIUM,own_history_12m,12 months,2026-10-01 00:00:00+00:00
BHV-003100,CUST-000310,recent_activity,89,days since last tx,MEDIUM,own_history_12m,12 months,2026-10-01 00:00:00+00:00
BHV-003101,CUST-000311,transaction_frequency,0.1047,tx/day,MEDIUM,own_history_12m,12 months,2026-10-01 00:00:00+00:00
BHV-003102,CUST-000311,transaction_velocity,1,max tx in 60 min,LOW,own_history_12m,12 months,2026-10-01 00:00:00+00:00
BHV-003103,CUST-000311,amount_deviation,0.639,|last30/prior90 - 1|,MEDIUM,own_history_12m,12 months,2026-10-01 00:00:00+00:00
BHV-003104,CUST-000311,unusual_timing,0.222,share 00-05 UTC,MEDIUM,own_history_12m,12 months,2026-10-01 00:00:00+00:00
BHV-003105,CUST-000311,unusual_location,0.0,share foreign-country tx,LOW,own_history_12m,12 months,2026-10-01 00:00:00+00:00
BHV-003106,CUST-000311,failed_transaction_rate,0.222,failed/all,MEDIUM,own_history_12m,12 months,2026-10-01 00:00:00+00:00
BHV-003107,CUST-000311,spending_pattern_change,1.639,last30 avg / prior90 avg,MEDIUM,own_history_12m,12 months,2026-10-01 00:00:00+00:00
BHV-003108,CUST-000311,transaction_burst,0,bursts (4 tx/15 min),LOW,own_history_12m,12 months,2026-10-01 00:00:00+00:00
BHV-003109,CUST-000311,account_age,86,days,MEDIUM,own_history_12m,12 months,2026-10-01 00:00:00+00:00
BHV-003110,CUST-000311,recent_activity,74,days since last tx,MEDIUM,own_history_12m,12 months,2026-10-01 00:00:00+00:00
BHV-003111,CUST-000312,transaction_frequency,0.0368,tx/day,MEDIUM,own_history_12m,12 months,2026-10-01 00:00:00+00:00
BHV-003112,CUST-000312,transaction_velocity,1,max tx in 60 min,LOW,own_history_12m,12 months,2026-10-01 00:00:00+00:00
BHV-003113,CUST-000312,amount_deviation,0.0,|last30/prior90 - 1|,LOW,own_history_12m,12 months,2026-10-01 00:00:00+00:00
BHV-003114,CUST-000312,unusual_timing,0.231,share 00-05 UTC,MEDIUM,own_history_12m,12 months,2026-10-01 00:00:00+00:00
BHV-003115,CUST-000312,unusual_location,0.0,share foreign-country tx,LOW,own_history_12m,12 months,2026-10-01 00:00:00+00:00
BHV-003116,CUST-000312,failed_transaction_rate,0.0,failed/all,LOW,own_history_12m,12 months,2026-10-01 00:00:00+00:00
BHV-003117,CUST-000312,spending_pattern_change,1.0,last30 avg / prior90 avg,LOW,own_history_12m,12 months,2026-10-01 00:00:00+00:00
BHV-003118,CUST-000312,transaction_burst,0,bursts (4 tx/15 min),LOW,own_history_12m,12 months,2026-10-01 00:00:00+00:00
BHV-003119,CUST-000312,account_age,353,days,LOW,own_history_12m,12 months,2026-10-01 00:00:00+00:00
BHV-003120,CUST-000312,recent_activity,322,days since last tx,HIGH,own_history_12m,12 months,2026-10-01 00:00:00+00:00
BHV-003121,CUST-000313,transaction_frequency,0.2,tx/day,HIGH,own_history_12m,12 months,2026-10-01 00:00:00+00:00
BHV-003122,CUST-000313,transaction_velocity,1,max tx in 60 min,LOW,own_history_12m,12 months,2026-10-01 00:00:00+00:00
BHV-003123,CUST-000313,amount_deviation,2.563,|last30/prior90 - 1|,HIGH,own_history_12m,12 months,2026-10-01 00:00:00+00:00
BHV-003124,CUST-000313,unusual_timing,0.267,share 00-05 UTC,HIGH,own_history_12m,12 months,2026-10-01 00:00:00+00:00
BHV-003125,CUST-000313,unusual_location,0.0,share foreign-country tx,LOW,own_history_12m,12 months,2026-10-01 00:00:00+00:00
BHV-003126,CUST-000313,failed_transaction_rate,0.067,failed/all,LOW,own_history_12m,12 months,2026-10-01 00:00:00+00:00
BHV-003127,CUST-000313,spending_pattern_change,3.563,last30 avg / prior90 avg,HIGH,own_history_12m,12 months,2026-10-01 00:00:00+00:00
BHV-003128,CUST-000313,transaction_burst,0,bursts (4 tx/15 min),LOW,own_history_12m,12 months,2026-10-01 00:00:00+00:00
BHV-003129,CUST-000313,account_age,75,days,MEDIUM,own_history_12m,12 months,2026-10-01 00:00:00+00:00
BHV-003130,CUST-000313,recent_activity,71,days since last tx,MEDIUM,own_history_12m,12 months,2026-10-01 00:00:00+00:00
BHV-003131,CUST-000314,transaction_frequency,0.1287,tx/day,MEDIUM,own_history_12m,12 months,2026-10-01 00:00:00+00:00
BHV-003132,CUST-000314,transaction_velocity,1,max tx in 60 min,LOW,own_history_12m,12 months,2026-10-01 00:00:00+00:00
BHV-003133,CUST-000314,amount_deviation,0.647,|last30/prior90 - 1|,MEDIUM,own_history_12m,12 months,2026-10-01 00:00:00+00:00
BHV-003134,CUST-000314,unusual_timing,0.385,share 00-05 UTC,HIGH,own_history_12m,12 months,2026-10-01 00:00:00+00:00
BHV-003135,CUST-000314,unusual_location,0.0,share foreign-country tx,LOW,own_history_12m,12 months,2026-10-01 00:00:00+00:00
BHV-003136,CUST-000314,failed_transaction_rate,0.0,failed/all,LOW,own_history_12m,12 months,2026-10-01 00:00:00+00:00
BHV-003137,CUST-000314,spending_pattern_change,0.353,last30 avg / prior90 avg,MEDIUM,own_history_12m,12 months,2026-10-01 00:00:00+00:00
BHV-003138,CUST-000314,transaction_burst,0,bursts (4 tx/15 min),LOW,own_history_12m,12 months,2026-10-01 00:00:00+00:00
BHV-003139,CUST-000314,account_age,101,days,MEDIUM,own_history_12m,12 months,2026-10-01 00:00:00+00:00
BHV-003140,CUST-000314,recent_activity,88,days since last tx,MEDIUM,own_history_12m,12 months,2026-10-01 00:00:00+00:00
BHV-003141,CUST-000315,transaction_frequency,0.0333,tx/day,MEDIUM,own_history_12m,12 months,2026-10-01 00:00:00+00:00
BHV-003142,CUST-000315,transaction_velocity,1,max tx in 60 min,LOW,own_history_12m,12 months,2026-10-01 00:00:00+00:00
BHV-003143,CUST-000315,amount_deviation,2.247,|last30/prior90 - 1|,HIGH,own_history_12m,12 months,2026-10-01 00:00:00+00:00
BHV-003144,CUST-000315,unusual_timing,0.25,share 00-05 UTC,HIGH,own_history_12m,12 months,2026-10-01 00:00:00+00:00
BHV-003145,CUST-000315,unusual_location,0.0,share foreign-country tx,LOW,own_history_12m,12 months,2026-10-01 00:00:00+00:00
BHV-003146,CUST-000315,failed_transaction_rate,0.25,failed/all,MEDIUM,own_history_12m,12 months,2026-10-01 00:00:00+00:00
BHV-003147,CUST-000315,spending_pattern_change,3.247,last30 avg / prior90 avg,HIGH,own_history_12m,12 months,2026-10-01 00:00:00+00:00
BHV-003148,CUST-000315,transaction_burst,0,bursts (4 tx/15 min),LOW,own_history_12m,12 months,2026-10-01 00:00:00+00:00
BHV-003149,CUST-000315,account_age,360,days,LOW,own_history_12m,12 months,2026-10-01 00:00:00+00:00
BHV-003150,CUST-000315,recent_activity,347,days since last tx,HIGH,own_history_12m,12 months,2026-10-01 00:00:00+00:00
BHV-003151,CUST-000316,transaction_frequency,0.2681,tx/day,HIGH,own_history_12m,12 months,2026-10-01 00:00:00+00:00
BHV-003152,CUST-000316,transaction_velocity,1,max tx in 60 min,LOW,own_history_12m,12 months,2026-10-01 00:00:00+00:00
BHV-003153,CUST-000316,amount_deviation,0.5,|last30/prior90 - 1|,MEDIUM,own_history_12m,12 months,2026-10-01 00:00:00+00:00
BHV-003154,CUST-000316,unusual_timing,0.143,share 00-05 UTC,MEDIUM,own_history_12m,12 months,2026-10-01 00:00:00+00:00
BHV-003155,CUST-000316,unusual_location,0.0,share foreign-country tx,LOW,own_history_12m,12 months,2026-10-01 00:00:00+00:00
BHV-003156,CUST-000316,failed_transaction_rate,0.063,failed/all,LOW,own_history_12m,12 months,2026-10-01 00:00:00+00:00
BHV-003157,CUST-000316,spending_pattern_change,1.5,last30 avg / prior90 avg,MEDIUM,own_history_12m,12 months,2026-10-01 00:00:00+00:00
BHV-003158,CUST-000316,transaction_burst,0,bursts (4 tx/15 min),LOW,own_history_12m,12 months,2026-10-01 00:00:00+00:00
BHV-003159,CUST-000316,account_age,235,days,LOW,own_history_12m,12 months,2026-10-01 00:00:00+00:00
BHV-003160,CUST-000316,recent_activity,227,days since last tx,HIGH,own_history_12m,12 months,2026-10-01 00:00:00+00:00
BHV-003161,CUST-000317,transaction_frequency,0.1082,tx/day,MEDIUM,own_history_12m,12 months,2026-10-01 00:00:00+00:00
BHV-003162,CUST-000317,transaction_velocity,1,max tx in 60 min,LOW,own_history_12m,12 months,2026-10-01 00:00:00+00:00
BHV-003163,CUST-000317,amount_deviation,0,|last30/prior90 - 1|,LOW,own_history_12m,12 months,2026-10-01 00:00:00+00:00
BHV-003164,CUST-000317,unusual_timing,0.381,share 00-05 UTC,HIGH,own_history_12m,12 months,2026-10-01 00:00:00+00:00
BHV-003165,CUST-000317,unusual_location,0.0,share foreign-country tx,LOW,own_history_12m,12 months,2026-10-01 00:00:00+00:00
BHV-003166,CUST-000317,failed_transaction_rate,0.048,failed/all,LOW,own_history_12m,12 months,2026-10-01 00:00:00+00:00
BHV-003167,CUST-000317,spending_pattern_change,,last30 avg / prior90 avg,LOW,own_history_12m,12 months,2026-10-01 00:00:00+00:00
BHV-003168,CUST-000317,transaction_burst,0,bursts (4 tx/15 min),LOW,own_history_12m,12 months,2026-10-01 00:00:00+00:00
BHV-003169,CUST-000317,account_age,194,days,LOW,own_history_12m,12 months,2026-10-01 00:00:00+00:00
BHV-003170,CUST-000317,recent_activity,181,days since last tx,HIGH,own_history_12m,12 months,2026-10-01 00:00:00+00:00
BHV-003171,CUST-000318,transaction_frequency,0.0433,tx/day,MEDIUM,own_history_12m,12 months,2026-10-01 00:00:00+00:00
BHV-003172,CUST-000318,transaction_velocity,1,max tx in 60 min,LOW,own_history_12m,12 months,2026-10-01 00:00:00+00:00
BHV-003173,CUST-000318,amount_deviation,0.809,|last30/prior90 - 1|,HIGH,own_history_12m,12 months,2026-10-01 00:00:00+00:00
BHV-003174,CUST-000318,unusual_timing,0.286,share 00-05 UTC,HIGH,own_history_12m,12 months,2026-10-01 00:00:00+00:00
BHV-003175,CUST-000318,unusual_location,0.0,share foreign-country tx,LOW,own_history_12m,12 months,2026-10-01 00:00:00+00:00
BHV-003176,CUST-000318,failed_transaction_rate,0.143,failed/all,MEDIUM,own_history_12m,12 months,2026-10-01 00:00:00+00:00
BHV-003177,CUST-000318,spending_pattern_change,0.191,last30 avg / prior90 avg,MEDIUM,own_history_12m,12 months,2026-10-01 00:00:00+00:00
BHV-003178,CUST-000318,transaction_burst,0,bursts (4 tx/15 min),LOW,own_history_12m,12 months,2026-10-01 00:00:00+00:00
BHV-003179,CUST-000318,account_age,323,days,LOW,own_history_12m,12 months,2026-10-01 00:00:00+00:00
BHV-003180,CUST-000318,recent_activity,307,days since last tx,HIGH,own_history_12m,12 months,2026-10-01 00:00:00+00:00
BHV-003181,CUST-000319,transaction_frequency,0.125,tx/day,MEDIUM,own_history_12m,12 months,2026-10-01 00:00:00+00:00
BHV-003182,CUST-000319,transaction_velocity,1,max tx in 60 min,LOW,own_history_12m,12 months,2026-10-01 00:00:00+00:00
BHV-003183,CUST-000319,amount_deviation,0.001,|last30/prior90 - 1|,LOW,own_history_12m,12 months,2026-10-01 00:00:00+00:00
BHV-003184,CUST-000319,unusual_timing,0.259,share 00-05 UTC,HIGH,own_history_12m,12 months,2026-10-01 00:00:00+00:00
BHV-003185,CUST-000319,unusual_location,0.0,share foreign-country tx,LOW,own_history_12m,12 months,2026-10-01 00:00:00+00:00
BHV-003186,CUST-000319,failed_transaction_rate,0.185,failed/all,MEDIUM,own_history_12m,12 months,2026-10-01 00:00:00+00:00
BHV-003187,CUST-000319,spending_pattern_change,0.999,last30 avg / prior90 avg,LOW,own_history_12m,12 months,2026-10-01 00:00:00+00:00
BHV-003188,CUST-000319,transaction_burst,0,bursts (4 tx/15 min),LOW,own_history_12m,12 months,2026-10-01 00:00:00+00:00
BHV-003189,CUST-000319,account_age,216,days,LOW,own_history_12m,12 months,2026-10-01 00:00:00+00:00
BHV-003190,CUST-000319,recent_activity,215,days since last tx,HIGH,own_history_12m,12 months,2026-10-01 00:00:00+00:00
BHV-003191,CUST-000320,transaction_frequency,0.0551,tx/day,MEDIUM,own_history_12m,12 months,2026-10-01 00:00:00+00:00
BHV-003192,CUST-000320,transaction_velocity,1,max tx in 60 min,LOW,own_history_12m,12 months,2026-10-01 00:00:00+00:00
BHV-003193,CUST-000320,amount_deviation,0.843,|last30/prior90 - 1|,HIGH,own_history_12m,12 months,2026-10-01 00:00:00+00:00
BHV-003194,CUST-000320,unusual_timing,0.263,share 00-05 UTC,HIGH,own_history_12m,12 months,2026-10-01 00:00:00+00:00
BHV-003195,CUST-000320,unusual_location,0.0,share foreign-country tx,LOW,own_history_12m,12 months,2026-10-01 00:00:00+00:00
BHV-003196,CUST-000320,failed_transaction_rate,0.474,failed/all,HIGH,own_history_12m,12 months,2026-10-01 00:00:00+00:00
BHV-003197,CUST-000320,spending_pattern_change,0.157,last30 avg / prior90 avg,MEDIUM,own_history_12m,12 months,2026-10-01 00:00:00+00:00
BHV-003198,CUST-000320,transaction_burst,0,bursts (4 tx/15 min),LOW,own_history_12m,12 months,2026-10-01 00:00:00+00:00
BHV-003199,CUST-000320,account_age,345,days,LOW,own_history_12m,12 months,2026-10-01 00:00:00+00:00
BHV-003200,CUST-000320,recent_activity,340,days since last tx,HIGH,own_history_12m,12 months,2026-10-01 00:00:00+00:00
BHV-003201,CUST-000321,transaction_frequency,0.0517,tx/day,MEDIUM,own_history_12m,12 months,2026-10-01 00:00:00+00:00
BHV-003202,CUST-000321,transaction_velocity,1,max tx in 60 min,LOW,own_history_12m,12 months,2026-10-01 00:00:00+00:00
BHV-003203,CUST-000321,amount_deviation,0.654,|last30/prior90 - 1|,MEDIUM,own_history_12m,12 months,2026-10-01 00:00:00+00:00
BHV-003204,CUST-000321,unusual_timing,0.294,share 00-05 UTC,HIGH,own_history_12m,12 months,2026-10-01 00:00:00+00:00
BHV-003205,CUST-000321,unusual_location,0.0,share foreign-country tx,LOW,own_history_12m,12 months,2026-10-01 00:00:00+00:00
BHV-003206,CUST-000321,failed_transaction_rate,0.235,failed/all,MEDIUM,own_history_12m,12 months,2026-10-01 00:00:00+00:00
BHV-003207,CUST-000321,spending_pattern_change,0.346,last30 avg / prior90 avg,MEDIUM,own_history_12m,12 months,2026-10-01 00:00:00+00:00
BHV-003208,CUST-000321,transaction_burst,0,bursts (4 tx/15 min),LOW,own_history_12m,12 months,2026-10-01 00:00:00+00:00
BHV-003209,CUST-000321,account_age,329,days,LOW,own_history_12m,12 months,2026-10-01 00:00:00+00:00
BHV-003210,CUST-000321,recent_activity,301,days since last tx,HIGH,own_history_12m,12 months,2026-10-01 00:00:00+00:00
BHV-003211,CUST-000322,transaction_frequency,0.0085,tx/day,LOW,own_history_12m,12 months,2026-10-01 00:00:00+00:00
BHV-003212,CUST-000322,transaction_velocity,1,max tx in 60 min,LOW,own_history_12m,12 months,2026-10-01 00:00:00+00:00
BHV-003213,CUST-000322,amount_deviation,0,|last30/prior90 - 1|,LOW,own_history_12m,12 months,2026-10-01 00:00:00+00:00
BHV-003214,CUST-000322,unusual_timing,0.5,share 00-05 UTC,HIGH,own_history_12m,12 months,2026-10-01 00:00:00+00:00
BHV-003215,CUST-000322,unusual_location,0.0,share foreign-country tx,LOW,own_history_12m,12 months,2026-10-01 00:00:00+00:00
BHV-003216,CUST-000322,failed_transaction_rate,0.0,failed/all,LOW,own_history_12m,12 months,2026-10-01 00:00:00+00:00
BHV-003217,CUST-000322,spending_pattern_change,,last30 avg / prior90 avg,LOW,own_history_12m,12 months,2026-10-01 00:00:00+00:00
BHV-003218,CUST-000322,transaction_burst,0,bursts (4 tx/15 min),LOW,own_history_12m,12 months,2026-10-01 00:00:00+00:00
BHV-003219,CUST-000322,account_age,234,days,LOW,own_history_12m,12 months,2026-10-01 00:00:00+00:00
BHV-003220,CUST-000322,recent_activity,86,days since last tx,MEDIUM,own_history_12m,12 months,2026-10-01 00:00:00+00:00
BHV-003221,CUST-000323,transaction_frequency,0.1869,tx/day,HIGH,own_history_12m,12 months,2026-10-01 00:00:00+00:00
BHV-003222,CUST-000323,transaction_velocity,1,max tx in 60 min,LOW,own_history_12m,12 months,2026-10-01 00:00:00+00:00
BHV-003223,CUST-000323,amount_deviation,0.158,|last30/prior90 - 1|,LOW,own_history_12m,12 months,2026-10-01 00:00:00+00:00
BHV-003224,CUST-000323,unusual_timing,0.05,share 00-05 UTC,MEDIUM,own_history_12m,12 months,2026-10-01 00:00:00+00:00
BHV-003225,CUST-000323,unusual_location,0.0,share foreign-country tx,LOW,own_history_12m,12 months,2026-10-01 00:00:00+00:00
BHV-003226,CUST-000323,failed_transaction_rate,0.2,failed/all,MEDIUM,own_history_12m,12 months,2026-10-01 00:00:00+00:00
BHV-003227,CUST-000323,spending_pattern_change,0.842,last30 avg / prior90 avg,LOW,own_history_12m,12 months,2026-10-01 00:00:00+00:00
BHV-003228,CUST-000323,transaction_burst,0,bursts (4 tx/15 min),LOW,own_history_12m,12 months,2026-10-01 00:00:00+00:00
BHV-003229,CUST-000323,account_age,107,days,MEDIUM,own_history_12m,12 months,2026-10-01 00:00:00+00:00
BHV-003230,CUST-000323,recent_activity,96,days since last tx,HIGH,own_history_12m,12 months,2026-10-01 00:00:00+00:00
BHV-003231,CUST-000324,transaction_frequency,0.1527,tx/day,HIGH,own_history_12m,12 months,2026-10-01 00:00:00+00:00
BHV-003232,CUST-000324,transaction_velocity,1,max tx in 60 min,LOW,own_history_12m,12 months,2026-10-01 00:00:00+00:00
BHV-003233,CUST-000324,amount_deviation,0.21,|last30/prior90 - 1|,LOW,own_history_12m,12 months,2026-10-01 00:00:00+00:00
BHV-003234,CUST-000324,unusual_timing,0.2,share 00-05 UTC,MEDIUM,own_history_12m,12 months,2026-10-01 00:00:00+00:00
BHV-003235,CUST-000324,unusual_location,0.0,share foreign-country tx,LOW,own_history_12m,12 months,2026-10-01 00:00:00+00:00
BHV-003236,CUST-000324,failed_transaction_rate,0.1,failed/all,MEDIUM,own_history_12m,12 months,2026-10-01 00:00:00+00:00
BHV-003237,CUST-000324,spending_pattern_change,1.21,last30 avg / prior90 avg,LOW,own_history_12m,12 months,2026-10-01 00:00:00+00:00
BHV-003238,CUST-000324,transaction_burst,0,bursts (4 tx/15 min),LOW,own_history_12m,12 months,2026-10-01 00:00:00+00:00
BHV-003239,CUST-000324,account_age,131,days,MEDIUM,own_history_12m,12 months,2026-10-01 00:00:00+00:00
BHV-003240,CUST-000324,recent_activity,119,days since last tx,HIGH,own_history_12m,12 months,2026-10-01 00:00:00+00:00
BHV-003241,CUST-000325,transaction_frequency,0.0943,tx/day,MEDIUM,own_history_12m,12 months,2026-10-01 00:00:00+00:00
BHV-003242,CUST-000325,transaction_velocity,1,max tx in 60 min,LOW,own_history_12m,12 months,2026-10-01 00:00:00+00:00
BHV-003243,CUST-000325,amount_deviation,0.112,|last30/prior90 - 1|,LOW,own_history_12m,12 months,2026-10-01 00:00:00+00:00
BHV-003244,CUST-000325,unusual_timing,0.304,share 00-05 UTC,HIGH,own_history_12m,12 months,2026-10-01 00:00:00+00:00
BHV-003245,CUST-000325,unusual_location,0.0,share foreign-country tx,LOW,own_history_12m,12 months,2026-10-01 00:00:00+00:00
BHV-003246,CUST-000325,failed_transaction_rate,0.0,failed/all,LOW,own_history_12m,12 months,2026-10-01 00:00:00+00:00
BHV-003247,CUST-000325,spending_pattern_change,0.888,last30 avg / prior90 avg,LOW,own_history_12m,12 months,2026-10-01 00:00:00+00:00
BHV-003248,CUST-000325,transaction_burst,0,bursts (4 tx/15 min),LOW,own_history_12m,12 months,2026-10-01 00:00:00+00:00
BHV-003249,CUST-000325,account_age,244,days,LOW,own_history_12m,12 months,2026-10-01 00:00:00+00:00
BHV-003250,CUST-000325,recent_activity,243,days since last tx,HIGH,own_history_12m,12 months,2026-10-01 00:00:00+00:00
BHV-003251,CUST-000326,transaction_frequency,0.2476,tx/day,HIGH,own_history_12m,12 months,2026-10-01 00:00:00+00:00
BHV-003252,CUST-000326,transaction_velocity,1,max tx in 60 min,LOW,own_history_12m,12 months,2026-10-01 00:00:00+00:00
BHV-003253,CUST-000326,amount_deviation,0.052,|last30/prior90 - 1|,LOW,own_history_12m,12 months,2026-10-01 00:00:00+00:00
BHV-003254,CUST-000326,unusual_timing,0.192,share 00-05 UTC,MEDIUM,own_history_12m,12 months,2026-10-01 00:00:00+00:00
BHV-003255,CUST-000326,unusual_location,0.0,share foreign-country tx,LOW,own_history_12m,12 months,2026-10-01 00:00:00+00:00
BHV-003256,CUST-000326,failed_transaction_rate,0.0,failed/all,LOW,own_history_12m,12 months,2026-10-01 00:00:00+00:00
BHV-003257,CUST-000326,spending_pattern_change,0.948,last30 avg / prior90 avg,LOW,own_history_12m,12 months,2026-10-01 00:00:00+00:00
BHV-003258,CUST-000326,transaction_burst,0,bursts (4 tx/15 min),LOW,own_history_12m,12 months,2026-10-01 00:00:00+00:00
BHV-003259,CUST-000326,account_age,105,days,MEDIUM,own_history_12m,12 months,2026-10-01 00:00:00+00:00
BHV-003260,CUST-000326,recent_activity,103,days since last tx,HIGH,own_history_12m,12 months,2026-10-01 00:00:00+00:00
BHV-003261,CUST-000327,transaction_frequency,0.0751,tx/day,MEDIUM,own_history_12m,12 months,2026-10-01 00:00:00+00:00
BHV-003262,CUST-000327,transaction_velocity,1,max tx in 60 min,LOW,own_history_12m,12 months,2026-10-01 00:00:00+00:00
BHV-003263,CUST-000327,amount_deviation,1.619,|last30/prior90 - 1|,HIGH,own_history_12m,12 months,2026-10-01 00:00:00+00:00
BHV-003264,CUST-000327,unusual_timing,0.188,share 00-05 UTC,MEDIUM,own_history_12m,12 months,2026-10-01 00:00:00+00:00
BHV-003265,CUST-000327,unusual_location,0.0,share foreign-country tx,LOW,own_history_12m,12 months,2026-10-01 00:00:00+00:00
BHV-003266,CUST-000327,failed_transaction_rate,0.0,failed/all,LOW,own_history_12m,12 months,2026-10-01 00:00:00+00:00
BHV-003267,CUST-000327,spending_pattern_change,2.619,last30 avg / prior90 avg,HIGH,own_history_12m,12 months,2026-10-01 00:00:00+00:00
BHV-003268,CUST-000327,transaction_burst,0,bursts (4 tx/15 min),LOW,own_history_12m,12 months,2026-10-01 00:00:00+00:00
BHV-003269,CUST-000327,account_age,213,days,LOW,own_history_12m,12 months,2026-10-01 00:00:00+00:00
BHV-003270,CUST-000327,recent_activity,203,days since last tx,HIGH,own_history_12m,12 months,2026-10-01 00:00:00+00:00
BHV-003271,CUST-000328,transaction_frequency,0.094,tx/day,MEDIUM,own_history_12m,12 months,2026-10-01 00:00:00+00:00
BHV-003272,CUST-000328,transaction_velocity,1,max tx in 60 min,LOW,own_history_12m,12 months,2026-10-01 00:00:00+00:00
BHV-003273,CUST-000328,amount_deviation,0.516,|last30/prior90 - 1|,MEDIUM,own_history_12m,12 months,2026-10-01 00:00:00+00:00
BHV-003274,CUST-000328,unusual_timing,0.091,share 00-05 UTC,MEDIUM,own_history_12m,12 months,2026-10-01 00:00:00+00:00
BHV-003275,CUST-000328,unusual_location,0.0,share foreign-country tx,LOW,own_history_12m,12 months,2026-10-01 00:00:00+00:00
BHV-003276,CUST-000328,failed_transaction_rate,0.091,failed/all,LOW,own_history_12m,12 months,2026-10-01 00:00:00+00:00
BHV-003277,CUST-000328,spending_pattern_change,0.484,last30 avg / prior90 avg,MEDIUM,own_history_12m,12 months,2026-10-01 00:00:00+00:00
BHV-003278,CUST-000328,transaction_burst,0,bursts (4 tx/15 min),LOW,own_history_12m,12 months,2026-10-01 00:00:00+00:00
BHV-003279,CUST-000328,account_age,234,days,LOW,own_history_12m,12 months,2026-10-01 00:00:00+00:00
BHV-003280,CUST-000328,recent_activity,209,days since last tx,HIGH,own_history_12m,12 months,2026-10-01 00:00:00+00:00
BHV-003281,CUST-000329,transaction_frequency,0.1061,tx/day,MEDIUM,own_history_12m,12 months,2026-10-01 00:00:00+00:00
BHV-003282,CUST-000329,transaction_velocity,1,max tx in 60 min,LOW,own_history_12m,12 months,2026-10-01 00:00:00+00:00
BHV-003283,CUST-000329,amount_deviation,0,|last30/prior90 - 1|,LOW,own_history_12m,12 months,2026-10-01 00:00:00+00:00
BHV-003284,CUST-000329,unusual_timing,0.154,share 00-05 UTC,MEDIUM,own_history_12m,12 months,2026-10-01 00:00:00+00:00
BHV-003285,CUST-000329,unusual_location,0.0,share foreign-country tx,LOW,own_history_12m,12 months,2026-10-01 00:00:00+00:00
BHV-003286,CUST-000329,failed_transaction_rate,0.115,failed/all,MEDIUM,own_history_12m,12 months,2026-10-01 00:00:00+00:00
BHV-003287,CUST-000329,spending_pattern_change,,last30 avg / prior90 avg,LOW,own_history_12m,12 months,2026-10-01 00:00:00+00:00
BHV-003288,CUST-000329,transaction_burst,0,bursts (4 tx/15 min),LOW,own_history_12m,12 months,2026-10-01 00:00:00+00:00
BHV-003289,CUST-000329,account_age,245,days,LOW,own_history_12m,12 months,2026-10-01 00:00:00+00:00
BHV-003290,CUST-000329,recent_activity,221,days since last tx,HIGH,own_history_12m,12 months,2026-10-01 00:00:00+00:00
BHV-003291,CUST-000330,transaction_frequency,0.0638,tx/day,MEDIUM,own_history_12m,12 months,2026-10-01 00:00:00+00:00
BHV-003292,CUST-000330,transaction_velocity,1,max tx in 60 min,LOW,own_history_12m,12 months,2026-10-01 00:00:00+00:00
BHV-003293,CUST-000330,amount_deviation,0,|last30/prior90 - 1|,LOW,own_history_12m,12 months,2026-10-01 00:00:00+00:00
BHV-003294,CUST-000330,unusual_timing,0.333,share 00-05 UTC,HIGH,own_history_12m,12 months,2026-10-01 00:00:00+00:00
BHV-003295,CUST-000330,unusual_location,0.0,share foreign-country tx,LOW,own_history_12m,12 months,2026-10-01 00:00:00+00:00
BHV-003296,CUST-000330,failed_transaction_rate,0.056,failed/all,LOW,own_history_12m,12 months,2026-10-01 00:00:00+00:00
BHV-003297,CUST-000330,spending_pattern_change,,last30 avg / prior90 avg,LOW,own_history_12m,12 months,2026-10-01 00:00:00+00:00
BHV-003298,CUST-000330,transaction_burst,0,bursts (4 tx/15 min),LOW,own_history_12m,12 months,2026-10-01 00:00:00+00:00
BHV-003299,CUST-000330,account_age,282,days,LOW,own_history_12m,12 months,2026-10-01 00:00:00+00:00
BHV-003300,CUST-000330,recent_activity,276,days since last tx,HIGH,own_history_12m,12 months,2026-10-01 00:00:00+00:00
BHV-003301,CUST-000331,transaction_frequency,0.0237,tx/day,MEDIUM,own_history_12m,12 months,2026-10-01 00:00:00+00:00
BHV-003302,CUST-000331,transaction_velocity,1,max tx in 60 min,LOW,own_history_12m,12 months,2026-10-01 00:00:00+00:00
BHV-003303,CUST-000331,amount_deviation,0,|last30/prior90 - 1|,LOW,own_history_12m,12 months,2026-10-01 00:00:00+00:00
BHV-003304,CUST-000331,unusual_timing,0.333,share 00-05 UTC,HIGH,own_history_12m,12 months,2026-10-01 00:00:00+00:00
BHV-003305,CUST-000331,unusual_location,0.0,share foreign-country tx,LOW,own_history_12m,12 months,2026-10-01 00:00:00+00:00
BHV-003306,CUST-000331,failed_transaction_rate,0.0,failed/all,LOW,own_history_12m,12 months,2026-10-01 00:00:00+00:00
BHV-003307,CUST-000331,spending_pattern_change,,last30 avg / prior90 avg,LOW,own_history_12m,12 months,2026-10-01 00:00:00+00:00
BHV-003308,CUST-000331,transaction_burst,0,bursts (4 tx/15 min),LOW,own_history_12m,12 months,2026-10-01 00:00:00+00:00
BHV-003309,CUST-000331,account_age,253,days,LOW,own_history_12m,12 months,2026-10-01 00:00:00+00:00
BHV-003310,CUST-000331,recent_activity,250,days since last tx,HIGH,own_history_12m,12 months,2026-10-01 00:00:00+00:00
BHV-003311,CUST-000332,transaction_frequency,0.299,tx/day,HIGH,own_history_12m,12 months,2026-10-01 00:00:00+00:00
BHV-003312,CUST-000332,transaction_velocity,2,max tx in 60 min,MEDIUM,own_history_12m,12 months,2026-10-01 00:00:00+00:00
BHV-003313,CUST-000332,amount_deviation,0.585,|last30/prior90 - 1|,MEDIUM,own_history_12m,12 months,2026-10-01 00:00:00+00:00
BHV-003314,CUST-000332,unusual_timing,0.241,share 00-05 UTC,MEDIUM,own_history_12m,12 months,2026-10-01 00:00:00+00:00
BHV-003315,CUST-000332,unusual_location,0.0,share foreign-country tx,LOW,own_history_12m,12 months,2026-10-01 00:00:00+00:00
BHV-003316,CUST-000332,failed_transaction_rate,0.069,failed/all,LOW,own_history_12m,12 months,2026-10-01 00:00:00+00:00
BHV-003317,CUST-000332,spending_pattern_change,0.415,last30 avg / prior90 avg,MEDIUM,own_history_12m,12 months,2026-10-01 00:00:00+00:00
BHV-003318,CUST-000332,transaction_burst,0,bursts (4 tx/15 min),LOW,own_history_12m,12 months,2026-10-01 00:00:00+00:00
BHV-003319,CUST-000332,account_age,97,days,MEDIUM,own_history_12m,12 months,2026-10-01 00:00:00+00:00
BHV-003320,CUST-000332,recent_activity,93,days since last tx,HIGH,own_history_12m,12 months,2026-10-01 00:00:00+00:00
BHV-003321,CUST-000333,transaction_frequency,0.1366,tx/day,MEDIUM,own_history_12m,12 months,2026-10-01 00:00:00+00:00
BHV-003322,CUST-000333,transaction_velocity,1,max tx in 60 min,LOW,own_history_12m,12 months,2026-10-01 00:00:00+00:00
BHV-003323,CUST-000333,amount_deviation,0.69,|last30/prior90 - 1|,MEDIUM,own_history_12m,12 months,2026-10-01 00:00:00+00:00
BHV-003324,CUST-000333,unusual_timing,0.182,share 00-05 UTC,MEDIUM,own_history_12m,12 months,2026-10-01 00:00:00+00:00
BHV-003325,CUST-000333,unusual_location,0.0,share foreign-country tx,LOW,own_history_12m,12 months,2026-10-01 00:00:00+00:00
BHV-003326,CUST-000333,failed_transaction_rate,0.136,failed/all,MEDIUM,own_history_12m,12 months,2026-10-01 00:00:00+00:00
BHV-003327,CUST-000333,spending_pattern_change,0.31,last30 avg / prior90 avg,MEDIUM,own_history_12m,12 months,2026-10-01 00:00:00+00:00
BHV-003328,CUST-000333,transaction_burst,0,bursts (4 tx/15 min),LOW,own_history_12m,12 months,2026-10-01 00:00:00+00:00
BHV-003329,CUST-000333,account_age,161,days,MEDIUM,own_history_12m,12 months,2026-10-01 00:00:00+00:00
BHV-003330,CUST-000333,recent_activity,156,days since last tx,HIGH,own_history_12m,12 months,2026-10-01 00:00:00+00:00
BHV-003331,CUST-000334,transaction_frequency,0.2632,tx/day,HIGH,own_history_12m,12 months,2026-10-01 00:00:00+00:00
BHV-003332,CUST-000334,transaction_velocity,1,max tx in 60 min,LOW,own_history_12m,12 months,2026-10-01 00:00:00+00:00
BHV-003333,CUST-000334,amount_deviation,0.334,|last30/prior90 - 1|,MEDIUM,own_history_12m,12 months,2026-10-01 00:00:00+00:00
BHV-003334,CUST-000334,unusual_timing,0.2,share 00-05 UTC,MEDIUM,own_history_12m,12 months,2026-10-01 00:00:00+00:00
BHV-003335,CUST-000334,unusual_location,0.0,share foreign-country tx,LOW,own_history_12m,12 months,2026-10-01 00:00:00+00:00
BHV-003336,CUST-000334,failed_transaction_rate,0.4,failed/all,HIGH,own_history_12m,12 months,2026-10-01 00:00:00+00:00
BHV-003337,CUST-000334,spending_pattern_change,0.666,last30 avg / prior90 avg,LOW,own_history_12m,12 months,2026-10-01 00:00:00+00:00
BHV-003338,CUST-000334,transaction_burst,0,bursts (4 tx/15 min),LOW,own_history_12m,12 months,2026-10-01 00:00:00+00:00
BHV-003339,CUST-000334,account_age,95,days,MEDIUM,own_history_12m,12 months,2026-10-01 00:00:00+00:00
BHV-003340,CUST-000334,recent_activity,90,days since last tx,MEDIUM,own_history_12m,12 months,2026-10-01 00:00:00+00:00
BHV-003341,CUST-000335,transaction_frequency,0.1848,tx/day,HIGH,own_history_12m,12 months,2026-10-01 00:00:00+00:00
BHV-003342,CUST-000335,transaction_velocity,1,max tx in 60 min,LOW,own_history_12m,12 months,2026-10-01 00:00:00+00:00
BHV-003343,CUST-000335,amount_deviation,0.214,|last30/prior90 - 1|,LOW,own_history_12m,12 months,2026-10-01 00:00:00+00:00
BHV-003344,CUST-000335,unusual_timing,0.18,share 00-05 UTC,MEDIUM,own_history_12m,12 months,2026-10-01 00:00:00+00:00
BHV-003345,CUST-000335,unusual_location,0.0,share foreign-country tx,LOW,own_history_12m,12 months,2026-10-01 00:00:00+00:00
BHV-003346,CUST-000335,failed_transaction_rate,0.098,failed/all,LOW,own_history_12m,12 months,2026-10-01 00:00:00+00:00
BHV-003347,CUST-000335,spending_pattern_change,0.786,last30 avg / prior90 avg,LOW,own_history_12m,12 months,2026-10-01 00:00:00+00:00
BHV-003348,CUST-000335,transaction_burst,0,bursts (4 tx/15 min),LOW,own_history_12m,12 months,2026-10-01 00:00:00+00:00
BHV-003349,CUST-000335,account_age,330,days,LOW,own_history_12m,12 months,2026-10-01 00:00:00+00:00
BHV-003350,CUST-000335,recent_activity,328,days since last tx,HIGH,own_history_12m,12 months,2026-10-01 00:00:00+00:00
BHV-003351,CUST-000336,transaction_frequency,0.0383,tx/day,MEDIUM,own_history_12m,12 months,2026-10-01 00:00:00+00:00
BHV-003352,CUST-000336,transaction_velocity,1,max tx in 60 min,LOW,own_history_12m,12 months,2026-10-01 00:00:00+00:00
BHV-003353,CUST-000336,amount_deviation,0.166,|last30/prior90 - 1|,LOW,own_history_12m,12 months,2026-10-01 00:00:00+00:00
BHV-003354,CUST-000336,unusual_timing,0.75,share 00-05 UTC,HIGH,own_history_12m,12 months,2026-10-01 00:00:00+00:00
BHV-003355,CUST-000336,unusual_location,0.0,share foreign-country tx,LOW,own_history_12m,12 months,2026-10-01 00:00:00+00:00
BHV-003356,CUST-000336,failed_transaction_rate,0.125,failed/all,MEDIUM,own_history_12m,12 months,2026-10-01 00:00:00+00:00
BHV-003357,CUST-000336,spending_pattern_change,1.166,last30 avg / prior90 avg,LOW,own_history_12m,12 months,2026-10-01 00:00:00+00:00
BHV-003358,CUST-000336,transaction_burst,0,bursts (4 tx/15 min),LOW,own_history_12m,12 months,2026-10-01 00:00:00+00:00
BHV-003359,CUST-000336,account_age,209,days,LOW,own_history_12m,12 months,2026-10-01 00:00:00+00:00
BHV-003360,CUST-000336,recent_activity,182,days since last tx,HIGH,own_history_12m,12 months,2026-10-01 00:00:00+00:00
BHV-003361,CUST-000337,transaction_frequency,0.0884,tx/day,MEDIUM,own_history_12m,12 months,2026-10-01 00:00:00+00:00
BHV-003362,CUST-000337,transaction_velocity,1,max tx in 60 min,LOW,own_history_12m,12 months,2026-10-01 00:00:00+00:00
BHV-003363,CUST-000337,amount_deviation,0.336,|last30/prior90 - 1|,MEDIUM,own_history_12m,12 months,2026-10-01 00:00:00+00:00
BHV-003364,CUST-000337,unusual_timing,0.269,share 00-05 UTC,HIGH,own_history_12m,12 months,2026-10-01 00:00:00+00:00
BHV-003365,CUST-000337,unusual_location,0.0,share foreign-country tx,LOW,own_history_12m,12 months,2026-10-01 00:00:00+00:00
BHV-003366,CUST-000337,failed_transaction_rate,0.192,failed/all,MEDIUM,own_history_12m,12 months,2026-10-01 00:00:00+00:00
BHV-003367,CUST-000337,spending_pattern_change,0.664,last30 avg / prior90 avg,LOW,own_history_12m,12 months,2026-10-01 00:00:00+00:00
BHV-003368,CUST-000337,transaction_burst,0,bursts (4 tx/15 min),LOW,own_history_12m,12 months,2026-10-01 00:00:00+00:00
BHV-003369,CUST-000337,account_age,294,days,LOW,own_history_12m,12 months,2026-10-01 00:00:00+00:00
BHV-003370,CUST-000337,recent_activity,284,days since last tx,HIGH,own_history_12m,12 months,2026-10-01 00:00:00+00:00
BHV-003371,CUST-000338,transaction_frequency,0.035,tx/day,MEDIUM,own_history_12m,12 months,2026-10-01 00:00:00+00:00
BHV-003372,CUST-000338,transaction_velocity,1,max tx in 60 min,LOW,own_history_12m,12 months,2026-10-01 00:00:00+00:00
BHV-003373,CUST-000338,amount_deviation,0.268,|last30/prior90 - 1|,LOW,own_history_12m,12 months,2026-10-01 00:00:00+00:00
BHV-003374,CUST-000338,unusual_timing,0.091,share 00-05 UTC,MEDIUM,own_history_12m,12 months,2026-10-01 00:00:00+00:00
BHV-003375,CUST-000338,unusual_location,0.0,share foreign-country tx,LOW,own_history_12m,12 months,2026-10-01 00:00:00+00:00
BHV-003376,CUST-000338,failed_transaction_rate,0.091,failed/all,LOW,own_history_12m,12 months,2026-10-01 00:00:00+00:00
BHV-003377,CUST-000338,spending_pattern_change,1.268,last30 avg / prior90 avg,LOW,own_history_12m,12 months,2026-10-01 00:00:00+00:00
BHV-003378,CUST-000338,transaction_burst,0,bursts (4 tx/15 min),LOW,own_history_12m,12 months,2026-10-01 00:00:00+00:00
BHV-003379,CUST-000338,account_age,314,days,LOW,own_history_12m,12 months,2026-10-01 00:00:00+00:00
BHV-003380,CUST-000338,recent_activity,293,days since last tx,HIGH,own_history_12m,12 months,2026-10-01 00:00:00+00:00
BHV-003381,CUST-000339,transaction_frequency,0.016,tx/day,LOW,own_history_12m,12 months,2026-10-01 00:00:00+00:00
BHV-003382,CUST-000339,transaction_velocity,1,max tx in 60 min,LOW,own_history_12m,12 months,2026-10-01 00:00:00+00:00
BHV-003383,CUST-000339,amount_deviation,0.0,|last30/prior90 - 1|,LOW,own_history_12m,12 months,2026-10-01 00:00:00+00:00
BHV-003384,CUST-000339,unusual_timing,0.0,share 00-05 UTC,LOW,own_history_12m,12 months,2026-10-01 00:00:00+00:00
BHV-003385,CUST-000339,unusual_location,0.0,share foreign-country tx,LOW,own_history_12m,12 months,2026-10-01 00:00:00+00:00
BHV-003386,CUST-000339,failed_transaction_rate,0.5,failed/all,HIGH,own_history_12m,12 months,2026-10-01 00:00:00+00:00
BHV-003387,CUST-000339,spending_pattern_change,1.0,last30 avg / prior90 avg,LOW,own_history_12m,12 months,2026-10-01 00:00:00+00:00
BHV-003388,CUST-000339,transaction_burst,0,bursts (4 tx/15 min),LOW,own_history_12m,12 months,2026-10-01 00:00:00+00:00
BHV-003389,CUST-000339,account_age,125,days,MEDIUM,own_history_12m,12 months,2026-10-01 00:00:00+00:00
BHV-003390,CUST-000339,recent_activity,124,days since last tx,HIGH,own_history_12m,12 months,2026-10-01 00:00:00+00:00
BHV-003391,CUST-000340,transaction_frequency,0.3647,tx/day,HIGH,own_history_12m,12 months,2026-10-01 00:00:00+00:00
BHV-003392,CUST-000340,transaction_velocity,1,max tx in 60 min,LOW,own_history_12m,12 months,2026-10-01 00:00:00+00:00
BHV-003393,CUST-000340,amount_deviation,0.847,|last30/prior90 - 1|,HIGH,own_history_12m,12 months,2026-10-01 00:00:00+00:00
BHV-003394,CUST-000340,unusual_timing,0.194,share 00-05 UTC,MEDIUM,own_history_12m,12 months,2026-10-01 00:00:00+00:00
BHV-003395,CUST-000340,unusual_location,0.0,share foreign-country tx,LOW,own_history_12m,12 months,2026-10-01 00:00:00+00:00
BHV-003396,CUST-000340,failed_transaction_rate,0.032,failed/all,LOW,own_history_12m,12 months,2026-10-01 00:00:00+00:00
BHV-003397,CUST-000340,spending_pattern_change,0.153,last30 avg / prior90 avg,MEDIUM,own_history_12m,12 months,2026-10-01 00:00:00+00:00
BHV-003398,CUST-000340,transaction_burst,0,bursts (4 tx/15 min),LOW,own_history_12m,12 months,2026-10-01 00:00:00+00:00
BHV-003399,CUST-000340,account_age,85,days,MEDIUM,own_history_12m,12 months,2026-10-01 00:00:00+00:00
BHV-003400,CUST-000340,recent_activity,91,days since last tx,HIGH,own_history_12m,12 months,2026-10-01 00:00:00+00:00
BHV-003401,CUST-000341,transaction_frequency,0.019,tx/day,LOW,own_history_12m,12 months,2026-10-01 00:00:00+00:00
BHV-003402,CUST-000341,transaction_velocity,1,max tx in 60 min,LOW,own_history_12m,12 months,2026-10-01 00:00:00+00:00
BHV-003403,CUST-000341,amount_deviation,2.455,|last30/prior90 - 1|,HIGH,own_history_12m,12 months,2026-10-01 00:00:00+00:00
BHV-003404,CUST-000341,unusual_timing,0.167,share 00-05 UTC,MEDIUM,own_history_12m,12 months,2026-10-01 00:00:00+00:00
BHV-003405,CUST-000341,unusual_location,0.0,share foreign-country tx,LOW,own_history_12m,12 months,2026-10-01 00:00:00+00:00
BHV-003406,CUST-000341,failed_transaction_rate,0.0,failed/all,LOW,own_history_12m,12 months,2026-10-01 00:00:00+00:00
BHV-003407,CUST-000341,spending_pattern_change,3.455,last30 avg / prior90 avg,HIGH,own_history_12m,12 months,2026-10-01 00:00:00+00:00
BHV-003408,CUST-000341,transaction_burst,0,bursts (4 tx/15 min),LOW,own_history_12m,12 months,2026-10-01 00:00:00+00:00
BHV-003409,CUST-000341,account_age,316,days,LOW,own_history_12m,12 months,2026-10-01 00:00:00+00:00
BHV-003410,CUST-000341,recent_activity,290,days since last tx,HIGH,own_history_12m,12 months,2026-10-01 00:00:00+00:00
BHV-003411,CUST-000342,transaction_frequency,0.3803,tx/day,HIGH,own_history_12m,12 months,2026-10-01 00:00:00+00:00
BHV-003412,CUST-000342,transaction_velocity,2,max tx in 60 min,MEDIUM,own_history_12m,12 months,2026-10-01 00:00:00+00:00
BHV-003413,CUST-000342,amount_deviation,0.162,|last30/prior90 - 1|,LOW,own_history_12m,12 months,2026-10-01 00:00:00+00:00
BHV-003414,CUST-000342,unusual_timing,0.185,share 00-05 UTC,MEDIUM,own_history_12m,12 months,2026-10-01 00:00:00+00:00
BHV-003415,CUST-000342,unusual_location,0.0,share foreign-country tx,LOW,own_history_12m,12 months,2026-10-01 00:00:00+00:00
BHV-003416,CUST-000342,failed_transaction_rate,0.074,failed/all,LOW,own_history_12m,12 months,2026-10-01 00:00:00+00:00
BHV-003417,CUST-000342,spending_pattern_change,0.838,last30 avg / prior90 avg,LOW,own_history_12m,12 months,2026-10-01 00:00:00+00:00
BHV-003418,CUST-000342,transaction_burst,0,bursts (4 tx/15 min),LOW,own_history_12m,12 months,2026-10-01 00:00:00+00:00
BHV-003419,CUST-000342,account_age,71,days,MEDIUM,own_history_12m,12 months,2026-10-01 00:00:00+00:00
BHV-003420,CUST-000342,recent_activity,68,days since last tx,MEDIUM,own_history_12m,12 months,2026-10-01 00:00:00+00:00
BHV-003421,CUST-000343,transaction_frequency,0.0108,tx/day,LOW,own_history_12m,12 months,2026-10-01 00:00:00+00:00
BHV-003422,CUST-000343,transaction_velocity,1,max tx in 60 min,LOW,own_history_12m,12 months,2026-10-01 00:00:00+00:00
BHV-003423,CUST-000343,amount_deviation,0,|last30/prior90 - 1|,LOW,own_history_12m,12 months,2026-10-01 00:00:00+00:00
BHV-003424,CUST-000343,unusual_timing,0.0,share 00-05 UTC,LOW,own_history_12m,12 months,2026-10-01 00:00:00+00:00
BHV-003425,CUST-000343,unusual_location,0.0,share foreign-country tx,LOW,own_history_12m,12 months,2026-10-01 00:00:00+00:00
BHV-003426,CUST-000343,failed_transaction_rate,0.0,failed/all,LOW,own_history_12m,12 months,2026-10-01 00:00:00+00:00
BHV-003427,CUST-000343,spending_pattern_change,,last30 avg / prior90 avg,LOW,own_history_12m,12 months,2026-10-01 00:00:00+00:00
BHV-003428,CUST-000343,transaction_burst,0,bursts (4 tx/15 min),LOW,own_history_12m,12 months,2026-10-01 00:00:00+00:00
BHV-003429,CUST-000343,account_age,278,days,LOW,own_history_12m,12 months,2026-10-01 00:00:00+00:00
BHV-003430,CUST-000343,recent_activity,254,days since last tx,HIGH,own_history_12m,12 months,2026-10-01 00:00:00+00:00
BHV-003431,CUST-000344,transaction_frequency,0.0692,tx/day,MEDIUM,own_history_12m,12 months,2026-10-01 00:00:00+00:00
BHV-003432,CUST-000344,transaction_velocity,1,max tx in 60 min,LOW,own_history_12m,12 months,2026-10-01 00:00:00+00:00
BHV-003433,CUST-000344,amount_deviation,0,|last30/prior90 - 1|,LOW,own_history_12m,12 months,2026-10-01 00:00:00+00:00
BHV-003434,CUST-000344,unusual_timing,0.2,share 00-05 UTC,MEDIUM,own_history_12m,12 months,2026-10-01 00:00:00+00:00
BHV-003435,CUST-000344,unusual_location,0.0,share foreign-country tx,LOW,own_history_12m,12 months,2026-10-01 00:00:00+00:00
BHV-003436,CUST-000344,failed_transaction_rate,0.15,failed/all,MEDIUM,own_history_12m,12 months,2026-10-01 00:00:00+00:00
BHV-003437,CUST-000344,spending_pattern_change,,last30 avg / prior90 avg,LOW,own_history_12m,12 months,2026-10-01 00:00:00+00:00
BHV-003438,CUST-000344,transaction_burst,0,bursts (4 tx/15 min),LOW,own_history_12m,12 months,2026-10-01 00:00:00+00:00
BHV-003439,CUST-000344,account_age,289,days,LOW,own_history_12m,12 months,2026-10-01 00:00:00+00:00
BHV-003440,CUST-000344,recent_activity,263,days since last tx,HIGH,own_history_12m,12 months,2026-10-01 00:00:00+00:00
BHV-003441,CUST-000345,transaction_frequency,0.3472,tx/day,HIGH,own_history_12m,12 months,2026-10-01 00:00:00+00:00
BHV-003442,CUST-000345,transaction_velocity,1,max tx in 60 min,LOW,own_history_12m,12 months,2026-10-01 00:00:00+00:00
BHV-003443,CUST-000345,amount_deviation,0.157,|last30/prior90 - 1|,LOW,own_history_12m,12 months,2026-10-01 00:00:00+00:00
BHV-003444,CUST-000345,unusual_timing,0.16,share 00-05 UTC,MEDIUM,own_history_12m,12 months,2026-10-01 00:00:00+00:00
BHV-003445,CUST-000345,unusual_location,0.0,share foreign-country tx,LOW,own_history_12m,12 months,2026-10-01 00:00:00+00:00
BHV-003446,CUST-000345,failed_transaction_rate,0.04,failed/all,LOW,own_history_12m,12 months,2026-10-01 00:00:00+00:00
BHV-003447,CUST-000345,spending_pattern_change,1.157,last30 avg / prior90 avg,LOW,own_history_12m,12 months,2026-10-01 00:00:00+00:00
BHV-003448,CUST-000345,transaction_burst,0,bursts (4 tx/15 min),LOW,own_history_12m,12 months,2026-10-01 00:00:00+00:00
BHV-003449,CUST-000345,account_age,72,days,MEDIUM,own_history_12m,12 months,2026-10-01 00:00:00+00:00
BHV-003450,CUST-000345,recent_activity,71,days since last tx,MEDIUM,own_history_12m,12 months,2026-10-01 00:00:00+00:00
BHV-003451,CUST-000346,transaction_frequency,0.0551,tx/day,MEDIUM,own_history_12m,12 months,2026-10-01 00:00:00+00:00
BHV-003452,CUST-000346,transaction_velocity,1,max tx in 60 min,LOW,own_history_12m,12 months,2026-10-01 00:00:00+00:00
BHV-003453,CUST-000346,amount_deviation,0.0,|last30/prior90 - 1|,LOW,own_history_12m,12 months,2026-10-01 00:00:00+00:00
BHV-003454,CUST-000346,unusual_timing,0.2,share 00-05 UTC,MEDIUM,own_history_12m,12 months,2026-10-01 00:00:00+00:00
BHV-003455,CUST-000346,unusual_location,0.0,share foreign-country tx,LOW,own_history_12m,12 months,2026-10-01 00:00:00+00:00
BHV-003456,CUST-000346,failed_transaction_rate,0.0,failed/all,LOW,own_history_12m,12 months,2026-10-01 00:00:00+00:00
BHV-003457,CUST-000346,spending_pattern_change,1.0,last30 avg / prior90 avg,LOW,own_history_12m,12 months,2026-10-01 00:00:00+00:00
BHV-003458,CUST-000346,transaction_burst,0,bursts (4 tx/15 min),LOW,own_history_12m,12 months,2026-10-01 00:00:00+00:00
BHV-003459,CUST-000346,account_age,272,days,LOW,own_history_12m,12 months,2026-10-01 00:00:00+00:00
BHV-003460,CUST-000346,recent_activity,272,days since last tx,HIGH,own_history_12m,12 months,2026-10-01 00:00:00+00:00
BHV-003461,CUST-000347,transaction_frequency,0.1477,tx/day,MEDIUM,own_history_12m,12 months,2026-10-01 00:00:00+00:00
BHV-003462,CUST-000347,transaction_velocity,1,max tx in 60 min,LOW,own_history_12m,12 months,2026-10-01 00:00:00+00:00
BHV-003463,CUST-000347,amount_deviation,0.05,|last30/prior90 - 1|,LOW,own_history_12m,12 months,2026-10-01 00:00:00+00:00
BHV-003464,CUST-000347,unusual_timing,0.455,share 00-05 UTC,HIGH,own_history_12m,12 months,2026-10-01 00:00:00+00:00
BHV-003465,CUST-000347,unusual_location,0.0,share foreign-country tx,LOW,own_history_12m,12 months,2026-10-01 00:00:00+00:00
BHV-003466,CUST-000347,failed_transaction_rate,0.045,failed/all,LOW,own_history_12m,12 months,2026-10-01 00:00:00+00:00
BHV-003467,CUST-000347,spending_pattern_change,0.95,last30 avg / prior90 avg,LOW,own_history_12m,12 months,2026-10-01 00:00:00+00:00
BHV-003468,CUST-000347,transaction_burst,0,bursts (4 tx/15 min),LOW,own_history_12m,12 months,2026-10-01 00:00:00+00:00
BHV-003469,CUST-000347,account_age,149,days,MEDIUM,own_history_12m,12 months,2026-10-01 00:00:00+00:00
BHV-003470,CUST-000347,recent_activity,144,days since last tx,HIGH,own_history_12m,12 months,2026-10-01 00:00:00+00:00
BHV-003471,CUST-000348,transaction_frequency,0.0884,tx/day,MEDIUM,own_history_12m,12 months,2026-10-01 00:00:00+00:00
BHV-003472,CUST-000348,transaction_velocity,1,max tx in 60 min,LOW,own_history_12m,12 months,2026-10-01 00:00:00+00:00
BHV-003473,CUST-000348,amount_deviation,0.386,|last30/prior90 - 1|,MEDIUM,own_history_12m,12 months,2026-10-01 00:00:00+00:00
BHV-003474,CUST-000348,unusual_timing,0.312,share 00-05 UTC,HIGH,own_history_12m,12 months,2026-10-01 00:00:00+00:00
BHV-003475,CUST-000348,unusual_location,0.0,share foreign-country tx,LOW,own_history_12m,12 months,2026-10-01 00:00:00+00:00
BHV-003476,CUST-000348,failed_transaction_rate,0.0,failed/all,LOW,own_history_12m,12 months,2026-10-01 00:00:00+00:00
BHV-003477,CUST-000348,spending_pattern_change,0.614,last30 avg / prior90 avg,LOW,own_history_12m,12 months,2026-10-01 00:00:00+00:00
BHV-003478,CUST-000348,transaction_burst,0,bursts (4 tx/15 min),LOW,own_history_12m,12 months,2026-10-01 00:00:00+00:00
BHV-003479,CUST-000348,account_age,181,days,LOW,own_history_12m,12 months,2026-10-01 00:00:00+00:00
BHV-003480,CUST-000348,recent_activity,176,days since last tx,HIGH,own_history_12m,12 months,2026-10-01 00:00:00+00:00
BHV-003481,CUST-000349,transaction_frequency,0.051,tx/day,MEDIUM,own_history_12m,12 months,2026-10-01 00:00:00+00:00
BHV-003482,CUST-000349,transaction_velocity,1,max tx in 60 min,LOW,own_history_12m,12 months,2026-10-01 00:00:00+00:00
BHV-003483,CUST-000349,amount_deviation,0.0,|last30/prior90 - 1|,LOW,own_history_12m,12 months,2026-10-01 00:00:00+00:00
BHV-003484,CUST-000349,unusual_timing,0.133,share 00-05 UTC,MEDIUM,own_history_12m,12 months,2026-10-01 00:00:00+00:00
BHV-003485,CUST-000349,unusual_location,0.0,share foreign-country tx,LOW,own_history_12m,12 months,2026-10-01 00:00:00+00:00
BHV-003486,CUST-000349,failed_transaction_rate,0.2,failed/all,MEDIUM,own_history_12m,12 months,2026-10-01 00:00:00+00:00
BHV-003487,CUST-000349,spending_pattern_change,1.0,last30 avg / prior90 avg,LOW,own_history_12m,12 months,2026-10-01 00:00:00+00:00
BHV-003488,CUST-000349,transaction_burst,0,bursts (4 tx/15 min),LOW,own_history_12m,12 months,2026-10-01 00:00:00+00:00
BHV-003489,CUST-000349,account_age,294,days,LOW,own_history_12m,12 months,2026-10-01 00:00:00+00:00
BHV-003490,CUST-000349,recent_activity,288,days since last tx,HIGH,own_history_12m,12 months,2026-10-01 00:00:00+00:00
BHV-003491,CUST-000350,transaction_frequency,0.0603,tx/day,MEDIUM,own_history_12m,12 months,2026-10-01 00:00:00+00:00
BHV-003492,CUST-000350,transaction_velocity,1,max tx in 60 min,LOW,own_history_12m,12 months,2026-10-01 00:00:00+00:00
BHV-003493,CUST-000350,amount_deviation,0,|last30/prior90 - 1|,LOW,own_history_12m,12 months,2026-10-01 00:00:00+00:00
BHV-003494,CUST-000350,unusual_timing,0.471,share 00-05 UTC,HIGH,own_history_12m,12 months,2026-10-01 00:00:00+00:00
BHV-003495,CUST-000350,unusual_location,0.0,share foreign-country tx,LOW,own_history_12m,12 months,2026-10-01 00:00:00+00:00
BHV-003496,CUST-000350,failed_transaction_rate,0.0,failed/all,LOW,own_history_12m,12 months,2026-10-01 00:00:00+00:00
BHV-003497,CUST-000350,spending_pattern_change,,last30 avg / prior90 avg,LOW,own_history_12m,12 months,2026-10-01 00:00:00+00:00
BHV-003498,CUST-000350,transaction_burst,0,bursts (4 tx/15 min),LOW,own_history_12m,12 months,2026-10-01 00:00:00+00:00
BHV-003499,CUST-000350,account_age,282,days,LOW,own_history_12m,12 months,2026-10-01 00:00:00+00:00
BHV-003500,CUST-000350,recent_activity,270,days since last tx,HIGH,own_history_12m,12 months,2026-10-01 00:00:00+00:00
BHV-003501,CUST-000351,transaction_frequency,0.046,tx/day,MEDIUM,own_history_12m,12 months,2026-10-01 00:00:00+00:00
BHV-003502,CUST-000351,transaction_velocity,1,max tx in 60 min,LOW,own_history_12m,12 months,2026-10-01 00:00:00+00:00
BHV-003503,CUST-000351,amount_deviation,0.834,|last30/prior90 - 1|,HIGH,own_history_12m,12 months,2026-10-01 00:00:00+00:00
BHV-003504,CUST-000351,unusual_timing,0.267,share 00-05 UTC,HIGH,own_history_12m,12 months,2026-10-01 00:00:00+00:00
BHV-003505,CUST-000351,unusual_location,0.0,share foreign-country tx,LOW,own_history_12m,12 months,2026-10-01 00:00:00+00:00
BHV-003506,CUST-000351,failed_transaction_rate,0.0,failed/all,LOW,own_history_12m,12 months,2026-10-01 00:00:00+00:00
BHV-003507,CUST-000351,spending_pattern_change,0.166,last30 avg / prior90 avg,MEDIUM,own_history_12m,12 months,2026-10-01 00:00:00+00:00
BHV-003508,CUST-000351,transaction_burst,0,bursts (4 tx/15 min),LOW,own_history_12m,12 months,2026-10-01 00:00:00+00:00
BHV-003509,CUST-000351,account_age,326,days,LOW,own_history_12m,12 months,2026-10-01 00:00:00+00:00
BHV-003510,CUST-000351,recent_activity,311,days since last tx,HIGH,own_history_12m,12 months,2026-10-01 00:00:00+00:00
BHV-003511,CUST-000352,transaction_frequency,0.0432,tx/day,MEDIUM,own_history_12m,12 months,2026-10-01 00:00:00+00:00
BHV-003512,CUST-000352,transaction_velocity,1,max tx in 60 min,LOW,own_history_12m,12 months,2026-10-01 00:00:00+00:00
BHV-003513,CUST-000352,amount_deviation,4.118,|last30/prior90 - 1|,HIGH,own_history_12m,12 months,2026-10-01 00:00:00+00:00
BHV-003514,CUST-000352,unusual_timing,0.231,share 00-05 UTC,MEDIUM,own_history_12m,12 months,2026-10-01 00:00:00+00:00
BHV-003515,CUST-000352,unusual_location,0.0,share foreign-country tx,LOW,own_history_12m,12 months,2026-10-01 00:00:00+00:00
BHV-003516,CUST-000352,failed_transaction_rate,0.154,failed/all,MEDIUM,own_history_12m,12 months,2026-10-01 00:00:00+00:00
BHV-003517,CUST-000352,spending_pattern_change,5.118,last30 avg / prior90 avg,HIGH,own_history_12m,12 months,2026-10-01 00:00:00+00:00
BHV-003518,CUST-000352,transaction_burst,0,bursts (4 tx/15 min),LOW,own_history_12m,12 months,2026-10-01 00:00:00+00:00
BHV-003519,CUST-000352,account_age,301,days,LOW,own_history_12m,12 months,2026-10-01 00:00:00+00:00
BHV-003520,CUST-000352,recent_activity,278,days since last tx,HIGH,own_history_12m,12 months,2026-10-01 00:00:00+00:00
BHV-003521,CUST-000353,transaction_frequency,0.0114,tx/day,LOW,own_history_12m,12 months,2026-10-01 00:00:00+00:00
BHV-003522,CUST-000353,transaction_velocity,1,max tx in 60 min,LOW,own_history_12m,12 months,2026-10-01 00:00:00+00:00
BHV-003523,CUST-000353,amount_deviation,0,|last30/prior90 - 1|,LOW,own_history_12m,12 months,2026-10-01 00:00:00+00:00
BHV-003524,CUST-000353,unusual_timing,0.5,share 00-05 UTC,HIGH,own_history_12m,12 months,2026-10-01 00:00:00+00:00
BHV-003525,CUST-000353,unusual_location,0.0,share foreign-country tx,LOW,own_history_12m,12 months,2026-10-01 00:00:00+00:00
BHV-003526,CUST-000353,failed_transaction_rate,0.5,failed/all,HIGH,own_history_12m,12 months,2026-10-01 00:00:00+00:00
BHV-003527,CUST-000353,spending_pattern_change,,last30 avg / prior90 avg,LOW,own_history_12m,12 months,2026-10-01 00:00:00+00:00
BHV-003528,CUST-000353,transaction_burst,0,bursts (4 tx/15 min),LOW,own_history_12m,12 months,2026-10-01 00:00:00+00:00
BHV-003529,CUST-000353,account_age,175,days,MEDIUM,own_history_12m,12 months,2026-10-01 00:00:00+00:00
BHV-003530,CUST-000353,recent_activity,89,days since last tx,MEDIUM,own_history_12m,12 months,2026-10-01 00:00:00+00:00
BHV-003531,CUST-000354,transaction_frequency,0.1849,tx/day,HIGH,own_history_12m,12 months,2026-10-01 00:00:00+00:00
BHV-003532,CUST-000354,transaction_velocity,1,max tx in 60 min,LOW,own_history_12m,12 months,2026-10-01 00:00:00+00:00
BHV-003533,CUST-000354,amount_deviation,0.659,|last30/prior90 - 1|,MEDIUM,own_history_12m,12 months,2026-10-01 00:00:00+00:00
BHV-003534,CUST-000354,unusual_timing,0.37,share 00-05 UTC,HIGH,own_history_12m,12 months,2026-10-01 00:00:00+00:00
BHV-003535,CUST-000354,unusual_location,0.0,share foreign-country tx,LOW,own_history_12m,12 months,2026-10-01 00:00:00+00:00
BHV-003536,CUST-000354,failed_transaction_rate,0.037,failed/all,LOW,own_history_12m,12 months,2026-10-01 00:00:00+00:00
BHV-003537,CUST-000354,spending_pattern_change,0.341,last30 avg / prior90 avg,MEDIUM,own_history_12m,12 months,2026-10-01 00:00:00+00:00
BHV-003538,CUST-000354,transaction_burst,0,bursts (4 tx/15 min),LOW,own_history_12m,12 months,2026-10-01 00:00:00+00:00
BHV-003539,CUST-000354,account_age,146,days,MEDIUM,own_history_12m,12 months,2026-10-01 00:00:00+00:00
BHV-003540,CUST-000354,recent_activity,140,days since last tx,HIGH,own_history_12m,12 months,2026-10-01 00:00:00+00:00
BHV-003541,CUST-000355,transaction_frequency,0.2268,tx/day,HIGH,own_history_12m,12 months,2026-10-01 00:00:00+00:00
BHV-003542,CUST-000355,transaction_velocity,1,max tx in 60 min,LOW,own_history_12m,12 months,2026-10-01 00:00:00+00:00
BHV-003543,CUST-000355,amount_deviation,1.483,|last30/prior90 - 1|,HIGH,own_history_12m,12 months,2026-10-01 00:00:00+00:00
BHV-003544,CUST-000355,unusual_timing,0.136,share 00-05 UTC,MEDIUM,own_history_12m,12 months,2026-10-01 00:00:00+00:00
BHV-003545,CUST-000355,unusual_location,0.0,share foreign-country tx,LOW,own_history_12m,12 months,2026-10-01 00:00:00+00:00
BHV-003546,CUST-000355,failed_transaction_rate,0.182,failed/all,MEDIUM,own_history_12m,12 months,2026-10-01 00:00:00+00:00
BHV-003547,CUST-000355,spending_pattern_change,2.483,last30 avg / prior90 avg,HIGH,own_history_12m,12 months,2026-10-01 00:00:00+00:00
BHV-003548,CUST-000355,transaction_burst,0,bursts (4 tx/15 min),LOW,own_history_12m,12 months,2026-10-01 00:00:00+00:00
BHV-003549,CUST-000355,account_age,97,days,MEDIUM,own_history_12m,12 months,2026-10-01 00:00:00+00:00
BHV-003550,CUST-000355,recent_activity,91,days since last tx,HIGH,own_history_12m,12 months,2026-10-01 00:00:00+00:00
BHV-003551,CUST-000356,transaction_frequency,0.129,tx/day,MEDIUM,own_history_12m,12 months,2026-10-01 00:00:00+00:00
BHV-003552,CUST-000356,transaction_velocity,1,max tx in 60 min,LOW,own_history_12m,12 months,2026-10-01 00:00:00+00:00
BHV-003553,CUST-000356,amount_deviation,0.88,|last30/prior90 - 1|,HIGH,own_history_12m,12 months,2026-10-01 00:00:00+00:00
BHV-003554,CUST-000356,unusual_timing,0.143,share 00-05 UTC,MEDIUM,own_history_12m,12 months,2026-10-01 00:00:00+00:00
BHV-003555,CUST-000356,unusual_location,0.0,share foreign-country tx,LOW,own_history_12m,12 months,2026-10-01 00:00:00+00:00
BHV-003556,CUST-000356,failed_transaction_rate,0.036,failed/all,LOW,own_history_12m,12 months,2026-10-01 00:00:00+00:00
BHV-003557,CUST-000356,spending_pattern_change,0.12,last30 avg / prior90 avg,MEDIUM,own_history_12m,12 months,2026-10-01 00:00:00+00:00
BHV-003558,CUST-000356,transaction_burst,0,bursts (4 tx/15 min),LOW,own_history_12m,12 months,2026-10-01 00:00:00+00:00
BHV-003559,CUST-000356,account_age,217,days,LOW,own_history_12m,12 months,2026-10-01 00:00:00+00:00
BHV-003560,CUST-000356,recent_activity,211,days since last tx,HIGH,own_history_12m,12 months,2026-10-01 00:00:00+00:00
BHV-003561,CUST-000357,transaction_frequency,0.0887,tx/day,MEDIUM,own_history_12m,12 months,2026-10-01 00:00:00+00:00
BHV-003562,CUST-000357,transaction_velocity,2,max tx in 60 min,MEDIUM,own_history_12m,12 months,2026-10-01 00:00:00+00:00
BHV-003563,CUST-000357,amount_deviation,3.827,|last30/prior90 - 1|,HIGH,own_history_12m,12 months,2026-10-01 00:00:00+00:00
BHV-003564,CUST-000357,unusual_timing,0.276,share 00-05 UTC,HIGH,own_history_12m,12 months,2026-10-01 00:00:00+00:00
BHV-003565,CUST-000357,unusual_location,0.0,share foreign-country tx,LOW,own_history_12m,12 months,2026-10-01 00:00:00+00:00
BHV-003566,CUST-000357,failed_transaction_rate,0.069,failed/all,LOW,own_history_12m,12 months,2026-10-01 00:00:00+00:00
BHV-003567,CUST-000357,spending_pattern_change,4.827,last30 avg / prior90 avg,HIGH,own_history_12m,12 months,2026-10-01 00:00:00+00:00
BHV-003568,CUST-000357,transaction_burst,0,bursts (4 tx/15 min),LOW,own_history_12m,12 months,2026-10-01 00:00:00+00:00
BHV-003569,CUST-000357,account_age,327,days,LOW,own_history_12m,12 months,2026-10-01 00:00:00+00:00
BHV-003570,CUST-000357,recent_activity,290,days since last tx,HIGH,own_history_12m,12 months,2026-10-01 00:00:00+00:00
BHV-003571,CUST-000358,transaction_frequency,0.0254,tx/day,MEDIUM,own_history_12m,12 months,2026-10-01 00:00:00+00:00
BHV-003572,CUST-000358,transaction_velocity,1,max tx in 60 min,LOW,own_history_12m,12 months,2026-10-01 00:00:00+00:00
BHV-003573,CUST-000358,amount_deviation,0,|last30/prior90 - 1|,LOW,own_history_12m,12 months,2026-10-01 00:00:00+00:00
BHV-003574,CUST-000358,unusual_timing,0.429,share 00-05 UTC,HIGH,own_history_12m,12 months,2026-10-01 00:00:00+00:00
BHV-003575,CUST-000358,unusual_location,0.0,share foreign-country tx,LOW,own_history_12m,12 months,2026-10-01 00:00:00+00:00
BHV-003576,CUST-000358,failed_transaction_rate,0.0,failed/all,LOW,own_history_12m,12 months,2026-10-01 00:00:00+00:00
BHV-003577,CUST-000358,spending_pattern_change,,last30 avg / prior90 avg,LOW,own_history_12m,12 months,2026-10-01 00:00:00+00:00
BHV-003578,CUST-000358,transaction_burst,0,bursts (4 tx/15 min),LOW,own_history_12m,12 months,2026-10-01 00:00:00+00:00
BHV-003579,CUST-000358,account_age,276,days,LOW,own_history_12m,12 months,2026-10-01 00:00:00+00:00
BHV-003580,CUST-000358,recent_activity,269,days since last tx,HIGH,own_history_12m,12 months,2026-10-01 00:00:00+00:00
BHV-003581,CUST-000359,transaction_frequency,0.2,tx/day,HIGH,own_history_12m,12 months,2026-10-01 00:00:00+00:00
BHV-003582,CUST-000359,transaction_velocity,1,max tx in 60 min,LOW,own_history_12m,12 months,2026-10-01 00:00:00+00:00
BHV-003583,CUST-000359,amount_deviation,0.764,|last30/prior90 - 1|,MEDIUM,own_history_12m,12 months,2026-10-01 00:00:00+00:00
BHV-003584,CUST-000359,unusual_timing,0.077,share 00-05 UTC,MEDIUM,own_history_12m,12 months,2026-10-01 00:00:00+00:00
BHV-003585,CUST-000359,unusual_location,0.0,share foreign-country tx,LOW,own_history_12m,12 months,2026-10-01 00:00:00+00:00
BHV-003586,CUST-000359,failed_transaction_rate,0.0,failed/all,LOW,own_history_12m,12 months,2026-10-01 00:00:00+00:00
BHV-003587,CUST-000359,spending_pattern_change,1.764,last30 avg / prior90 avg,MEDIUM,own_history_12m,12 months,2026-10-01 00:00:00+00:00
BHV-003588,CUST-000359,transaction_burst,0,bursts (4 tx/15 min),LOW,own_history_12m,12 months,2026-10-01 00:00:00+00:00
BHV-003589,CUST-000359,account_age,65,days,MEDIUM,own_history_12m,12 months,2026-10-01 00:00:00+00:00
BHV-003590,CUST-000359,recent_activity,57,days since last tx,MEDIUM,own_history_12m,12 months,2026-10-01 00:00:00+00:00
BHV-003591,CUST-000360,transaction_frequency,0.0734,tx/day,MEDIUM,own_history_12m,12 months,2026-10-01 00:00:00+00:00
BHV-003592,CUST-000360,transaction_velocity,1,max tx in 60 min,LOW,own_history_12m,12 months,2026-10-01 00:00:00+00:00
BHV-003593,CUST-000360,amount_deviation,0.67,|last30/prior90 - 1|,MEDIUM,own_history_12m,12 months,2026-10-01 00:00:00+00:00
BHV-003594,CUST-000360,unusual_timing,0.316,share 00-05 UTC,HIGH,own_history_12m,12 months,2026-10-01 00:00:00+00:00
BHV-003595,CUST-000360,unusual_location,0.0,share foreign-country tx,LOW,own_history_12m,12 months,2026-10-01 00:00:00+00:00
BHV-003596,CUST-000360,failed_transaction_rate,0.105,failed/all,MEDIUM,own_history_12m,12 months,2026-10-01 00:00:00+00:00
BHV-003597,CUST-000360,spending_pattern_change,0.33,last30 avg / prior90 avg,MEDIUM,own_history_12m,12 months,2026-10-01 00:00:00+00:00
BHV-003598,CUST-000360,transaction_burst,0,bursts (4 tx/15 min),LOW,own_history_12m,12 months,2026-10-01 00:00:00+00:00
BHV-003599,CUST-000360,account_age,259,days,LOW,own_history_12m,12 months,2026-10-01 00:00:00+00:00
BHV-003600,CUST-000360,recent_activity,250,days since last tx,HIGH,own_history_12m,12 months,2026-10-01 00:00:00+00:00
BHV-003601,CUST-000361,transaction_frequency,0.053,tx/day,MEDIUM,own_history_12m,12 months,2026-10-01 00:00:00+00:00
BHV-003602,CUST-000361,transaction_velocity,1,max tx in 60 min,LOW,own_history_12m,12 months,2026-10-01 00:00:00+00:00
BHV-003603,CUST-000361,amount_deviation,0.515,|last30/prior90 - 1|,MEDIUM,own_history_12m,12 months,2026-10-01 00:00:00+00:00
BHV-003604,CUST-000361,unusual_timing,0.2,share 00-05 UTC,MEDIUM,own_history_12m,12 months,2026-10-01 00:00:00+00:00
BHV-003605,CUST-000361,unusual_location,0.0,share foreign-country tx,LOW,own_history_12m,12 months,2026-10-01 00:00:00+00:00
BHV-003606,CUST-000361,failed_transaction_rate,0.067,failed/all,LOW,own_history_12m,12 months,2026-10-01 00:00:00+00:00
BHV-003607,CUST-000361,spending_pattern_change,0.485,last30 avg / prior90 avg,MEDIUM,own_history_12m,12 months,2026-10-01 00:00:00+00:00
BHV-003608,CUST-000361,transaction_burst,0,bursts (4 tx/15 min),LOW,own_history_12m,12 months,2026-10-01 00:00:00+00:00
BHV-003609,CUST-000361,account_age,283,days,LOW,own_history_12m,12 months,2026-10-01 00:00:00+00:00
BHV-003610,CUST-000361,recent_activity,233,days since last tx,HIGH,own_history_12m,12 months,2026-10-01 00:00:00+00:00
BHV-003611,CUST-000362,transaction_frequency,0.0704,tx/day,MEDIUM,own_history_12m,12 months,2026-10-01 00:00:00+00:00
BHV-003612,CUST-000362,transaction_velocity,1,max tx in 60 min,LOW,own_history_12m,12 months,2026-10-01 00:00:00+00:00
BHV-003613,CUST-000362,amount_deviation,0,|last30/prior90 - 1|,LOW,own_history_12m,12 months,2026-10-01 00:00:00+00:00
BHV-003614,CUST-000362,unusual_timing,0.2,share 00-05 UTC,MEDIUM,own_history_12m,12 months,2026-10-01 00:00:00+00:00
BHV-003615,CUST-000362,unusual_location,0.0,share foreign-country tx,LOW,own_history_12m,12 months,2026-10-01 00:00:00+00:00
BHV-003616,CUST-000362,failed_transaction_rate,0.2,failed/all,MEDIUM,own_history_12m,12 months,2026-10-01 00:00:00+00:00
BHV-003617,CUST-000362,spending_pattern_change,,last30 avg / prior90 avg,LOW,own_history_12m,12 months,2026-10-01 00:00:00+00:00
BHV-003618,CUST-000362,transaction_burst,0,bursts (4 tx/15 min),LOW,own_history_12m,12 months,2026-10-01 00:00:00+00:00
BHV-003619,CUST-000362,account_age,213,days,LOW,own_history_12m,12 months,2026-10-01 00:00:00+00:00
BHV-003620,CUST-000362,recent_activity,193,days since last tx,HIGH,own_history_12m,12 months,2026-10-01 00:00:00+00:00
BHV-003621,CUST-000363,transaction_frequency,0.0612,tx/day,MEDIUM,own_history_12m,12 months,2026-10-01 00:00:00+00:00
BHV-003622,CUST-000363,transaction_velocity,1,max tx in 60 min,LOW,own_history_12m,12 months,2026-10-01 00:00:00+00:00
BHV-003623,CUST-000363,amount_deviation,0.588,|last30/prior90 - 1|,MEDIUM,own_history_12m,12 months,2026-10-01 00:00:00+00:00
BHV-003624,CUST-000363,unusual_timing,0.05,share 00-05 UTC,MEDIUM,own_history_12m,12 months,2026-10-01 00:00:00+00:00
BHV-003625,CUST-000363,unusual_location,0.0,share foreign-country tx,LOW,own_history_12m,12 months,2026-10-01 00:00:00+00:00
BHV-003626,CUST-000363,failed_transaction_rate,0.6,failed/all,HIGH,own_history_12m,12 months,2026-10-01 00:00:00+00:00
BHV-003627,CUST-000363,spending_pattern_change,0.412,last30 avg / prior90 avg,MEDIUM,own_history_12m,12 months,2026-10-01 00:00:00+00:00
BHV-003628,CUST-000363,transaction_burst,0,bursts (4 tx/15 min),LOW,own_history_12m,12 months,2026-10-01 00:00:00+00:00
BHV-003629,CUST-000363,account_age,327,days,LOW,own_history_12m,12 months,2026-10-01 00:00:00+00:00
BHV-003630,CUST-000363,recent_activity,314,days since last tx,HIGH,own_history_12m,12 months,2026-10-01 00:00:00+00:00
BHV-003631,CUST-000364,transaction_frequency,0.0777,tx/day,MEDIUM,own_history_12m,12 months,2026-10-01 00:00:00+00:00
BHV-003632,CUST-000364,transaction_velocity,1,max tx in 60 min,LOW,own_history_12m,12 months,2026-10-01 00:00:00+00:00
BHV-003633,CUST-000364,amount_deviation,2.415,|last30/prior90 - 1|,HIGH,own_history_12m,12 months,2026-10-01 00:00:00+00:00
BHV-003634,CUST-000364,unusual_timing,0.227,share 00-05 UTC,MEDIUM,own_history_12m,12 months,2026-10-01 00:00:00+00:00
BHV-003635,CUST-000364,unusual_location,0.0,share foreign-country tx,LOW,own_history_12m,12 months,2026-10-01 00:00:00+00:00
BHV-003636,CUST-000364,failed_transaction_rate,0.091,failed/all,LOW,own_history_12m,12 months,2026-10-01 00:00:00+00:00
BHV-003637,CUST-000364,spending_pattern_change,3.415,last30 avg / prior90 avg,HIGH,own_history_12m,12 months,2026-10-01 00:00:00+00:00
BHV-003638,CUST-000364,transaction_burst,0,bursts (4 tx/15 min),LOW,own_history_12m,12 months,2026-10-01 00:00:00+00:00
BHV-003639,CUST-000364,account_age,283,days,LOW,own_history_12m,12 months,2026-10-01 00:00:00+00:00
BHV-003640,CUST-000364,recent_activity,272,days since last tx,HIGH,own_history_12m,12 months,2026-10-01 00:00:00+00:00
BHV-003641,CUST-000365,transaction_frequency,0.1058,tx/day,MEDIUM,own_history_12m,12 months,2026-10-01 00:00:00+00:00
BHV-003642,CUST-000365,transaction_velocity,1,max tx in 60 min,LOW,own_history_12m,12 months,2026-10-01 00:00:00+00:00
BHV-003643,CUST-000365,amount_deviation,0.74,|last30/prior90 - 1|,MEDIUM,own_history_12m,12 months,2026-10-01 00:00:00+00:00
BHV-003644,CUST-000365,unusual_timing,0.227,share 00-05 UTC,MEDIUM,own_history_12m,12 months,2026-10-01 00:00:00+00:00
BHV-003645,CUST-000365,unusual_location,0.0,share foreign-country tx,LOW,own_history_12m,12 months,2026-10-01 00:00:00+00:00
BHV-003646,CUST-000365,failed_transaction_rate,0.136,failed/all,MEDIUM,own_history_12m,12 months,2026-10-01 00:00:00+00:00
BHV-003647,CUST-000365,spending_pattern_change,0.26,last30 avg / prior90 avg,MEDIUM,own_history_12m,12 months,2026-10-01 00:00:00+00:00
BHV-003648,CUST-000365,transaction_burst,0,bursts (4 tx/15 min),LOW,own_history_12m,12 months,2026-10-01 00:00:00+00:00
BHV-003649,CUST-000365,account_age,208,days,LOW,own_history_12m,12 months,2026-10-01 00:00:00+00:00
BHV-003650,CUST-000365,recent_activity,199,days since last tx,HIGH,own_history_12m,12 months,2026-10-01 00:00:00+00:00
BHV-003651,CUST-000366,transaction_frequency,0.0636,tx/day,MEDIUM,own_history_12m,12 months,2026-10-01 00:00:00+00:00
BHV-003652,CUST-000366,transaction_velocity,1,max tx in 60 min,LOW,own_history_12m,12 months,2026-10-01 00:00:00+00:00
BHV-003653,CUST-000366,amount_deviation,0.359,|last30/prior90 - 1|,MEDIUM,own_history_12m,12 months,2026-10-01 00:00:00+00:00
BHV-003654,CUST-000366,unusual_timing,0.222,share 00-05 UTC,MEDIUM,own_history_12m,12 months,2026-10-01 00:00:00+00:00
BHV-003655,CUST-000366,unusual_location,0.0,share foreign-country tx,LOW,own_history_12m,12 months,2026-10-01 00:00:00+00:00
BHV-003656,CUST-000366,failed_transaction_rate,0.056,failed/all,LOW,own_history_12m,12 months,2026-10-01 00:00:00+00:00
BHV-003657,CUST-000366,spending_pattern_change,0.641,last30 avg / prior90 avg,LOW,own_history_12m,12 months,2026-10-01 00:00:00+00:00
BHV-003658,CUST-000366,transaction_burst,0,bursts (4 tx/15 min),LOW,own_history_12m,12 months,2026-10-01 00:00:00+00:00
BHV-003659,CUST-000366,account_age,283,days,LOW,own_history_12m,12 months,2026-10-01 00:00:00+00:00
BHV-003660,CUST-000366,recent_activity,275,days since last tx,HIGH,own_history_12m,12 months,2026-10-01 00:00:00+00:00
BHV-003661,CUST-000367,transaction_frequency,0.2143,tx/day,HIGH,own_history_12m,12 months,2026-10-01 00:00:00+00:00
BHV-003662,CUST-000367,transaction_velocity,1,max tx in 60 min,LOW,own_history_12m,12 months,2026-10-01 00:00:00+00:00
BHV-003663,CUST-000367,amount_deviation,0.451,|last30/prior90 - 1|,MEDIUM,own_history_12m,12 months,2026-10-01 00:00:00+00:00
BHV-003664,CUST-000367,unusual_timing,0.278,share 00-05 UTC,HIGH,own_history_12m,12 months,2026-10-01 00:00:00+00:00
BHV-003665,CUST-000367,unusual_location,0.0,share foreign-country tx,LOW,own_history_12m,12 months,2026-10-01 00:00:00+00:00
BHV-003666,CUST-000367,failed_transaction_rate,0.167,failed/all,MEDIUM,own_history_12m,12 months,2026-10-01 00:00:00+00:00
BHV-003667,CUST-000367,spending_pattern_change,0.549,last30 avg / prior90 avg,MEDIUM,own_history_12m,12 months,2026-10-01 00:00:00+00:00
BHV-003668,CUST-000367,transaction_burst,0,bursts (4 tx/15 min),LOW,own_history_12m,12 months,2026-10-01 00:00:00+00:00
BHV-003669,CUST-000367,account_age,84,days,MEDIUM,own_history_12m,12 months,2026-10-01 00:00:00+00:00
BHV-003670,CUST-000367,recent_activity,79,days since last tx,MEDIUM,own_history_12m,12 months,2026-10-01 00:00:00+00:00
BHV-003671,CUST-000368,transaction_frequency,0.0957,tx/day,MEDIUM,own_history_12m,12 months,2026-10-01 00:00:00+00:00
BHV-003672,CUST-000368,transaction_velocity,1,max tx in 60 min,LOW,own_history_12m,12 months,2026-10-01 00:00:00+00:00
BHV-003673,CUST-000368,amount_deviation,1.428,|last30/prior90 - 1|,HIGH,own_history_12m,12 months,2026-10-01 00:00:00+00:00
BHV-003674,CUST-000368,unusual_timing,0.414,share 00-05 UTC,HIGH,own_history_12m,12 months,2026-10-01 00:00:00+00:00
BHV-003675,CUST-000368,unusual_location,0.0,share foreign-country tx,LOW,own_history_12m,12 months,2026-10-01 00:00:00+00:00
BHV-003676,CUST-000368,failed_transaction_rate,0.069,failed/all,LOW,own_history_12m,12 months,2026-10-01 00:00:00+00:00
BHV-003677,CUST-000368,spending_pattern_change,2.428,last30 avg / prior90 avg,HIGH,own_history_12m,12 months,2026-10-01 00:00:00+00:00
BHV-003678,CUST-000368,transaction_burst,0,bursts (4 tx/15 min),LOW,own_history_12m,12 months,2026-10-01 00:00:00+00:00
BHV-003679,CUST-000368,account_age,303,days,LOW,own_history_12m,12 months,2026-10-01 00:00:00+00:00
BHV-003680,CUST-000368,recent_activity,286,days since last tx,HIGH,own_history_12m,12 months,2026-10-01 00:00:00+00:00
BHV-003681,CUST-000369,transaction_frequency,0.3676,tx/day,HIGH,own_history_12m,12 months,2026-10-01 00:00:00+00:00
BHV-003682,CUST-000369,transaction_velocity,1,max tx in 60 min,LOW,own_history_12m,12 months,2026-10-01 00:00:00+00:00
BHV-003683,CUST-000369,amount_deviation,0.983,|last30/prior90 - 1|,HIGH,own_history_12m,12 months,2026-10-01 00:00:00+00:00
BHV-003684,CUST-000369,unusual_timing,0.32,share 00-05 UTC,HIGH,own_history_12m,12 months,2026-10-01 00:00:00+00:00
BHV-003685,CUST-000369,unusual_location,0.0,share foreign-country tx,LOW,own_history_12m,12 months,2026-10-01 00:00:00+00:00
BHV-003686,CUST-000369,failed_transaction_rate,0.12,failed/all,MEDIUM,own_history_12m,12 months,2026-10-01 00:00:00+00:00
BHV-003687,CUST-000369,spending_pattern_change,1.983,last30 avg / prior90 avg,MEDIUM,own_history_12m,12 months,2026-10-01 00:00:00+00:00
BHV-003688,CUST-000369,transaction_burst,0,bursts (4 tx/15 min),LOW,own_history_12m,12 months,2026-10-01 00:00:00+00:00
BHV-003689,CUST-000369,account_age,68,days,MEDIUM,own_history_12m,12 months,2026-10-01 00:00:00+00:00
BHV-003690,CUST-000369,recent_activity,65,days since last tx,MEDIUM,own_history_12m,12 months,2026-10-01 00:00:00+00:00
BHV-003691,CUST-000370,transaction_frequency,0.0909,tx/day,MEDIUM,own_history_12m,12 months,2026-10-01 00:00:00+00:00
BHV-003692,CUST-000370,transaction_velocity,1,max tx in 60 min,LOW,own_history_12m,12 months,2026-10-01 00:00:00+00:00
BHV-003693,CUST-000370,amount_deviation,0.271,|last30/prior90 - 1|,LOW,own_history_12m,12 months,2026-10-01 00:00:00+00:00
BHV-003694,CUST-000370,unusual_timing,0.227,share 00-05 UTC,MEDIUM,own_history_12m,12 months,2026-10-01 00:00:00+00:00
BHV-003695,CUST-000370,unusual_location,0.0,share foreign-country tx,LOW,own_history_12m,12 months,2026-10-01 00:00:00+00:00
BHV-003696,CUST-000370,failed_transaction_rate,0.091,failed/all,LOW,own_history_12m,12 months,2026-10-01 00:00:00+00:00
BHV-003697,CUST-000370,spending_pattern_change,0.729,last30 avg / prior90 avg,LOW,own_history_12m,12 months,2026-10-01 00:00:00+00:00
BHV-003698,CUST-000370,transaction_burst,0,bursts (4 tx/15 min),LOW,own_history_12m,12 months,2026-10-01 00:00:00+00:00
BHV-003699,CUST-000370,account_age,242,days,LOW,own_history_12m,12 months,2026-10-01 00:00:00+00:00
BHV-003700,CUST-000370,recent_activity,238,days since last tx,HIGH,own_history_12m,12 months,2026-10-01 00:00:00+00:00
BHV-003701,CUST-000371,transaction_frequency,0.1406,tx/day,MEDIUM,own_history_12m,12 months,2026-10-01 00:00:00+00:00
BHV-003702,CUST-000371,transaction_velocity,1,max tx in 60 min,LOW,own_history_12m,12 months,2026-10-01 00:00:00+00:00
BHV-003703,CUST-000371,amount_deviation,0.096,|last30/prior90 - 1|,LOW,own_history_12m,12 months,2026-10-01 00:00:00+00:00
BHV-003704,CUST-000371,unusual_timing,0.167,share 00-05 UTC,MEDIUM,own_history_12m,12 months,2026-10-01 00:00:00+00:00
BHV-003705,CUST-000371,unusual_location,0.0,share foreign-country tx,LOW,own_history_12m,12 months,2026-10-01 00:00:00+00:00
BHV-003706,CUST-000371,failed_transaction_rate,0.056,failed/all,LOW,own_history_12m,12 months,2026-10-01 00:00:00+00:00
BHV-003707,CUST-000371,spending_pattern_change,0.904,last30 avg / prior90 avg,LOW,own_history_12m,12 months,2026-10-01 00:00:00+00:00
BHV-003708,CUST-000371,transaction_burst,0,bursts (4 tx/15 min),LOW,own_history_12m,12 months,2026-10-01 00:00:00+00:00
BHV-003709,CUST-000371,account_age,128,days,MEDIUM,own_history_12m,12 months,2026-10-01 00:00:00+00:00
BHV-003710,CUST-000371,recent_activity,127,days since last tx,HIGH,own_history_12m,12 months,2026-10-01 00:00:00+00:00
BHV-003711,CUST-000372,transaction_frequency,0.009,tx/day,LOW,own_history_12m,12 months,2026-10-01 00:00:00+00:00
BHV-003712,CUST-000372,transaction_velocity,1,max tx in 60 min,LOW,own_history_12m,12 months,2026-10-01 00:00:00+00:00
BHV-003713,CUST-000372,amount_deviation,0,|last30/prior90 - 1|,LOW,own_history_12m,12 months,2026-10-01 00:00:00+00:00
BHV-003714,CUST-000372,unusual_timing,0.0,share 00-05 UTC,LOW,own_history_12m,12 months,2026-10-01 00:00:00+00:00
BHV-003715,CUST-000372,unusual_location,0.0,share foreign-country tx,LOW,own_history_12m,12 months,2026-10-01 00:00:00+00:00
BHV-003716,CUST-000372,failed_transaction_rate,0.0,failed/all,LOW,own_history_12m,12 months,2026-10-01 00:00:00+00:00
BHV-003717,CUST-000372,spending_pattern_change,,last30 avg / prior90 avg,LOW,own_history_12m,12 months,2026-10-01 00:00:00+00:00
BHV-003718,CUST-000372,transaction_burst,0,bursts (4 tx/15 min),LOW,own_history_12m,12 months,2026-10-01 00:00:00+00:00
BHV-003719,CUST-000372,account_age,221,days,LOW,own_history_12m,12 months,2026-10-01 00:00:00+00:00
BHV-003720,CUST-000372,recent_activity,218,days since last tx,HIGH,own_history_12m,12 months,2026-10-01 00:00:00+00:00
BHV-003721,CUST-000373,transaction_frequency,0.0203,tx/day,MEDIUM,own_history_12m,12 months,2026-10-01 00:00:00+00:00
BHV-003722,CUST-000373,transaction_velocity,1,max tx in 60 min,LOW,own_history_12m,12 months,2026-10-01 00:00:00+00:00
BHV-003723,CUST-000373,amount_deviation,0.0,|last30/prior90 - 1|,LOW,own_history_12m,12 months,2026-10-01 00:00:00+00:00
BHV-003724,CUST-000373,unusual_timing,0.5,share 00-05 UTC,HIGH,own_history_12m,12 months,2026-10-01 00:00:00+00:00
BHV-003725,CUST-000373,unusual_location,0.0,share foreign-country tx,LOW,own_history_12m,12 months,2026-10-01 00:00:00+00:00
BHV-003726,CUST-000373,failed_transaction_rate,0.167,failed/all,MEDIUM,own_history_12m,12 months,2026-10-01 00:00:00+00:00
BHV-003727,CUST-000373,spending_pattern_change,1.0,last30 avg / prior90 avg,LOW,own_history_12m,12 months,2026-10-01 00:00:00+00:00
BHV-003728,CUST-000373,transaction_burst,0,bursts (4 tx/15 min),LOW,own_history_12m,12 months,2026-10-01 00:00:00+00:00
BHV-003729,CUST-000373,account_age,295,days,LOW,own_history_12m,12 months,2026-10-01 00:00:00+00:00
BHV-003730,CUST-000373,recent_activity,257,days since last tx,HIGH,own_history_12m,12 months,2026-10-01 00:00:00+00:00
BHV-003731,CUST-000374,transaction_frequency,0.049,tx/day,MEDIUM,own_history_12m,12 months,2026-10-01 00:00:00+00:00
BHV-003732,CUST-000374,transaction_velocity,1,max tx in 60 min,LOW,own_history_12m,12 months,2026-10-01 00:00:00+00:00
BHV-003733,CUST-000374,amount_deviation,0.49,|last30/prior90 - 1|,MEDIUM,own_history_12m,12 months,2026-10-01 00:00:00+00:00
BHV-003734,CUST-000374,unusual_timing,0.2,share 00-05 UTC,MEDIUM,own_history_12m,12 months,2026-10-01 00:00:00+00:00
BHV-003735,CUST-000374,unusual_location,0.0,share foreign-country tx,LOW,own_history_12m,12 months,2026-10-01 00:00:00+00:00
BHV-003736,CUST-000374,failed_transaction_rate,0.0,failed/all,LOW,own_history_12m,12 months,2026-10-01 00:00:00+00:00
BHV-003737,CUST-000374,spending_pattern_change,0.51,last30 avg / prior90 avg,MEDIUM,own_history_12m,12 months,2026-10-01 00:00:00+00:00
BHV-003738,CUST-000374,transaction_burst,0,bursts (4 tx/15 min),LOW,own_history_12m,12 months,2026-10-01 00:00:00+00:00
BHV-003739,CUST-000374,account_age,204,days,LOW,own_history_12m,12 months,2026-10-01 00:00:00+00:00
BHV-003740,CUST-000374,recent_activity,162,days since last tx,HIGH,own_history_12m,12 months,2026-10-01 00:00:00+00:00
BHV-003741,CUST-000375,transaction_frequency,0.2432,tx/day,HIGH,own_history_12m,12 months,2026-10-01 00:00:00+00:00
BHV-003742,CUST-000375,transaction_velocity,1,max tx in 60 min,LOW,own_history_12m,12 months,2026-10-01 00:00:00+00:00
BHV-003743,CUST-000375,amount_deviation,9.914,|last30/prior90 - 1|,HIGH,own_history_12m,12 months,2026-10-01 00:00:00+00:00
BHV-003744,CUST-000375,unusual_timing,0.056,share 00-05 UTC,MEDIUM,own_history_12m,12 months,2026-10-01 00:00:00+00:00
BHV-003745,CUST-000375,unusual_location,0.0,share foreign-country tx,LOW,own_history_12m,12 months,2026-10-01 00:00:00+00:00
BHV-003746,CUST-000375,failed_transaction_rate,0.056,failed/all,LOW,own_history_12m,12 months,2026-10-01 00:00:00+00:00
BHV-003747,CUST-000375,spending_pattern_change,10.914,last30 avg / prior90 avg,HIGH,own_history_12m,12 months,2026-10-01 00:00:00+00:00
BHV-003748,CUST-000375,transaction_burst,0,bursts (4 tx/15 min),LOW,own_history_12m,12 months,2026-10-01 00:00:00+00:00
BHV-003749,CUST-000375,account_age,74,days,MEDIUM,own_history_12m,12 months,2026-10-01 00:00:00+00:00
BHV-003750,CUST-000375,recent_activity,67,days since last tx,MEDIUM,own_history_12m,12 months,2026-10-01 00:00:00+00:00
BHV-003751,CUST-000376,transaction_frequency,0.1438,tx/day,MEDIUM,own_history_12m,12 months,2026-10-01 00:00:00+00:00
BHV-003752,CUST-000376,transaction_velocity,1,max tx in 60 min,LOW,own_history_12m,12 months,2026-10-01 00:00:00+00:00
BHV-003753,CUST-000376,amount_deviation,0.517,|last30/prior90 - 1|,MEDIUM,own_history_12m,12 months,2026-10-01 00:00:00+00:00
BHV-003754,CUST-000376,unusual_timing,0.182,share 00-05 UTC,MEDIUM,own_history_12m,12 months,2026-10-01 00:00:00+00:00
BHV-003755,CUST-000376,unusual_location,0.0,share foreign-country tx,LOW,own_history_12m,12 months,2026-10-01 00:00:00+00:00
BHV-003756,CUST-000376,failed_transaction_rate,0.273,failed/all,MEDIUM,own_history_12m,12 months,2026-10-01 00:00:00+00:00
BHV-003757,CUST-000376,spending_pattern_change,0.483,last30 avg / prior90 avg,MEDIUM,own_history_12m,12 months,2026-10-01 00:00:00+00:00
BHV-003758,CUST-000376,transaction_burst,0,bursts (4 tx/15 min),LOW,own_history_12m,12 months,2026-10-01 00:00:00+00:00
BHV-003759,CUST-000376,account_age,153,days,MEDIUM,own_history_12m,12 months,2026-10-01 00:00:00+00:00
BHV-003760,CUST-000376,recent_activity,142,days since last tx,HIGH,own_history_12m,12 months,2026-10-01 00:00:00+00:00
BHV-003761,CUST-000377,transaction_frequency,0.1455,tx/day,MEDIUM,own_history_12m,12 months,2026-10-01 00:00:00+00:00
BHV-003762,CUST-000377,transaction_velocity,1,max tx in 60 min,LOW,own_history_12m,12 months,2026-10-01 00:00:00+00:00
BHV-003763,CUST-000377,amount_deviation,0.532,|last30/prior90 - 1|,MEDIUM,own_history_12m,12 months,2026-10-01 00:00:00+00:00
BHV-003764,CUST-000377,unusual_timing,0.25,share 00-05 UTC,HIGH,own_history_12m,12 months,2026-10-01 00:00:00+00:00
BHV-003765,CUST-000377,unusual_location,0.0,share foreign-country tx,LOW,own_history_12m,12 months,2026-10-01 00:00:00+00:00
BHV-003766,CUST-000377,failed_transaction_rate,0.125,failed/all,MEDIUM,own_history_12m,12 months,2026-10-01 00:00:00+00:00
BHV-003767,CUST-000377,spending_pattern_change,1.532,last30 avg / prior90 avg,MEDIUM,own_history_12m,12 months,2026-10-01 00:00:00+00:00
BHV-003768,CUST-000377,transaction_burst,0,bursts (4 tx/15 min),LOW,own_history_12m,12 months,2026-10-01 00:00:00+00:00
BHV-003769,CUST-000377,account_age,110,days,MEDIUM,own_history_12m,12 months,2026-10-01 00:00:00+00:00
BHV-003770,CUST-000377,recent_activity,108,days since last tx,HIGH,own_history_12m,12 months,2026-10-01 00:00:00+00:00
BHV-003771,CUST-000378,transaction_frequency,0.0962,tx/day,MEDIUM,own_history_12m,12 months,2026-10-01 00:00:00+00:00
BHV-003772,CUST-000378,transaction_velocity,1,max tx in 60 min,LOW,own_history_12m,12 months,2026-10-01 00:00:00+00:00
BHV-003773,CUST-000378,amount_deviation,0.647,|last30/prior90 - 1|,MEDIUM,own_history_12m,12 months,2026-10-01 00:00:00+00:00
BHV-003774,CUST-000378,unusual_timing,0.3,share 00-05 UTC,HIGH,own_history_12m,12 months,2026-10-01 00:00:00+00:00
BHV-003775,CUST-000378,unusual_location,0.0,share foreign-country tx,LOW,own_history_12m,12 months,2026-10-01 00:00:00+00:00
BHV-003776,CUST-000378,failed_transaction_rate,0.0,failed/all,LOW,own_history_12m,12 months,2026-10-01 00:00:00+00:00
BHV-003777,CUST-000378,spending_pattern_change,0.353,last30 avg / prior90 avg,MEDIUM,own_history_12m,12 months,2026-10-01 00:00:00+00:00
BHV-003778,CUST-000378,transaction_burst,0,bursts (4 tx/15 min),LOW,own_history_12m,12 months,2026-10-01 00:00:00+00:00
BHV-003779,CUST-000378,account_age,104,days,MEDIUM,own_history_12m,12 months,2026-10-01 00:00:00+00:00
BHV-003780,CUST-000378,recent_activity,94,days since last tx,HIGH,own_history_12m,12 months,2026-10-01 00:00:00+00:00
BHV-003781,CUST-000379,transaction_frequency,0.0903,tx/day,MEDIUM,own_history_12m,12 months,2026-10-01 00:00:00+00:00
BHV-003782,CUST-000379,transaction_velocity,1,max tx in 60 min,LOW,own_history_12m,12 months,2026-10-01 00:00:00+00:00
BHV-003783,CUST-000379,amount_deviation,1.637,|last30/prior90 - 1|,HIGH,own_history_12m,12 months,2026-10-01 00:00:00+00:00
BHV-003784,CUST-000379,unusual_timing,0.286,share 00-05 UTC,HIGH,own_history_12m,12 months,2026-10-01 00:00:00+00:00
BHV-003785,CUST-000379,unusual_location,0.0,share foreign-country tx,LOW,own_history_12m,12 months,2026-10-01 00:00:00+00:00
BHV-003786,CUST-000379,failed_transaction_rate,0.143,failed/all,MEDIUM,own_history_12m,12 months,2026-10-01 00:00:00+00:00
BHV-003787,CUST-000379,spending_pattern_change,2.637,last30 avg / prior90 avg,HIGH,own_history_12m,12 months,2026-10-01 00:00:00+00:00
BHV-003788,CUST-000379,transaction_burst,0,bursts (4 tx/15 min),LOW,own_history_12m,12 months,2026-10-01 00:00:00+00:00
BHV-003789,CUST-000379,account_age,310,days,LOW,own_history_12m,12 months,2026-10-01 00:00:00+00:00
BHV-003790,CUST-000379,recent_activity,300,days since last tx,HIGH,own_history_12m,12 months,2026-10-01 00:00:00+00:00
BHV-003791,CUST-000380,transaction_frequency,0.0405,tx/day,MEDIUM,own_history_12m,12 months,2026-10-01 00:00:00+00:00
BHV-003792,CUST-000380,transaction_velocity,1,max tx in 60 min,LOW,own_history_12m,12 months,2026-10-01 00:00:00+00:00
BHV-003793,CUST-000380,amount_deviation,98.959,|last30/prior90 - 1|,HIGH,own_history_12m,12 months,2026-10-01 00:00:00+00:00
BHV-003794,CUST-000380,unusual_timing,0.444,share 00-05 UTC,HIGH,own_history_12m,12 months,2026-10-01 00:00:00+00:00
BHV-003795,CUST-000380,unusual_location,0.0,share foreign-country tx,LOW,own_history_12m,12 months,2026-10-01 00:00:00+00:00
BHV-003796,CUST-000380,failed_transaction_rate,0.333,failed/all,HIGH,own_history_12m,12 months,2026-10-01 00:00:00+00:00
BHV-003797,CUST-000380,spending_pattern_change,99.959,last30 avg / prior90 avg,HIGH,own_history_12m,12 months,2026-10-01 00:00:00+00:00
BHV-003798,CUST-000380,transaction_burst,0,bursts (4 tx/15 min),LOW,own_history_12m,12 months,2026-10-01 00:00:00+00:00
BHV-003799,CUST-000380,account_age,222,days,LOW,own_history_12m,12 months,2026-10-01 00:00:00+00:00
BHV-003800,CUST-000380,recent_activity,213,days since last tx,HIGH,own_history_12m,12 months,2026-10-01 00:00:00+00:00
BHV-003801,CUST-000381,transaction_frequency,0.0408,tx/day,MEDIUM,own_history_12m,12 months,2026-10-01 00:00:00+00:00
BHV-003802,CUST-000381,transaction_velocity,1,max tx in 60 min,LOW,own_history_12m,12 months,2026-10-01 00:00:00+00:00
BHV-003803,CUST-000381,amount_deviation,0.986,|last30/prior90 - 1|,HIGH,own_history_12m,12 months,2026-10-01 00:00:00+00:00
BHV-003804,CUST-000381,unusual_timing,0.143,share 00-05 UTC,MEDIUM,own_history_12m,12 months,2026-10-01 00:00:00+00:00
BHV-003805,CUST-000381,unusual_location,0.0,share foreign-country tx,LOW,own_history_12m,12 months,2026-10-01 00:00:00+00:00
BHV-003806,CUST-000381,failed_transaction_rate,0.143,failed/all,MEDIUM,own_history_12m,12 months,2026-10-01 00:00:00+00:00
BHV-003807,CUST-000381,spending_pattern_change,0.014,last30 avg / prior90 avg,MEDIUM,own_history_12m,12 months,2026-10-01 00:00:00+00:00
BHV-003808,CUST-000381,transaction_burst,0,bursts (4 tx/15 min),LOW,own_history_12m,12 months,2026-10-01 00:00:00+00:00
BHV-003809,CUST-000381,account_age,343,days,LOW,own_history_12m,12 months,2026-10-01 00:00:00+00:00
BHV-003810,CUST-000381,recent_activity,320,days since last tx,HIGH,own_history_12m,12 months,2026-10-01 00:00:00+00:00
BHV-003811,CUST-000382,transaction_frequency,0.1963,tx/day,HIGH,own_history_12m,12 months,2026-10-01 00:00:00+00:00
BHV-003812,CUST-000382,transaction_velocity,2,max tx in 60 min,MEDIUM,own_history_12m,12 months,2026-10-01 00:00:00+00:00
BHV-003813,CUST-000382,amount_deviation,0.933,|last30/prior90 - 1|,HIGH,own_history_12m,12 months,2026-10-01 00:00:00+00:00
BHV-003814,CUST-000382,unusual_timing,0.209,share 00-05 UTC,MEDIUM,own_history_12m,12 months,2026-10-01 00:00:00+00:00
BHV-003815,CUST-000382,unusual_location,0.0,share foreign-country tx,LOW,own_history_12m,12 months,2026-10-01 00:00:00+00:00
BHV-003816,CUST-000382,failed_transaction_rate,0.116,failed/all,MEDIUM,own_history_12m,12 months,2026-10-01 00:00:00+00:00
BHV-003817,CUST-000382,spending_pattern_change,0.067,last30 avg / prior90 avg,MEDIUM,own_history_12m,12 months,2026-10-01 00:00:00+00:00
BHV-003818,CUST-000382,transaction_burst,0,bursts (4 tx/15 min),LOW,own_history_12m,12 months,2026-10-01 00:00:00+00:00
BHV-003819,CUST-000382,account_age,219,days,LOW,own_history_12m,12 months,2026-10-01 00:00:00+00:00
BHV-003820,CUST-000382,recent_activity,213,days since last tx,HIGH,own_history_12m,12 months,2026-10-01 00:00:00+00:00
BHV-003821,CUST-000383,transaction_frequency,0.0411,tx/day,MEDIUM,own_history_12m,12 months,2026-10-01 00:00:00+00:00
BHV-003822,CUST-000383,transaction_velocity,1,max tx in 60 min,LOW,own_history_12m,12 months,2026-10-01 00:00:00+00:00
BHV-003823,CUST-000383,amount_deviation,0.11,|last30/prior90 - 1|,LOW,own_history_12m,12 months,2026-10-01 00:00:00+00:00
BHV-003824,CUST-000383,unusual_timing,0.462,share 00-05 UTC,HIGH,own_history_12m,12 months,2026-10-01 00:00:00+00:00
BHV-003825,CUST-000383,unusual_location,0.0,share foreign-country tx,LOW,own_history_12m,12 months,2026-10-01 00:00:00+00:00
BHV-003826,CUST-000383,failed_transaction_rate,0.077,failed/all,LOW,own_history_12m,12 months,2026-10-01 00:00:00+00:00
BHV-003827,CUST-000383,spending_pattern_change,0.89,last30 avg / prior90 avg,LOW,own_history_12m,12 months,2026-10-01 00:00:00+00:00
BHV-003828,CUST-000383,transaction_burst,0,bursts (4 tx/15 min),LOW,own_history_12m,12 months,2026-10-01 00:00:00+00:00
BHV-003829,CUST-000383,account_age,316,days,LOW,own_history_12m,12 months,2026-10-01 00:00:00+00:00
BHV-003830,CUST-000383,recent_activity,302,days since last tx,HIGH,own_history_12m,12 months,2026-10-01 00:00:00+00:00
BHV-003831,CUST-000384,transaction_frequency,0.1176,tx/day,MEDIUM,own_history_12m,12 months,2026-10-01 00:00:00+00:00
BHV-003832,CUST-000384,transaction_velocity,1,max tx in 60 min,LOW,own_history_12m,12 months,2026-10-01 00:00:00+00:00
BHV-003833,CUST-000384,amount_deviation,0.189,|last30/prior90 - 1|,LOW,own_history_12m,12 months,2026-10-01 00:00:00+00:00
BHV-003834,CUST-000384,unusual_timing,0.312,share 00-05 UTC,HIGH,own_history_12m,12 months,2026-10-01 00:00:00+00:00
BHV-003835,CUST-000384,unusual_location,0.0,share foreign-country tx,LOW,own_history_12m,12 months,2026-10-01 00:00:00+00:00
BHV-003836,CUST-000384,failed_transaction_rate,0.125,failed/all,MEDIUM,own_history_12m,12 months,2026-10-01 00:00:00+00:00
BHV-003837,CUST-000384,spending_pattern_change,1.189,last30 avg / prior90 avg,LOW,own_history_12m,12 months,2026-10-01 00:00:00+00:00
BHV-003838,CUST-000384,transaction_burst,0,bursts (4 tx/15 min),LOW,own_history_12m,12 months,2026-10-01 00:00:00+00:00
BHV-003839,CUST-000384,account_age,136,days,MEDIUM,own_history_12m,12 months,2026-10-01 00:00:00+00:00
BHV-003840,CUST-000384,recent_activity,132,days since last tx,HIGH,own_history_12m,12 months,2026-10-01 00:00:00+00:00
BHV-003841,CUST-000385,transaction_frequency,0.0973,tx/day,MEDIUM,own_history_12m,12 months,2026-10-01 00:00:00+00:00
BHV-003842,CUST-000385,transaction_velocity,1,max tx in 60 min,LOW,own_history_12m,12 months,2026-10-01 00:00:00+00:00
BHV-003843,CUST-000385,amount_deviation,0.616,|last30/prior90 - 1|,MEDIUM,own_history_12m,12 months,2026-10-01 00:00:00+00:00
BHV-003844,CUST-000385,unusual_timing,0.364,share 00-05 UTC,HIGH,own_history_12m,12 months,2026-10-01 00:00:00+00:00
BHV-003845,CUST-000385,unusual_location,0.0,share foreign-country tx,LOW,own_history_12m,12 months,2026-10-01 00:00:00+00:00
BHV-003846,CUST-000385,failed_transaction_rate,0.091,failed/all,LOW,own_history_12m,12 months,2026-10-01 00:00:00+00:00
BHV-003847,CUST-000385,spending_pattern_change,0.384,last30 avg / prior90 avg,MEDIUM,own_history_12m,12 months,2026-10-01 00:00:00+00:00
BHV-003848,CUST-000385,transaction_burst,0,bursts (4 tx/15 min),LOW,own_history_12m,12 months,2026-10-01 00:00:00+00:00
BHV-003849,CUST-000385,account_age,113,days,MEDIUM,own_history_12m,12 months,2026-10-01 00:00:00+00:00
BHV-003850,CUST-000385,recent_activity,111,days since last tx,HIGH,own_history_12m,12 months,2026-10-01 00:00:00+00:00
BHV-003851,CUST-000386,transaction_frequency,0.1955,tx/day,HIGH,own_history_12m,12 months,2026-10-01 00:00:00+00:00
BHV-003852,CUST-000386,transaction_velocity,1,max tx in 60 min,LOW,own_history_12m,12 months,2026-10-01 00:00:00+00:00
BHV-003853,CUST-000386,amount_deviation,1.216,|last30/prior90 - 1|,HIGH,own_history_12m,12 months,2026-10-01 00:00:00+00:00
BHV-003854,CUST-000386,unusual_timing,0.173,share 00-05 UTC,MEDIUM,own_history_12m,12 months,2026-10-01 00:00:00+00:00
BHV-003855,CUST-000386,unusual_location,0.0,share foreign-country tx,LOW,own_history_12m,12 months,2026-10-01 00:00:00+00:00
BHV-003856,CUST-000386,failed_transaction_rate,0.058,failed/all,LOW,own_history_12m,12 months,2026-10-01 00:00:00+00:00
BHV-003857,CUST-000386,spending_pattern_change,2.216,last30 avg / prior90 avg,HIGH,own_history_12m,12 months,2026-10-01 00:00:00+00:00
BHV-003858,CUST-000386,transaction_burst,0,bursts (4 tx/15 min),LOW,own_history_12m,12 months,2026-10-01 00:00:00+00:00
BHV-003859,CUST-000386,account_age,266,days,LOW,own_history_12m,12 months,2026-10-01 00:00:00+00:00
BHV-003860,CUST-000386,recent_activity,269,days since last tx,HIGH,own_history_12m,12 months,2026-10-01 00:00:00+00:00
BHV-003861,CUST-000387,transaction_frequency,0.0592,tx/day,MEDIUM,own_history_12m,12 months,2026-10-01 00:00:00+00:00
BHV-003862,CUST-000387,transaction_velocity,1,max tx in 60 min,LOW,own_history_12m,12 months,2026-10-01 00:00:00+00:00
BHV-003863,CUST-000387,amount_deviation,5.877,|last30/prior90 - 1|,HIGH,own_history_12m,12 months,2026-10-01 00:00:00+00:00
BHV-003864,CUST-000387,unusual_timing,0.2,share 00-05 UTC,MEDIUM,own_history_12m,12 months,2026-10-01 00:00:00+00:00
BHV-003865,CUST-000387,unusual_location,0.0,share foreign-country tx,LOW,own_history_12m,12 months,2026-10-01 00:00:00+00:00
BHV-003866,CUST-000387,failed_transaction_rate,0.05,failed/all,LOW,own_history_12m,12 months,2026-10-01 00:00:00+00:00
BHV-003867,CUST-000387,spending_pattern_change,6.877,last30 avg / prior90 avg,HIGH,own_history_12m,12 months,2026-10-01 00:00:00+00:00
BHV-003868,CUST-000387,transaction_burst,0,bursts (4 tx/15 min),LOW,own_history_12m,12 months,2026-10-01 00:00:00+00:00
BHV-003869,CUST-000387,account_age,338,days,LOW,own_history_12m,12 months,2026-10-01 00:00:00+00:00
BHV-003870,CUST-000387,recent_activity,329,days since last tx,HIGH,own_history_12m,12 months,2026-10-01 00:00:00+00:00
BHV-003871,CUST-000388,transaction_frequency,0.0365,tx/day,MEDIUM,own_history_12m,12 months,2026-10-01 00:00:00+00:00
BHV-003872,CUST-000388,transaction_velocity,1,max tx in 60 min,LOW,own_history_12m,12 months,2026-10-01 00:00:00+00:00
BHV-003873,CUST-000388,amount_deviation,0.0,|last30/prior90 - 1|,LOW,own_history_12m,12 months,2026-10-01 00:00:00+00:00
BHV-003874,CUST-000388,unusual_timing,0.364,share 00-05 UTC,HIGH,own_history_12m,12 months,2026-10-01 00:00:00+00:00
BHV-003875,CUST-000388,unusual_location,0.0,share foreign-country tx,LOW,own_history_12m,12 months,2026-10-01 00:00:00+00:00
BHV-003876,CUST-000388,failed_transaction_rate,0.273,failed/all,MEDIUM,own_history_12m,12 months,2026-10-01 00:00:00+00:00
BHV-003877,CUST-000388,spending_pattern_change,1.0,last30 avg / prior90 avg,LOW,own_history_12m,12 months,2026-10-01 00:00:00+00:00
BHV-003878,CUST-000388,transaction_burst,0,bursts (4 tx/15 min),LOW,own_history_12m,12 months,2026-10-01 00:00:00+00:00
BHV-003879,CUST-000388,account_age,301,days,LOW,own_history_12m,12 months,2026-10-01 00:00:00+00:00
BHV-003880,CUST-000388,recent_activity,293,days since last tx,HIGH,own_history_12m,12 months,2026-10-01 00:00:00+00:00
BHV-003881,CUST-000389,transaction_frequency,0.0465,tx/day,MEDIUM,own_history_12m,12 months,2026-10-01 00:00:00+00:00
BHV-003882,CUST-000389,transaction_velocity,1,max tx in 60 min,LOW,own_history_12m,12 months,2026-10-01 00:00:00+00:00
BHV-003883,CUST-000389,amount_deviation,0.569,|last30/prior90 - 1|,MEDIUM,own_history_12m,12 months,2026-10-01 00:00:00+00:00
BHV-003884,CUST-000389,unusual_timing,0.3,share 00-05 UTC,HIGH,own_history_12m,12 months,2026-10-01 00:00:00+00:00
BHV-003885,CUST-000389,unusual_location,0.0,share foreign-country tx,LOW,own_history_12m,12 months,2026-10-01 00:00:00+00:00
BHV-003886,CUST-000389,failed_transaction_rate,0.1,failed/all,MEDIUM,own_history_12m,12 months,2026-10-01 00:00:00+00:00
BHV-003887,CUST-000389,spending_pattern_change,1.569,last30 avg / prior90 avg,MEDIUM,own_history_12m,12 months,2026-10-01 00:00:00+00:00
BHV-003888,CUST-000389,transaction_burst,0,bursts (4 tx/15 min),LOW,own_history_12m,12 months,2026-10-01 00:00:00+00:00
BHV-003889,CUST-000389,account_age,215,days,LOW,own_history_12m,12 months,2026-10-01 00:00:00+00:00
BHV-003890,CUST-000389,recent_activity,192,days since last tx,HIGH,own_history_12m,12 months,2026-10-01 00:00:00+00:00
BHV-003891,CUST-000390,transaction_frequency,0.22,tx/day,HIGH,own_history_12m,12 months,2026-10-01 00:00:00+00:00
BHV-003892,CUST-000390,transaction_velocity,2,max tx in 60 min,MEDIUM,own_history_12m,12 months,2026-10-01 00:00:00+00:00
BHV-003893,CUST-000390,amount_deviation,0.482,|last30/prior90 - 1|,MEDIUM,own_history_12m,12 months,2026-10-01 00:00:00+00:00
BHV-003894,CUST-000390,unusual_timing,0.318,share 00-05 UTC,HIGH,own_history_12m,12 months,2026-10-01 00:00:00+00:00
BHV-003895,CUST-000390,unusual_location,0.0,share foreign-country tx,LOW,own_history_12m,12 months,2026-10-01 00:00:00+00:00
BHV-003896,CUST-000390,failed_transaction_rate,0.068,failed/all,LOW,own_history_12m,12 months,2026-10-01 00:00:00+00:00
BHV-003897,CUST-000390,spending_pattern_change,0.518,last30 avg / prior90 avg,MEDIUM,own_history_12m,12 months,2026-10-01 00:00:00+00:00
BHV-003898,CUST-000390,transaction_burst,0,bursts (4 tx/15 min),LOW,own_history_12m,12 months,2026-10-01 00:00:00+00:00
BHV-003899,CUST-000390,account_age,200,days,LOW,own_history_12m,12 months,2026-10-01 00:00:00+00:00
BHV-003900,CUST-000390,recent_activity,198,days since last tx,HIGH,own_history_12m,12 months,2026-10-01 00:00:00+00:00
BHV-003901,CUST-000391,transaction_frequency,0.0407,tx/day,MEDIUM,own_history_12m,12 months,2026-10-01 00:00:00+00:00
BHV-003902,CUST-000391,transaction_velocity,1,max tx in 60 min,LOW,own_history_12m,12 months,2026-10-01 00:00:00+00:00
BHV-003903,CUST-000391,amount_deviation,0,|last30/prior90 - 1|,LOW,own_history_12m,12 months,2026-10-01 00:00:00+00:00
BHV-003904,CUST-000391,unusual_timing,0.357,share 00-05 UTC,HIGH,own_history_12m,12 months,2026-10-01 00:00:00+00:00
BHV-003905,CUST-000391,unusual_location,0.0,share foreign-country tx,LOW,own_history_12m,12 months,2026-10-01 00:00:00+00:00
BHV-003906,CUST-000391,failed_transaction_rate,0.143,failed/all,MEDIUM,own_history_12m,12 months,2026-10-01 00:00:00+00:00
BHV-003907,CUST-000391,spending_pattern_change,,last30 avg / prior90 avg,LOW,own_history_12m,12 months,2026-10-01 00:00:00+00:00
BHV-003908,CUST-000391,transaction_burst,0,bursts (4 tx/15 min),LOW,own_history_12m,12 months,2026-10-01 00:00:00+00:00
BHV-003909,CUST-000391,account_age,344,days,LOW,own_history_12m,12 months,2026-10-01 00:00:00+00:00
BHV-003910,CUST-000391,recent_activity,334,days since last tx,HIGH,own_history_12m,12 months,2026-10-01 00:00:00+00:00
BHV-003911,CUST-000392,transaction_frequency,0.1795,tx/day,HIGH,own_history_12m,12 months,2026-10-01 00:00:00+00:00
BHV-003912,CUST-000392,transaction_velocity,1,max tx in 60 min,LOW,own_history_12m,12 months,2026-10-01 00:00:00+00:00
BHV-003913,CUST-000392,amount_deviation,0.058,|last30/prior90 - 1|,LOW,own_history_12m,12 months,2026-10-01 00:00:00+00:00
BHV-003914,CUST-000392,unusual_timing,0.5,share 00-05 UTC,HIGH,own_history_12m,12 months,2026-10-01 00:00:00+00:00
BHV-003915,CUST-000392,unusual_location,0.0,share foreign-country tx,LOW,own_history_12m,12 months,2026-10-01 00:00:00+00:00
BHV-003916,CUST-000392,failed_transaction_rate,0.143,failed/all,MEDIUM,own_history_12m,12 months,2026-10-01 00:00:00+00:00
BHV-003917,CUST-000392,spending_pattern_change,0.942,last30 avg / prior90 avg,LOW,own_history_12m,12 months,2026-10-01 00:00:00+00:00
BHV-003918,CUST-000392,transaction_burst,0,bursts (4 tx/15 min),LOW,own_history_12m,12 months,2026-10-01 00:00:00+00:00
BHV-003919,CUST-000392,account_age,78,days,MEDIUM,own_history_12m,12 months,2026-10-01 00:00:00+00:00
BHV-003920,CUST-000392,recent_activity,69,days since last tx,MEDIUM,own_history_12m,12 months,2026-10-01 00:00:00+00:00
BHV-003921,CUST-000393,transaction_frequency,0.0571,tx/day,MEDIUM,own_history_12m,12 months,2026-10-01 00:00:00+00:00
BHV-003922,CUST-000393,transaction_velocity,1,max tx in 60 min,LOW,own_history_12m,12 months,2026-10-01 00:00:00+00:00
BHV-003923,CUST-000393,amount_deviation,0.539,|last30/prior90 - 1|,MEDIUM,own_history_12m,12 months,2026-10-01 00:00:00+00:00
BHV-003924,CUST-000393,unusual_timing,0.25,share 00-05 UTC,HIGH,own_history_12m,12 months,2026-10-01 00:00:00+00:00
BHV-003925,CUST-000393,unusual_location,0.0,share foreign-country tx,LOW,own_history_12m,12 months,2026-10-01 00:00:00+00:00
BHV-003926,CUST-000393,failed_transaction_rate,0.1,failed/all,MEDIUM,own_history_12m,12 months,2026-10-01 00:00:00+00:00
BHV-003927,CUST-000393,spending_pattern_change,0.461,last30 avg / prior90 avg,MEDIUM,own_history_12m,12 months,2026-10-01 00:00:00+00:00
BHV-003928,CUST-000393,transaction_burst,0,bursts (4 tx/15 min),LOW,own_history_12m,12 months,2026-10-01 00:00:00+00:00
BHV-003929,CUST-000393,account_age,350,days,LOW,own_history_12m,12 months,2026-10-01 00:00:00+00:00
BHV-003930,CUST-000393,recent_activity,341,days since last tx,HIGH,own_history_12m,12 months,2026-10-01 00:00:00+00:00
BHV-003931,CUST-000394,transaction_frequency,0.076,tx/day,MEDIUM,own_history_12m,12 months,2026-10-01 00:00:00+00:00
BHV-003932,CUST-000394,transaction_velocity,1,max tx in 60 min,LOW,own_history_12m,12 months,2026-10-01 00:00:00+00:00
BHV-003933,CUST-000394,amount_deviation,5.369,|last30/prior90 - 1|,HIGH,own_history_12m,12 months,2026-10-01 00:00:00+00:00
BHV-003934,CUST-000394,unusual_timing,0.077,share 00-05 UTC,MEDIUM,own_history_12m,12 months,2026-10-01 00:00:00+00:00
BHV-003935,CUST-000394,unusual_location,0.0,share foreign-country tx,LOW,own_history_12m,12 months,2026-10-01 00:00:00+00:00
BHV-003936,CUST-000394,failed_transaction_rate,0.077,failed/all,LOW,own_history_12m,12 months,2026-10-01 00:00:00+00:00
BHV-003937,CUST-000394,spending_pattern_change,6.369,last30 avg / prior90 avg,HIGH,own_history_12m,12 months,2026-10-01 00:00:00+00:00
BHV-003938,CUST-000394,transaction_burst,0,bursts (4 tx/15 min),LOW,own_history_12m,12 months,2026-10-01 00:00:00+00:00
BHV-003939,CUST-000394,account_age,171,days,MEDIUM,own_history_12m,12 months,2026-10-01 00:00:00+00:00
BHV-003940,CUST-000394,recent_activity,160,days since last tx,HIGH,own_history_12m,12 months,2026-10-01 00:00:00+00:00
BHV-003941,CUST-000395,transaction_frequency,0.014,tx/day,LOW,own_history_12m,12 months,2026-10-01 00:00:00+00:00
BHV-003942,CUST-000395,transaction_velocity,1,max tx in 60 min,LOW,own_history_12m,12 months,2026-10-01 00:00:00+00:00
BHV-003943,CUST-000395,amount_deviation,0,|last30/prior90 - 1|,LOW,own_history_12m,12 months,2026-10-01 00:00:00+00:00
BHV-003944,CUST-000395,unusual_timing,0.333,share 00-05 UTC,HIGH,own_history_12m,12 months,2026-10-01 00:00:00+00:00
BHV-003945,CUST-000395,unusual_location,0.0,share foreign-country tx,LOW,own_history_12m,12 months,2026-10-01 00:00:00+00:00
BHV-003946,CUST-000395,failed_transaction_rate,0.0,failed/all,LOW,own_history_12m,12 months,2026-10-01 00:00:00+00:00
BHV-003947,CUST-000395,spending_pattern_change,,last30 avg / prior90 avg,LOW,own_history_12m,12 months,2026-10-01 00:00:00+00:00
BHV-003948,CUST-000395,transaction_burst,0,bursts (4 tx/15 min),LOW,own_history_12m,12 months,2026-10-01 00:00:00+00:00
BHV-003949,CUST-000395,account_age,215,days,LOW,own_history_12m,12 months,2026-10-01 00:00:00+00:00
BHV-003950,CUST-000395,recent_activity,75,days since last tx,MEDIUM,own_history_12m,12 months,2026-10-01 00:00:00+00:00
BHV-003951,CUST-000396,transaction_frequency,0.1263,tx/day,MEDIUM,own_history_12m,12 months,2026-10-01 00:00:00+00:00
BHV-003952,CUST-000396,transaction_velocity,1,max tx in 60 min,LOW,own_history_12m,12 months,2026-10-01 00:00:00+00:00
BHV-003953,CUST-000396,amount_deviation,0.812,|last30/prior90 - 1|,HIGH,own_history_12m,12 months,2026-10-01 00:00:00+00:00
BHV-003954,CUST-000396,unusual_timing,0.36,share 00-05 UTC,HIGH,own_history_12m,12 months,2026-10-01 00:00:00+00:00
BHV-003955,CUST-000396,unusual_location,0.0,share foreign-country tx,LOW,own_history_12m,12 months,2026-10-01 00:00:00+00:00
BHV-003956,CUST-000396,failed_transaction_rate,0.04,failed/all,LOW,own_history_12m,12 months,2026-10-01 00:00:00+00:00
BHV-003957,CUST-000396,spending_pattern_change,0.188,last30 avg / prior90 avg,MEDIUM,own_history_12m,12 months,2026-10-01 00:00:00+00:00
BHV-003958,CUST-000396,transaction_burst,0,bursts (4 tx/15 min),LOW,own_history_12m,12 months,2026-10-01 00:00:00+00:00
BHV-003959,CUST-000396,account_age,198,days,LOW,own_history_12m,12 months,2026-10-01 00:00:00+00:00
BHV-003960,CUST-000396,recent_activity,169,days since last tx,HIGH,own_history_12m,12 months,2026-10-01 00:00:00+00:00
BHV-003961,CUST-000397,transaction_frequency,0.024,tx/day,MEDIUM,own_history_12m,12 months,2026-10-01 00:00:00+00:00
BHV-003962,CUST-000397,transaction_velocity,1,max tx in 60 min,LOW,own_history_12m,12 months,2026-10-01 00:00:00+00:00
BHV-003963,CUST-000397,amount_deviation,1.744,|last30/prior90 - 1|,HIGH,own_history_12m,12 months,2026-10-01 00:00:00+00:00
BHV-003964,CUST-000397,unusual_timing,0.0,share 00-05 UTC,LOW,own_history_12m,12 months,2026-10-01 00:00:00+00:00
BHV-003965,CUST-000397,unusual_location,0.0,share foreign-country tx,LOW,own_history_12m,12 months,2026-10-01 00:00:00+00:00
BHV-003966,CUST-000397,failed_transaction_rate,0.0,failed/all,LOW,own_history_12m,12 months,2026-10-01 00:00:00+00:00
BHV-003967,CUST-000397,spending_pattern_change,2.744,last30 avg / prior90 avg,HIGH,own_history_12m,12 months,2026-10-01 00:00:00+00:00
BHV-003968,CUST-000397,transaction_burst,0,bursts (4 tx/15 min),LOW,own_history_12m,12 months,2026-10-01 00:00:00+00:00
BHV-003969,CUST-000397,account_age,125,days,MEDIUM,own_history_12m,12 months,2026-10-01 00:00:00+00:00
BHV-003970,CUST-000397,recent_activity,75,days since last tx,MEDIUM,own_history_12m,12 months,2026-10-01 00:00:00+00:00
BHV-003971,CUST-000398,transaction_frequency,0.0663,tx/day,MEDIUM,own_history_12m,12 months,2026-10-01 00:00:00+00:00
BHV-003972,CUST-000398,transaction_velocity,1,max tx in 60 min,LOW,own_history_12m,12 months,2026-10-01 00:00:00+00:00
BHV-003973,CUST-000398,amount_deviation,1.446,|last30/prior90 - 1|,HIGH,own_history_12m,12 months,2026-10-01 00:00:00+00:00
BHV-003974,CUST-000398,unusual_timing,0.0,share 00-05 UTC,LOW,own_history_12m,12 months,2026-10-01 00:00:00+00:00
BHV-003975,CUST-000398,unusual_location,0.0,share foreign-country tx,LOW,own_history_12m,12 months,2026-10-01 00:00:00+00:00
BHV-003976,CUST-000398,failed_transaction_rate,0.0,failed/all,LOW,own_history_12m,12 months,2026-10-01 00:00:00+00:00
BHV-003977,CUST-000398,spending_pattern_change,2.446,last30 avg / prior90 avg,HIGH,own_history_12m,12 months,2026-10-01 00:00:00+00:00
BHV-003978,CUST-000398,transaction_burst,0,bursts (4 tx/15 min),LOW,own_history_12m,12 months,2026-10-01 00:00:00+00:00
BHV-003979,CUST-000398,account_age,166,days,MEDIUM,own_history_12m,12 months,2026-10-01 00:00:00+00:00
BHV-003980,CUST-000398,recent_activity,157,days since last tx,HIGH,own_history_12m,12 months,2026-10-01 00:00:00+00:00
BHV-003981,CUST-000399,transaction_frequency,0.0544,tx/day,MEDIUM,own_history_12m,12 months,2026-10-01 00:00:00+00:00
BHV-003982,CUST-000399,transaction_velocity,1,max tx in 60 min,LOW,own_history_12m,12 months,2026-10-01 00:00:00+00:00
BHV-003983,CUST-000399,amount_deviation,0,|last30/prior90 - 1|,LOW,own_history_12m,12 months,2026-10-01 00:00:00+00:00
BHV-003984,CUST-000399,unusual_timing,0.231,share 00-05 UTC,MEDIUM,own_history_12m,12 months,2026-10-01 00:00:00+00:00
BHV-003985,CUST-000399,unusual_location,0.0,share foreign-country tx,LOW,own_history_12m,12 months,2026-10-01 00:00:00+00:00
BHV-003986,CUST-000399,failed_transaction_rate,0.077,failed/all,LOW,own_history_12m,12 months,2026-10-01 00:00:00+00:00
BHV-003987,CUST-000399,spending_pattern_change,,last30 avg / prior90 avg,LOW,own_history_12m,12 months,2026-10-01 00:00:00+00:00
BHV-003988,CUST-000399,transaction_burst,0,bursts (4 tx/15 min),LOW,own_history_12m,12 months,2026-10-01 00:00:00+00:00
BHV-003989,CUST-000399,account_age,239,days,LOW,own_history_12m,12 months,2026-10-01 00:00:00+00:00
BHV-003990,CUST-000399,recent_activity,231,days since last tx,HIGH,own_history_12m,12 months,2026-10-01 00:00:00+00:00
BHV-003991,CUST-000400,transaction_frequency,0.1066,tx/day,MEDIUM,own_history_12m,12 months,2026-10-01 00:00:00+00:00
BHV-003992,CUST-000400,transaction_velocity,1,max tx in 60 min,LOW,own_history_12m,12 months,2026-10-01 00:00:00+00:00
BHV-003993,CUST-000400,amount_deviation,0.026,|last30/prior90 - 1|,LOW,own_history_12m,12 months,2026-10-01 00:00:00+00:00
BHV-003994,CUST-000400,unusual_timing,0.192,share 00-05 UTC,MEDIUM,own_history_12m,12 months,2026-10-01 00:00:00+00:00
BHV-003995,CUST-000400,unusual_location,0.0,share foreign-country tx,LOW,own_history_12m,12 months,2026-10-01 00:00:00+00:00
BHV-003996,CUST-000400,failed_transaction_rate,0.077,failed/all,LOW,own_history_12m,12 months,2026-10-01 00:00:00+00:00
BHV-003997,CUST-000400,spending_pattern_change,0.974,last30 avg / prior90 avg,LOW,own_history_12m,12 months,2026-10-01 00:00:00+00:00
BHV-003998,CUST-000400,transaction_burst,0,bursts (4 tx/15 min),LOW,own_history_12m,12 months,2026-10-01 00:00:00+00:00
BHV-003999,CUST-000400,account_age,244,days,LOW,own_history_12m,12 months,2026-10-01 00:00:00+00:00
BHV-004000,CUST-000400,recent_activity,239,days since last tx,HIGH,own_history_12m,12 months,2026-10-01 00:00:00+00:00
BHV-004001,CUST-000401,transaction_frequency,0.0597,tx/day,MEDIUM,own_history_12m,12 months,2026-10-01 00:00:00+00:00
BHV-004002,CUST-000401,transaction_velocity,1,max tx in 60 min,LOW,own_history_12m,12 months,2026-10-01 00:00:00+00:00
BHV-004003,CUST-000401,amount_deviation,1.636,|last30/prior90 - 1|,HIGH,own_history_12m,12 months,2026-10-01 00:00:00+00:00
BHV-004004,CUST-000401,unusual_timing,0.125,share 00-05 UTC,MEDIUM,own_history_12m,12 months,2026-10-01 00:00:00+00:00
BHV-004005,CUST-000401,unusual_location,0.0,share foreign-country tx,LOW,own_history_12m,12 months,2026-10-01 00:00:00+00:00
BHV-004006,CUST-000401,failed_transaction_rate,0.125,failed/all,MEDIUM,own_history_12m,12 months,2026-10-01 00:00:00+00:00
BHV-004007,CUST-000401,spending_pattern_change,2.636,last30 avg / prior90 avg,HIGH,own_history_12m,12 months,2026-10-01 00:00:00+00:00
BHV-004008,CUST-000401,transaction_burst,0,bursts (4 tx/15 min),LOW,own_history_12m,12 months,2026-10-01 00:00:00+00:00
BHV-004009,CUST-000401,account_age,268,days,LOW,own_history_12m,12 months,2026-10-01 00:00:00+00:00
BHV-004010,CUST-000401,recent_activity,226,days since last tx,HIGH,own_history_12m,12 months,2026-10-01 00:00:00+00:00
BHV-004011,CUST-000402,transaction_frequency,0.1571,tx/day,HIGH,own_history_12m,12 months,2026-10-01 00:00:00+00:00
BHV-004012,CUST-000402,transaction_velocity,1,max tx in 60 min,LOW,own_history_12m,12 months,2026-10-01 00:00:00+00:00
BHV-004013,CUST-000402,amount_deviation,0.552,|last30/prior90 - 1|,MEDIUM,own_history_12m,12 months,2026-10-01 00:00:00+00:00
BHV-004014,CUST-000402,unusual_timing,0.545,share 00-05 UTC,HIGH,own_history_12m,12 months,2026-10-01 00:00:00+00:00
BHV-004015,CUST-000402,unusual_location,0.0,share foreign-country tx,LOW,own_history_12m,12 months,2026-10-01 00:00:00+00:00
BHV-004016,CUST-000402,failed_transaction_rate,0.273,failed/all,MEDIUM,own_history_12m,12 months,2026-10-01 00:00:00+00:00
BHV-004017,CUST-000402,spending_pattern_change,1.552,last30 avg / prior90 avg,MEDIUM,own_history_12m,12 months,2026-10-01 00:00:00+00:00
BHV-004018,CUST-000402,transaction_burst,0,bursts (4 tx/15 min),LOW,own_history_12m,12 months,2026-10-01 00:00:00+00:00
BHV-004019,CUST-000402,account_age,70,days,MEDIUM,own_history_12m,12 months,2026-10-01 00:00:00+00:00
BHV-004020,CUST-000402,recent_activity,66,days since last tx,MEDIUM,own_history_12m,12 months,2026-10-01 00:00:00+00:00
BHV-004021,CUST-000403,transaction_frequency,0.0737,tx/day,MEDIUM,own_history_12m,12 months,2026-10-01 00:00:00+00:00
BHV-004022,CUST-000403,transaction_velocity,1,max tx in 60 min,LOW,own_history_12m,12 months,2026-10-01 00:00:00+00:00
BHV-004023,CUST-000403,amount_deviation,0.63,|last30/prior90 - 1|,MEDIUM,own_history_12m,12 months,2026-10-01 00:00:00+00:00
BHV-004024,CUST-000403,unusual_timing,0.143,share 00-05 UTC,MEDIUM,own_history_12m,12 months,2026-10-01 00:00:00+00:00
BHV-004025,CUST-000403,unusual_location,0.0,share foreign-country tx,LOW,own_history_12m,12 months,2026-10-01 00:00:00+00:00
BHV-004026,CUST-000403,failed_transaction_rate,0.0,failed/all,LOW,own_history_12m,12 months,2026-10-01 00:00:00+00:00
BHV-004027,CUST-000403,spending_pattern_change,0.37,last30 avg / prior90 avg,MEDIUM,own_history_12m,12 months,2026-10-01 00:00:00+00:00
BHV-004028,CUST-000403,transaction_burst,0,bursts (4 tx/15 min),LOW,own_history_12m,12 months,2026-10-01 00:00:00+00:00
BHV-004029,CUST-000403,account_age,95,days,MEDIUM,own_history_12m,12 months,2026-10-01 00:00:00+00:00
BHV-004030,CUST-000403,recent_activity,75,days since last tx,MEDIUM,own_history_12m,12 months,2026-10-01 00:00:00+00:00
BHV-004031,CUST-000404,transaction_frequency,0.1099,tx/day,MEDIUM,own_history_12m,12 months,2026-10-01 00:00:00+00:00
BHV-004032,CUST-000404,transaction_velocity,1,max tx in 60 min,LOW,own_history_12m,12 months,2026-10-01 00:00:00+00:00
BHV-004033,CUST-000404,amount_deviation,0.895,|last30/prior90 - 1|,HIGH,own_history_12m,12 months,2026-10-01 00:00:00+00:00
BHV-004034,CUST-000404,unusual_timing,0.333,share 00-05 UTC,HIGH,own_history_12m,12 months,2026-10-01 00:00:00+00:00
BHV-004035,CUST-000404,unusual_location,0.0,share foreign-country tx,LOW,own_history_12m,12 months,2026-10-01 00:00:00+00:00
BHV-004036,CUST-000404,failed_transaction_rate,0.095,failed/all,LOW,own_history_12m,12 months,2026-10-01 00:00:00+00:00
BHV-004037,CUST-000404,spending_pattern_change,0.105,last30 avg / prior90 avg,MEDIUM,own_history_12m,12 months,2026-10-01 00:00:00+00:00
BHV-004038,CUST-000404,transaction_burst,0,bursts (4 tx/15 min),LOW,own_history_12m,12 months,2026-10-01 00:00:00+00:00
BHV-004039,CUST-000404,account_age,191,days,LOW,own_history_12m,12 months,2026-10-01 00:00:00+00:00
BHV-004040,CUST-000404,recent_activity,190,days since last tx,HIGH,own_history_12m,12 months,2026-10-01 00:00:00+00:00
BHV-004041,CUST-000405,transaction_frequency,0.0995,tx/day,MEDIUM,own_history_12m,12 months,2026-10-01 00:00:00+00:00
BHV-004042,CUST-000405,transaction_velocity,1,max tx in 60 min,LOW,own_history_12m,12 months,2026-10-01 00:00:00+00:00
BHV-004043,CUST-000405,amount_deviation,26.204,|last30/prior90 - 1|,HIGH,own_history_12m,12 months,2026-10-01 00:00:00+00:00
BHV-004044,CUST-000405,unusual_timing,0.1,share 00-05 UTC,MEDIUM,own_history_12m,12 months,2026-10-01 00:00:00+00:00
BHV-004045,CUST-000405,unusual_location,0.0,share foreign-country tx,LOW,own_history_12m,12 months,2026-10-01 00:00:00+00:00
BHV-004046,CUST-000405,failed_transaction_rate,0.1,failed/all,MEDIUM,own_history_12m,12 months,2026-10-01 00:00:00+00:00
BHV-004047,CUST-000405,spending_pattern_change,27.204,last30 avg / prior90 avg,HIGH,own_history_12m,12 months,2026-10-01 00:00:00+00:00
BHV-004048,CUST-000405,transaction_burst,0,bursts (4 tx/15 min),LOW,own_history_12m,12 months,2026-10-01 00:00:00+00:00
BHV-004049,CUST-000405,account_age,201,days,LOW,own_history_12m,12 months,2026-10-01 00:00:00+00:00
BHV-004050,CUST-000405,recent_activity,199,days since last tx,HIGH,own_history_12m,12 months,2026-10-01 00:00:00+00:00
BHV-004051,CUST-000406,transaction_frequency,0.0466,tx/day,MEDIUM,own_history_12m,12 months,2026-10-01 00:00:00+00:00
BHV-004052,CUST-000406,transaction_velocity,1,max tx in 60 min,LOW,own_history_12m,12 months,2026-10-01 00:00:00+00:00
BHV-004053,CUST-000406,amount_deviation,1.466,|last30/prior90 - 1|,HIGH,own_history_12m,12 months,2026-10-01 00:00:00+00:00
BHV-004054,CUST-000406,unusual_timing,0.308,share 00-05 UTC,HIGH,own_history_12m,12 months,2026-10-01 00:00:00+00:00
BHV-004055,CUST-000406,unusual_location,0.0,share foreign-country tx,LOW,own_history_12m,12 months,2026-10-01 00:00:00+00:00
BHV-004056,CUST-000406,failed_transaction_rate,0.077,failed/all,LOW,own_history_12m,12 months,2026-10-01 00:00:00+00:00
BHV-004057,CUST-000406,spending_pattern_change,2.466,last30 avg / prior90 avg,HIGH,own_history_12m,12 months,2026-10-01 00:00:00+00:00
BHV-004058,CUST-000406,transaction_burst,0,bursts (4 tx/15 min),LOW,own_history_12m,12 months,2026-10-01 00:00:00+00:00
BHV-004059,CUST-000406,account_age,279,days,LOW,own_history_12m,12 months,2026-10-01 00:00:00+00:00
BHV-004060,CUST-000406,recent_activity,254,days since last tx,HIGH,own_history_12m,12 months,2026-10-01 00:00:00+00:00
BHV-004061,CUST-000407,transaction_frequency,0.1573,tx/day,HIGH,own_history_12m,12 months,2026-10-01 00:00:00+00:00
BHV-004062,CUST-000407,transaction_velocity,1,max tx in 60 min,LOW,own_history_12m,12 months,2026-10-01 00:00:00+00:00
BHV-004063,CUST-000407,amount_deviation,8.015,|last30/prior90 - 1|,HIGH,own_history_12m,12 months,2026-10-01 00:00:00+00:00
BHV-004064,CUST-000407,unusual_timing,0.071,share 00-05 UTC,MEDIUM,own_history_12m,12 months,2026-10-01 00:00:00+00:00
BHV-004065,CUST-000407,unusual_location,0.0,share foreign-country tx,LOW,own_history_12m,12 months,2026-10-01 00:00:00+00:00
BHV-004066,CUST-000407,failed_transaction_rate,0.071,failed/all,LOW,own_history_12m,12 months,2026-10-01 00:00:00+00:00
BHV-004067,CUST-000407,spending_pattern_change,9.015,last30 avg / prior90 avg,HIGH,own_history_12m,12 months,2026-10-01 00:00:00+00:00
BHV-004068,CUST-000407,transaction_burst,0,bursts (4 tx/15 min),LOW,own_history_12m,12 months,2026-10-01 00:00:00+00:00
BHV-004069,CUST-000407,account_age,89,days,MEDIUM,own_history_12m,12 months,2026-10-01 00:00:00+00:00
BHV-004070,CUST-000407,recent_activity,80,days since last tx,MEDIUM,own_history_12m,12 months,2026-10-01 00:00:00+00:00
BHV-004071,CUST-000408,transaction_frequency,0.115,tx/day,MEDIUM,own_history_12m,12 months,2026-10-01 00:00:00+00:00
BHV-004072,CUST-000408,transaction_velocity,1,max tx in 60 min,LOW,own_history_12m,12 months,2026-10-01 00:00:00+00:00
BHV-004073,CUST-000408,amount_deviation,0.132,|last30/prior90 - 1|,LOW,own_history_12m,12 months,2026-10-01 00:00:00+00:00
BHV-004074,CUST-000408,unusual_timing,0.077,share 00-05 UTC,MEDIUM,own_history_12m,12 months,2026-10-01 00:00:00+00:00
BHV-004075,CUST-000408,unusual_location,0.0,share foreign-country tx,LOW,own_history_12m,12 months,2026-10-01 00:00:00+00:00
BHV-004076,CUST-000408,failed_transaction_rate,0.077,failed/all,LOW,own_history_12m,12 months,2026-10-01 00:00:00+00:00
BHV-004077,CUST-000408,spending_pattern_change,0.868,last30 avg / prior90 avg,LOW,own_history_12m,12 months,2026-10-01 00:00:00+00:00
BHV-004078,CUST-000408,transaction_burst,0,bursts (4 tx/15 min),LOW,own_history_12m,12 months,2026-10-01 00:00:00+00:00
BHV-004079,CUST-000408,account_age,113,days,MEDIUM,own_history_12m,12 months,2026-10-01 00:00:00+00:00
BHV-004080,CUST-000408,recent_activity,106,days since last tx,HIGH,own_history_12m,12 months,2026-10-01 00:00:00+00:00
BHV-004081,CUST-000409,transaction_frequency,0.1267,tx/day,MEDIUM,own_history_12m,12 months,2026-10-01 00:00:00+00:00
BHV-004082,CUST-000409,transaction_velocity,1,max tx in 60 min,LOW,own_history_12m,12 months,2026-10-01 00:00:00+00:00
BHV-004083,CUST-000409,amount_deviation,0.191,|last30/prior90 - 1|,LOW,own_history_12m,12 months,2026-10-01 00:00:00+00:00
BHV-004084,CUST-000409,unusual_timing,0.158,share 00-05 UTC,MEDIUM,own_history_12m,12 months,2026-10-01 00:00:00+00:00
BHV-004085,CUST-000409,unusual_location,0.0,share foreign-country tx,LOW,own_history_12m,12 months,2026-10-01 00:00:00+00:00
BHV-004086,CUST-000409,failed_transaction_rate,0.105,failed/all,MEDIUM,own_history_12m,12 months,2026-10-01 00:00:00+00:00
BHV-004087,CUST-000409,spending_pattern_change,1.191,last30 avg / prior90 avg,LOW,own_history_12m,12 months,2026-10-01 00:00:00+00:00
BHV-004088,CUST-000409,transaction_burst,0,bursts (4 tx/15 min),LOW,own_history_12m,12 months,2026-10-01 00:00:00+00:00
BHV-004089,CUST-000409,account_age,150,days,MEDIUM,own_history_12m,12 months,2026-10-01 00:00:00+00:00
BHV-004090,CUST-000409,recent_activity,147,days since last tx,HIGH,own_history_12m,12 months,2026-10-01 00:00:00+00:00
BHV-004091,CUST-000410,transaction_frequency,0.1709,tx/day,HIGH,own_history_12m,12 months,2026-10-01 00:00:00+00:00
BHV-004092,CUST-000410,transaction_velocity,1,max tx in 60 min,LOW,own_history_12m,12 months,2026-10-01 00:00:00+00:00
BHV-004093,CUST-000410,amount_deviation,1.2,|last30/prior90 - 1|,HIGH,own_history_12m,12 months,2026-10-01 00:00:00+00:00
BHV-004094,CUST-000410,unusual_timing,0.111,share 00-05 UTC,MEDIUM,own_history_12m,12 months,2026-10-01 00:00:00+00:00
BHV-004095,CUST-000410,unusual_location,0.0,share foreign-country tx,LOW,own_history_12m,12 months,2026-10-01 00:00:00+00:00
BHV-004096,CUST-000410,failed_transaction_rate,0.037,failed/all,LOW,own_history_12m,12 months,2026-10-01 00:00:00+00:00
BHV-004097,CUST-000410,spending_pattern_change,2.2,last30 avg / prior90 avg,HIGH,own_history_12m,12 months,2026-10-01 00:00:00+00:00
BHV-004098,CUST-000410,transaction_burst,0,bursts (4 tx/15 min),LOW,own_history_12m,12 months,2026-10-01 00:00:00+00:00
BHV-004099,CUST-000410,account_age,158,days,MEDIUM,own_history_12m,12 months,2026-10-01 00:00:00+00:00
BHV-004100,CUST-000410,recent_activity,153,days since last tx,HIGH,own_history_12m,12 months,2026-10-01 00:00:00+00:00
BHV-004101,CUST-000411,transaction_frequency,0.0753,tx/day,MEDIUM,own_history_12m,12 months,2026-10-01 00:00:00+00:00
BHV-004102,CUST-000411,transaction_velocity,1,max tx in 60 min,LOW,own_history_12m,12 months,2026-10-01 00:00:00+00:00
BHV-004103,CUST-000411,amount_deviation,0.873,|last30/prior90 - 1|,HIGH,own_history_12m,12 months,2026-10-01 00:00:00+00:00
BHV-004104,CUST-000411,unusual_timing,0.056,share 00-05 UTC,MEDIUM,own_history_12m,12 months,2026-10-01 00:00:00+00:00
BHV-004105,CUST-000411,unusual_location,0.0,share foreign-country tx,LOW,own_history_12m,12 months,2026-10-01 00:00:00+00:00
BHV-004106,CUST-000411,failed_transaction_rate,0.056,failed/all,LOW,own_history_12m,12 months,2026-10-01 00:00:00+00:00
BHV-004107,CUST-000411,spending_pattern_change,0.127,last30 avg / prior90 avg,MEDIUM,own_history_12m,12 months,2026-10-01 00:00:00+00:00
BHV-004108,CUST-000411,transaction_burst,0,bursts (4 tx/15 min),LOW,own_history_12m,12 months,2026-10-01 00:00:00+00:00
BHV-004109,CUST-000411,account_age,239,days,LOW,own_history_12m,12 months,2026-10-01 00:00:00+00:00
BHV-004110,CUST-000411,recent_activity,239,days since last tx,HIGH,own_history_12m,12 months,2026-10-01 00:00:00+00:00
BHV-004111,CUST-000412,transaction_frequency,0.0306,tx/day,MEDIUM,own_history_12m,12 months,2026-10-01 00:00:00+00:00
BHV-004112,CUST-000412,transaction_velocity,1,max tx in 60 min,LOW,own_history_12m,12 months,2026-10-01 00:00:00+00:00
BHV-004113,CUST-000412,amount_deviation,1.618,|last30/prior90 - 1|,HIGH,own_history_12m,12 months,2026-10-01 00:00:00+00:00
BHV-004114,CUST-000412,unusual_timing,0.2,share 00-05 UTC,MEDIUM,own_history_12m,12 months,2026-10-01 00:00:00+00:00
BHV-004115,CUST-000412,unusual_location,0.0,share foreign-country tx,LOW,own_history_12m,12 months,2026-10-01 00:00:00+00:00
BHV-004116,CUST-000412,failed_transaction_rate,0.0,failed/all,LOW,own_history_12m,12 months,2026-10-01 00:00:00+00:00
BHV-004117,CUST-000412,spending_pattern_change,2.618,last30 avg / prior90 avg,HIGH,own_history_12m,12 months,2026-10-01 00:00:00+00:00
BHV-004118,CUST-000412,transaction_burst,0,bursts (4 tx/15 min),LOW,own_history_12m,12 months,2026-10-01 00:00:00+00:00
BHV-004119,CUST-000412,account_age,327,days,LOW,own_history_12m,12 months,2026-10-01 00:00:00+00:00
BHV-004120,CUST-000412,recent_activity,285,days since last tx,HIGH,own_history_12m,12 months,2026-10-01 00:00:00+00:00
BHV-004121,CUST-000413,transaction_frequency,0.0563,tx/day,MEDIUM,own_history_12m,12 months,2026-10-01 00:00:00+00:00
BHV-004122,CUST-000413,transaction_velocity,1,max tx in 60 min,LOW,own_history_12m,12 months,2026-10-01 00:00:00+00:00
BHV-004123,CUST-000413,amount_deviation,0.925,|last30/prior90 - 1|,HIGH,own_history_12m,12 months,2026-10-01 00:00:00+00:00
BHV-004124,CUST-000413,unusual_timing,0.294,share 00-05 UTC,HIGH,own_history_12m,12 months,2026-10-01 00:00:00+00:00
BHV-004125,CUST-000413,unusual_location,0.0,share foreign-country tx,LOW,own_history_12m,12 months,2026-10-01 00:00:00+00:00
BHV-004126,CUST-000413,failed_transaction_rate,0.059,failed/all,LOW,own_history_12m,12 months,2026-10-01 00:00:00+00:00
BHV-004127,CUST-000413,spending_pattern_change,0.075,last30 avg / prior90 avg,MEDIUM,own_history_12m,12 months,2026-10-01 00:00:00+00:00
BHV-004128,CUST-000413,transaction_burst,0,bursts (4 tx/15 min),LOW,own_history_12m,12 months,2026-10-01 00:00:00+00:00
BHV-004129,CUST-000413,account_age,302,days,LOW,own_history_12m,12 months,2026-10-01 00:00:00+00:00
BHV-004130,CUST-000413,recent_activity,263,days since last tx,HIGH,own_history_12m,12 months,2026-10-01 00:00:00+00:00
BHV-004131,CUST-000414,transaction_frequency,0.1349,tx/day,MEDIUM,own_history_12m,12 months,2026-10-01 00:00:00+00:00
BHV-004132,CUST-000414,transaction_velocity,1,max tx in 60 min,LOW,own_history_12m,12 months,2026-10-01 00:00:00+00:00
BHV-004133,CUST-000414,amount_deviation,1.601,|last30/prior90 - 1|,HIGH,own_history_12m,12 months,2026-10-01 00:00:00+00:00
BHV-004134,CUST-000414,unusual_timing,0.172,share 00-05 UTC,MEDIUM,own_history_12m,12 months,2026-10-01 00:00:00+00:00
BHV-004135,CUST-000414,unusual_location,0.0,share foreign-country tx,LOW,own_history_12m,12 months,2026-10-01 00:00:00+00:00
BHV-004136,CUST-000414,failed_transaction_rate,0.034,failed/all,LOW,own_history_12m,12 months,2026-10-01 00:00:00+00:00
BHV-004137,CUST-000414,spending_pattern_change,2.601,last30 avg / prior90 avg,HIGH,own_history_12m,12 months,2026-10-01 00:00:00+00:00
BHV-004138,CUST-000414,transaction_burst,0,bursts (4 tx/15 min),LOW,own_history_12m,12 months,2026-10-01 00:00:00+00:00
BHV-004139,CUST-000414,account_age,215,days,LOW,own_history_12m,12 months,2026-10-01 00:00:00+00:00
BHV-004140,CUST-000414,recent_activity,213,days since last tx,HIGH,own_history_12m,12 months,2026-10-01 00:00:00+00:00
BHV-004141,CUST-000415,transaction_frequency,0.0314,tx/day,MEDIUM,own_history_12m,12 months,2026-10-01 00:00:00+00:00
BHV-004142,CUST-000415,transaction_velocity,1,max tx in 60 min,LOW,own_history_12m,12 months,2026-10-01 00:00:00+00:00
BHV-004143,CUST-000415,amount_deviation,0.554,|last30/prior90 - 1|,MEDIUM,own_history_12m,12 months,2026-10-01 00:00:00+00:00
BHV-004144,CUST-000415,unusual_timing,0.0,share 00-05 UTC,LOW,own_history_12m,12 months,2026-10-01 00:00:00+00:00
BHV-004145,CUST-000415,unusual_location,0.0,share foreign-country tx,LOW,own_history_12m,12 months,2026-10-01 00:00:00+00:00
BHV-004146,CUST-000415,failed_transaction_rate,0.0,failed/all,LOW,own_history_12m,12 months,2026-10-01 00:00:00+00:00
BHV-004147,CUST-000415,spending_pattern_change,0.446,last30 avg / prior90 avg,MEDIUM,own_history_12m,12 months,2026-10-01 00:00:00+00:00
BHV-004148,CUST-000415,transaction_burst,0,bursts (4 tx/15 min),LOW,own_history_12m,12 months,2026-10-01 00:00:00+00:00
BHV-004149,CUST-000415,account_age,159,days,MEDIUM,own_history_12m,12 months,2026-10-01 00:00:00+00:00
BHV-004150,CUST-000415,recent_activity,62,days since last tx,MEDIUM,own_history_12m,12 months,2026-10-01 00:00:00+00:00
BHV-004151,CUST-000416,transaction_frequency,0.1556,tx/day,HIGH,own_history_12m,12 months,2026-10-01 00:00:00+00:00
BHV-004152,CUST-000416,transaction_velocity,1,max tx in 60 min,LOW,own_history_12m,12 months,2026-10-01 00:00:00+00:00
BHV-004153,CUST-000416,amount_deviation,0,|last30/prior90 - 1|,LOW,own_history_12m,12 months,2026-10-01 00:00:00+00:00
BHV-004154,CUST-000416,unusual_timing,0.184,share 00-05 UTC,MEDIUM,own_history_12m,12 months,2026-10-01 00:00:00+00:00
BHV-004155,CUST-000416,unusual_location,0.0,share foreign-country tx,LOW,own_history_12m,12 months,2026-10-01 00:00:00+00:00
BHV-004156,CUST-000416,failed_transaction_rate,0.082,failed/all,LOW,own_history_12m,12 months,2026-10-01 00:00:00+00:00
BHV-004157,CUST-000416,spending_pattern_change,,last30 avg / prior90 avg,LOW,own_history_12m,12 months,2026-10-01 00:00:00+00:00
BHV-004158,CUST-000416,transaction_burst,0,bursts (4 tx/15 min),LOW,own_history_12m,12 months,2026-10-01 00:00:00+00:00
BHV-004159,CUST-000416,account_age,315,days,LOW,own_history_12m,12 months,2026-10-01 00:00:00+00:00
BHV-004160,CUST-000416,recent_activity,310,days since last tx,HIGH,own_history_12m,12 months,2026-10-01 00:00:00+00:00
BHV-004161,CUST-000417,transaction_frequency,0.2059,tx/day,HIGH,own_history_12m,12 months,2026-10-01 00:00:00+00:00
BHV-004162,CUST-000417,transaction_velocity,1,max tx in 60 min,LOW,own_history_12m,12 months,2026-10-01 00:00:00+00:00
BHV-004163,CUST-000417,amount_deviation,2.729,|last30/prior90 - 1|,HIGH,own_history_12m,12 months,2026-10-01 00:00:00+00:00
BHV-004164,CUST-000417,unusual_timing,0.381,share 00-05 UTC,HIGH,own_history_12m,12 months,2026-10-01 00:00:00+00:00
BHV-004165,CUST-000417,unusual_location,0.0,share foreign-country tx,LOW,own_history_12m,12 months,2026-10-01 00:00:00+00:00
BHV-004166,CUST-000417,failed_transaction_rate,0.048,failed/all,LOW,own_history_12m,12 months,2026-10-01 00:00:00+00:00
BHV-004167,CUST-000417,spending_pattern_change,3.729,last30 avg / prior90 avg,HIGH,own_history_12m,12 months,2026-10-01 00:00:00+00:00
BHV-004168,CUST-000417,transaction_burst,0,bursts (4 tx/15 min),LOW,own_history_12m,12 months,2026-10-01 00:00:00+00:00
BHV-004169,CUST-000417,account_age,102,days,MEDIUM,own_history_12m,12 months,2026-10-01 00:00:00+00:00
BHV-004170,CUST-000417,recent_activity,87,days since last tx,MEDIUM,own_history_12m,12 months,2026-10-01 00:00:00+00:00
BHV-004171,CUST-000418,transaction_frequency,0.0702,tx/day,MEDIUM,own_history_12m,12 months,2026-10-01 00:00:00+00:00
BHV-004172,CUST-000418,transaction_velocity,1,max tx in 60 min,LOW,own_history_12m,12 months,2026-10-01 00:00:00+00:00
BHV-004173,CUST-000418,amount_deviation,0.024,|last30/prior90 - 1|,LOW,own_history_12m,12 months,2026-10-01 00:00:00+00:00
BHV-004174,CUST-000418,unusual_timing,0.2,share 00-05 UTC,MEDIUM,own_history_12m,12 months,2026-10-01 00:00:00+00:00
BHV-004175,CUST-000418,unusual_location,0.0,share foreign-country tx,LOW,own_history_12m,12 months,2026-10-01 00:00:00+00:00
BHV-004176,CUST-000418,failed_transaction_rate,0.0,failed/all,LOW,own_history_12m,12 months,2026-10-01 00:00:00+00:00
BHV-004177,CUST-000418,spending_pattern_change,1.024,last30 avg / prior90 avg,LOW,own_history_12m,12 months,2026-10-01 00:00:00+00:00
BHV-004178,CUST-000418,transaction_burst,0,bursts (4 tx/15 min),LOW,own_history_12m,12 months,2026-10-01 00:00:00+00:00
BHV-004179,CUST-000418,account_age,356,days,LOW,own_history_12m,12 months,2026-10-01 00:00:00+00:00
BHV-004180,CUST-000418,recent_activity,354,days since last tx,HIGH,own_history_12m,12 months,2026-10-01 00:00:00+00:00
BHV-004181,CUST-000419,transaction_frequency,0.0773,tx/day,MEDIUM,own_history_12m,12 months,2026-10-01 00:00:00+00:00
BHV-004182,CUST-000419,transaction_velocity,1,max tx in 60 min,LOW,own_history_12m,12 months,2026-10-01 00:00:00+00:00
BHV-004183,CUST-000419,amount_deviation,7.57,|last30/prior90 - 1|,HIGH,own_history_12m,12 months,2026-10-01 00:00:00+00:00
BHV-004184,CUST-000419,unusual_timing,0.222,share 00-05 UTC,MEDIUM,own_history_12m,12 months,2026-10-01 00:00:00+00:00
BHV-004185,CUST-000419,unusual_location,0.0,share foreign-country tx,LOW,own_history_12m,12 months,2026-10-01 00:00:00+00:00
BHV-004186,CUST-000419,failed_transaction_rate,0.056,failed/all,LOW,own_history_12m,12 months,2026-10-01 00:00:00+00:00
BHV-004187,CUST-000419,spending_pattern_change,8.57,last30 avg / prior90 avg,HIGH,own_history_12m,12 months,2026-10-01 00:00:00+00:00
BHV-004188,CUST-000419,transaction_burst,0,bursts (4 tx/15 min),LOW,own_history_12m,12 months,2026-10-01 00:00:00+00:00
BHV-004189,CUST-000419,account_age,233,days,LOW,own_history_12m,12 months,2026-10-01 00:00:00+00:00
BHV-004190,CUST-000419,recent_activity,206,days since last tx,HIGH,own_history_12m,12 months,2026-10-01 00:00:00+00:00
BHV-004191,CUST-000420,transaction_frequency,0.0524,tx/day,MEDIUM,own_history_12m,12 months,2026-10-01 00:00:00+00:00
BHV-004192,CUST-000420,transaction_velocity,1,max tx in 60 min,LOW,own_history_12m,12 months,2026-10-01 00:00:00+00:00
BHV-004193,CUST-000420,amount_deviation,0,|last30/prior90 - 1|,LOW,own_history_12m,12 months,2026-10-01 00:00:00+00:00
BHV-004194,CUST-000420,unusual_timing,0.143,share 00-05 UTC,MEDIUM,own_history_12m,12 months,2026-10-01 00:00:00+00:00
BHV-004195,CUST-000420,unusual_location,0.0,share foreign-country tx,LOW,own_history_12m,12 months,2026-10-01 00:00:00+00:00
BHV-004196,CUST-000420,failed_transaction_rate,0.0,failed/all,LOW,own_history_12m,12 months,2026-10-01 00:00:00+00:00
BHV-004197,CUST-000420,spending_pattern_change,,last30 avg / prior90 avg,LOW,own_history_12m,12 months,2026-10-01 00:00:00+00:00
BHV-004198,CUST-000420,transaction_burst,0,bursts (4 tx/15 min),LOW,own_history_12m,12 months,2026-10-01 00:00:00+00:00
BHV-004199,CUST-000420,account_age,267,days,LOW,own_history_12m,12 months,2026-10-01 00:00:00+00:00
BHV-004200,CUST-000420,recent_activity,255,days since last tx,HIGH,own_history_12m,12 months,2026-10-01 00:00:00+00:00
BHV-004201,CUST-000421,transaction_frequency,0.1753,tx/day,HIGH,own_history_12m,12 months,2026-10-01 00:00:00+00:00
BHV-004202,CUST-000421,transaction_velocity,2,max tx in 60 min,MEDIUM,own_history_12m,12 months,2026-10-01 00:00:00+00:00
BHV-004203,CUST-000421,amount_deviation,0.358,|last30/prior90 - 1|,MEDIUM,own_history_12m,12 months,2026-10-01 00:00:00+00:00
BHV-004204,CUST-000421,unusual_timing,0.912,share 00-05 UTC,HIGH,own_history_12m,12 months,2026-10-01 00:00:00+00:00
BHV-004205,CUST-000421,unusual_location,0.0,share foreign-country tx,LOW,own_history_12m,12 months,2026-10-01 00:00:00+00:00
BHV-004206,CUST-000421,failed_transaction_rate,0.147,failed/all,MEDIUM,own_history_12m,12 months,2026-10-01 00:00:00+00:00
BHV-004207,CUST-000421,spending_pattern_change,0.642,last30 avg / prior90 avg,LOW,own_history_12m,12 months,2026-10-01 00:00:00+00:00
BHV-004208,CUST-000421,transaction_burst,0,bursts (4 tx/15 min),LOW,own_history_12m,12 months,2026-10-01 00:00:00+00:00
BHV-004209,CUST-000421,account_age,194,days,LOW,own_history_12m,12 months,2026-10-01 00:00:00+00:00
BHV-004210,CUST-000421,recent_activity,188,days since last tx,HIGH,own_history_12m,12 months,2026-10-01 00:00:00+00:00
BHV-004211,CUST-000422,transaction_frequency,0.1803,tx/day,HIGH,own_history_12m,12 months,2026-10-01 00:00:00+00:00
BHV-004212,CUST-000422,transaction_velocity,1,max tx in 60 min,LOW,own_history_12m,12 months,2026-10-01 00:00:00+00:00
BHV-004213,CUST-000422,amount_deviation,0.756,|last30/prior90 - 1|,MEDIUM,own_history_12m,12 months,2026-10-01 00:00:00+00:00
BHV-004214,CUST-000422,unusual_timing,0.091,share 00-05 UTC,MEDIUM,own_history_12m,12 months,2026-10-01 00:00:00+00:00
BHV-004215,CUST-000422,unusual_location,0.0,share foreign-country tx,LOW,own_history_12m,12 months,2026-10-01 00:00:00+00:00
BHV-004216,CUST-000422,failed_transaction_rate,0.0,failed/all,LOW,own_history_12m,12 months,2026-10-01 00:00:00+00:00
BHV-004217,CUST-000422,spending_pattern_change,0.244,last30 avg / prior90 avg,MEDIUM,own_history_12m,12 months,2026-10-01 00:00:00+00:00
BHV-004218,CUST-000422,transaction_burst,0,bursts (4 tx/15 min),LOW,own_history_12m,12 months,2026-10-01 00:00:00+00:00
BHV-004219,CUST-000422,account_age,122,days,MEDIUM,own_history_12m,12 months,2026-10-01 00:00:00+00:00
BHV-004220,CUST-000422,recent_activity,120,days since last tx,HIGH,own_history_12m,12 months,2026-10-01 00:00:00+00:00
BHV-004221,CUST-000423,transaction_frequency,0.1518,tx/day,HIGH,own_history_12m,12 months,2026-10-01 00:00:00+00:00
BHV-004222,CUST-000423,transaction_velocity,2,max tx in 60 min,MEDIUM,own_history_12m,12 months,2026-10-01 00:00:00+00:00
BHV-004223,CUST-000423,amount_deviation,0.52,|last30/prior90 - 1|,MEDIUM,own_history_12m,12 months,2026-10-01 00:00:00+00:00
BHV-004224,CUST-000423,unusual_timing,0.353,share 00-05 UTC,HIGH,own_history_12m,12 months,2026-10-01 00:00:00+00:00
BHV-004225,CUST-000423,unusual_location,0.0,share foreign-country tx,LOW,own_history_12m,12 months,2026-10-01 00:00:00+00:00
BHV-004226,CUST-000423,failed_transaction_rate,0.0,failed/all,LOW,own_history_12m,12 months,2026-10-01 00:00:00+00:00
BHV-004227,CUST-000423,spending_pattern_change,0.48,last30 avg / prior90 avg,MEDIUM,own_history_12m,12 months,2026-10-01 00:00:00+00:00
BHV-004228,CUST-000423,transaction_burst,0,bursts (4 tx/15 min),LOW,own_history_12m,12 months,2026-10-01 00:00:00+00:00
BHV-004229,CUST-000423,account_age,112,days,MEDIUM,own_history_12m,12 months,2026-10-01 00:00:00+00:00
BHV-004230,CUST-000423,recent_activity,101,days since last tx,HIGH,own_history_12m,12 months,2026-10-01 00:00:00+00:00
BHV-004231,CUST-000424,transaction_frequency,0.2121,tx/day,HIGH,own_history_12m,12 months,2026-10-01 00:00:00+00:00
BHV-004232,CUST-000424,transaction_velocity,2,max tx in 60 min,MEDIUM,own_history_12m,12 months,2026-10-01 00:00:00+00:00
BHV-004233,CUST-000424,amount_deviation,0.086,|last30/prior90 - 1|,LOW,own_history_12m,12 months,2026-10-01 00:00:00+00:00
BHV-004234,CUST-000424,unusual_timing,0.971,share 00-05 UTC,HIGH,own_history_12m,12 months,2026-10-01 00:00:00+00:00
BHV-004235,CUST-000424,unusual_location,0.0,share foreign-country tx,LOW,own_history_12m,12 months,2026-10-01 00:00:00+00:00
BHV-004236,CUST-000424,failed_transaction_rate,0.114,failed/all,MEDIUM,own_history_12m,12 months,2026-10-01 00:00:00+00:00
BHV-004237,CUST-000424,spending_pattern_change,1.086,last30 avg / prior90 avg,LOW,own_history_12m,12 months,2026-10-01 00:00:00+00:00
BHV-004238,CUST-000424,transaction_burst,0,bursts (4 tx/15 min),LOW,own_history_12m,12 months,2026-10-01 00:00:00+00:00
BHV-004239,CUST-000424,account_age,165,days,MEDIUM,own_history_12m,12 months,2026-10-01 00:00:00+00:00
BHV-004240,CUST-000424,recent_activity,163,days since last tx,HIGH,own_history_12m,12 months,2026-10-01 00:00:00+00:00
BHV-004241,CUST-000425,transaction_frequency,0.0703,tx/day,MEDIUM,own_history_12m,12 months,2026-10-01 00:00:00+00:00
BHV-004242,CUST-000425,transaction_velocity,1,max tx in 60 min,LOW,own_history_12m,12 months,2026-10-01 00:00:00+00:00
BHV-004243,CUST-000425,amount_deviation,0.47,|last30/prior90 - 1|,MEDIUM,own_history_12m,12 months,2026-10-01 00:00:00+00:00
BHV-004244,CUST-000425,unusual_timing,0.167,share 00-05 UTC,MEDIUM,own_history_12m,12 months,2026-10-01 00:00:00+00:00
BHV-004245,CUST-000425,unusual_location,0.0,share foreign-country tx,LOW,own_history_12m,12 months,2026-10-01 00:00:00+00:00
BHV-004246,CUST-000425,failed_transaction_rate,0.056,failed/all,LOW,own_history_12m,12 months,2026-10-01 00:00:00+00:00
BHV-004247,CUST-000425,spending_pattern_change,1.47,last30 avg / prior90 avg,MEDIUM,own_history_12m,12 months,2026-10-01 00:00:00+00:00
BHV-004248,CUST-000425,transaction_burst,0,bursts (4 tx/15 min),LOW,own_history_12m,12 months,2026-10-01 00:00:00+00:00
BHV-004249,CUST-000425,account_age,256,days,LOW,own_history_12m,12 months,2026-10-01 00:00:00+00:00
BHV-004250,CUST-000425,recent_activity,223,days since last tx,HIGH,own_history_12m,12 months,2026-10-01 00:00:00+00:00
BHV-004251,CUST-000426,transaction_frequency,0.0159,tx/day,LOW,own_history_12m,12 months,2026-10-01 00:00:00+00:00
BHV-004252,CUST-000426,transaction_velocity,1,max tx in 60 min,LOW,own_history_12m,12 months,2026-10-01 00:00:00+00:00
BHV-004253,CUST-000426,amount_deviation,0,|last30/prior90 - 1|,LOW,own_history_12m,12 months,2026-10-01 00:00:00+00:00
BHV-004254,CUST-000426,unusual_timing,0.0,share 00-05 UTC,LOW,own_history_12m,12 months,2026-10-01 00:00:00+00:00
BHV-004255,CUST-000426,unusual_location,0.0,share foreign-country tx,LOW,own_history_12m,12 months,2026-10-01 00:00:00+00:00
BHV-004256,CUST-000426,failed_transaction_rate,0.0,failed/all,LOW,own_history_12m,12 months,2026-10-01 00:00:00+00:00
BHV-004257,CUST-000426,spending_pattern_change,,last30 avg / prior90 avg,LOW,own_history_12m,12 months,2026-10-01 00:00:00+00:00
BHV-004258,CUST-000426,transaction_burst,0,bursts (4 tx/15 min),LOW,own_history_12m,12 months,2026-10-01 00:00:00+00:00
BHV-004259,CUST-000426,account_age,126,days,MEDIUM,own_history_12m,12 months,2026-10-01 00:00:00+00:00
BHV-004260,CUST-000426,recent_activity,117,days since last tx,HIGH,own_history_12m,12 months,2026-10-01 00:00:00+00:00
BHV-004261,CUST-000427,transaction_frequency,0.0711,tx/day,MEDIUM,own_history_12m,12 months,2026-10-01 00:00:00+00:00
BHV-004262,CUST-000427,transaction_velocity,1,max tx in 60 min,LOW,own_history_12m,12 months,2026-10-01 00:00:00+00:00
BHV-004263,CUST-000427,amount_deviation,0.638,|last30/prior90 - 1|,MEDIUM,own_history_12m,12 months,2026-10-01 00:00:00+00:00
BHV-004264,CUST-000427,unusual_timing,0.111,share 00-05 UTC,MEDIUM,own_history_12m,12 months,2026-10-01 00:00:00+00:00
BHV-004265,CUST-000427,unusual_location,0.0,share foreign-country tx,LOW,own_history_12m,12 months,2026-10-01 00:00:00+00:00
BHV-004266,CUST-000427,failed_transaction_rate,0.0,failed/all,LOW,own_history_12m,12 months,2026-10-01 00:00:00+00:00
BHV-004267,CUST-000427,spending_pattern_change,0.362,last30 avg / prior90 avg,MEDIUM,own_history_12m,12 months,2026-10-01 00:00:00+00:00
BHV-004268,CUST-000427,transaction_burst,0,bursts (4 tx/15 min),LOW,own_history_12m,12 months,2026-10-01 00:00:00+00:00
BHV-004269,CUST-000427,account_age,253,days,LOW,own_history_12m,12 months,2026-10-01 00:00:00+00:00
BHV-004270,CUST-000427,recent_activity,204,days since last tx,HIGH,own_history_12m,12 months,2026-10-01 00:00:00+00:00
BHV-004271,CUST-000428,transaction_frequency,0.0591,tx/day,MEDIUM,own_history_12m,12 months,2026-10-01 00:00:00+00:00
BHV-004272,CUST-000428,transaction_velocity,1,max tx in 60 min,LOW,own_history_12m,12 months,2026-10-01 00:00:00+00:00
BHV-004273,CUST-000428,amount_deviation,0.228,|last30/prior90 - 1|,LOW,own_history_12m,12 months,2026-10-01 00:00:00+00:00
BHV-004274,CUST-000428,unusual_timing,0.273,share 00-05 UTC,HIGH,own_history_12m,12 months,2026-10-01 00:00:00+00:00
BHV-004275,CUST-000428,unusual_location,0.0,share foreign-country tx,LOW,own_history_12m,12 months,2026-10-01 00:00:00+00:00
BHV-004276,CUST-000428,failed_transaction_rate,0.0,failed/all,LOW,own_history_12m,12 months,2026-10-01 00:00:00+00:00
BHV-004277,CUST-000428,spending_pattern_change,0.772,last30 avg / prior90 avg,LOW,own_history_12m,12 months,2026-10-01 00:00:00+00:00
BHV-004278,CUST-000428,transaction_burst,0,bursts (4 tx/15 min),LOW,own_history_12m,12 months,2026-10-01 00:00:00+00:00
BHV-004279,CUST-000428,account_age,186,days,LOW,own_history_12m,12 months,2026-10-01 00:00:00+00:00
BHV-004280,CUST-000428,recent_activity,181,days since last tx,HIGH,own_history_12m,12 months,2026-10-01 00:00:00+00:00
BHV-004281,CUST-000429,transaction_frequency,0.0618,tx/day,MEDIUM,own_history_12m,12 months,2026-10-01 00:00:00+00:00
BHV-004282,CUST-000429,transaction_velocity,1,max tx in 60 min,LOW,own_history_12m,12 months,2026-10-01 00:00:00+00:00
BHV-004283,CUST-000429,amount_deviation,1.335,|last30/prior90 - 1|,HIGH,own_history_12m,12 months,2026-10-01 00:00:00+00:00
BHV-004284,CUST-000429,unusual_timing,0.227,share 00-05 UTC,MEDIUM,own_history_12m,12 months,2026-10-01 00:00:00+00:00
BHV-004285,CUST-000429,unusual_location,0.0,share foreign-country tx,LOW,own_history_12m,12 months,2026-10-01 00:00:00+00:00
BHV-004286,CUST-000429,failed_transaction_rate,0.091,failed/all,LOW,own_history_12m,12 months,2026-10-01 00:00:00+00:00
BHV-004287,CUST-000429,spending_pattern_change,2.335,last30 avg / prior90 avg,HIGH,own_history_12m,12 months,2026-10-01 00:00:00+00:00
BHV-004288,CUST-000429,transaction_burst,0,bursts (4 tx/15 min),LOW,own_history_12m,12 months,2026-10-01 00:00:00+00:00
BHV-004289,CUST-000429,account_age,356,days,LOW,own_history_12m,12 months,2026-10-01 00:00:00+00:00
BHV-004290,CUST-000429,recent_activity,320,days since last tx,HIGH,own_history_12m,12 months,2026-10-01 00:00:00+00:00
BHV-004291,CUST-000430,transaction_frequency,0.1009,tx/day,MEDIUM,own_history_12m,12 months,2026-10-01 00:00:00+00:00
BHV-004292,CUST-000430,transaction_velocity,1,max tx in 60 min,LOW,own_history_12m,12 months,2026-10-01 00:00:00+00:00
BHV-004293,CUST-000430,amount_deviation,0.211,|last30/prior90 - 1|,LOW,own_history_12m,12 months,2026-10-01 00:00:00+00:00
BHV-004294,CUST-000430,unusual_timing,0.364,share 00-05 UTC,HIGH,own_history_12m,12 months,2026-10-01 00:00:00+00:00
BHV-004295,CUST-000430,unusual_location,0.0,share foreign-country tx,LOW,own_history_12m,12 months,2026-10-01 00:00:00+00:00
BHV-004296,CUST-000430,failed_transaction_rate,0.045,failed/all,LOW,own_history_12m,12 months,2026-10-01 00:00:00+00:00
BHV-004297,CUST-000430,spending_pattern_change,1.211,last30 avg / prior90 avg,LOW,own_history_12m,12 months,2026-10-01 00:00:00+00:00
BHV-004298,CUST-000430,transaction_burst,0,bursts (4 tx/15 min),LOW,own_history_12m,12 months,2026-10-01 00:00:00+00:00
BHV-004299,CUST-000430,account_age,218,days,LOW,own_history_12m,12 months,2026-10-01 00:00:00+00:00
BHV-004300,CUST-000430,recent_activity,214,days since last tx,HIGH,own_history_12m,12 months,2026-10-01 00:00:00+00:00
BHV-004301,CUST-000431,transaction_frequency,0.1391,tx/day,MEDIUM,own_history_12m,12 months,2026-10-01 00:00:00+00:00
BHV-004302,CUST-000431,transaction_velocity,1,max tx in 60 min,LOW,own_history_12m,12 months,2026-10-01 00:00:00+00:00
BHV-004303,CUST-000431,amount_deviation,0.562,|last30/prior90 - 1|,MEDIUM,own_history_12m,12 months,2026-10-01 00:00:00+00:00
BHV-004304,CUST-000431,unusual_timing,0.333,share 00-05 UTC,HIGH,own_history_12m,12 months,2026-10-01 00:00:00+00:00
BHV-004305,CUST-000431,unusual_location,0.0,share foreign-country tx,LOW,own_history_12m,12 months,2026-10-01 00:00:00+00:00
BHV-004306,CUST-000431,failed_transaction_rate,0.143,failed/all,MEDIUM,own_history_12m,12 months,2026-10-01 00:00:00+00:00
BHV-004307,CUST-000431,spending_pattern_change,1.562,last30 avg / prior90 avg,MEDIUM,own_history_12m,12 months,2026-10-01 00:00:00+00:00
BHV-004308,CUST-000431,transaction_burst,0,bursts (4 tx/15 min),LOW,own_history_12m,12 months,2026-10-01 00:00:00+00:00
BHV-004309,CUST-000431,account_age,151,days,MEDIUM,own_history_12m,12 months,2026-10-01 00:00:00+00:00
BHV-004310,CUST-000431,recent_activity,141,days since last tx,HIGH,own_history_12m,12 months,2026-10-01 00:00:00+00:00
BHV-004311,CUST-000432,transaction_frequency,0.1562,tx/day,HIGH,own_history_12m,12 months,2026-10-01 00:00:00+00:00
BHV-004312,CUST-000432,transaction_velocity,2,max tx in 60 min,MEDIUM,own_history_12m,12 months,2026-10-01 00:00:00+00:00
BHV-004313,CUST-000432,amount_deviation,0.402,|last30/prior90 - 1|,MEDIUM,own_history_12m,12 months,2026-10-01 00:00:00+00:00
BHV-004314,CUST-000432,unusual_timing,0.35,share 00-05 UTC,HIGH,own_history_12m,12 months,2026-10-01 00:00:00+00:00
BHV-004315,CUST-000432,unusual_location,0.0,share foreign-country tx,LOW,own_history_12m,12 months,2026-10-01 00:00:00+00:00
BHV-004316,CUST-000432,failed_transaction_rate,0.125,failed/all,MEDIUM,own_history_12m,12 months,2026-10-01 00:00:00+00:00
BHV-004317,CUST-000432,spending_pattern_change,1.402,last30 avg / prior90 avg,MEDIUM,own_history_12m,12 months,2026-10-01 00:00:00+00:00
BHV-004318,CUST-000432,transaction_burst,0,bursts (4 tx/15 min),LOW,own_history_12m,12 months,2026-10-01 00:00:00+00:00
BHV-004319,CUST-000432,account_age,256,days,LOW,own_history_12m,12 months,2026-10-01 00:00:00+00:00
BHV-004320,CUST-000432,recent_activity,230,days since last tx,HIGH,own_history_12m,12 months,2026-10-01 00:00:00+00:00
BHV-004321,CUST-000433,transaction_frequency,0.0317,tx/day,MEDIUM,own_history_12m,12 months,2026-10-01 00:00:00+00:00
BHV-004322,CUST-000433,transaction_velocity,1,max tx in 60 min,LOW,own_history_12m,12 months,2026-10-01 00:00:00+00:00
BHV-004323,CUST-000433,amount_deviation,78.571,|last30/prior90 - 1|,HIGH,own_history_12m,12 months,2026-10-01 00:00:00+00:00
BHV-004324,CUST-000433,unusual_timing,0.1,share 00-05 UTC,MEDIUM,own_history_12m,12 months,2026-10-01 00:00:00+00:00
BHV-004325,CUST-000433,unusual_location,0.0,share foreign-country tx,LOW,own_history_12m,12 months,2026-10-01 00:00:00+00:00
BHV-004326,CUST-000433,failed_transaction_rate,0.0,failed/all,LOW,own_history_12m,12 months,2026-10-01 00:00:00+00:00
BHV-004327,CUST-000433,spending_pattern_change,79.571,last30 avg / prior90 avg,HIGH,own_history_12m,12 months,2026-10-01 00:00:00+00:00
BHV-004328,CUST-000433,transaction_burst,0,bursts (4 tx/15 min),LOW,own_history_12m,12 months,2026-10-01 00:00:00+00:00
BHV-004329,CUST-000433,account_age,315,days,LOW,own_history_12m,12 months,2026-10-01 00:00:00+00:00
BHV-004330,CUST-000433,recent_activity,283,days since last tx,HIGH,own_history_12m,12 months,2026-10-01 00:00:00+00:00
BHV-004331,CUST-000434,transaction_frequency,0.0553,tx/day,MEDIUM,own_history_12m,12 months,2026-10-01 00:00:00+00:00
BHV-004332,CUST-000434,transaction_velocity,1,max tx in 60 min,LOW,own_history_12m,12 months,2026-10-01 00:00:00+00:00
BHV-004333,CUST-000434,amount_deviation,0.197,|last30/prior90 - 1|,LOW,own_history_12m,12 months,2026-10-01 00:00:00+00:00
BHV-004334,CUST-000434,unusual_timing,0.214,share 00-05 UTC,MEDIUM,own_history_12m,12 months,2026-10-01 00:00:00+00:00
BHV-004335,CUST-000434,unusual_location,0.0,share foreign-country tx,LOW,own_history_12m,12 months,2026-10-01 00:00:00+00:00
BHV-004336,CUST-000434,failed_transaction_rate,0.0,failed/all,LOW,own_history_12m,12 months,2026-10-01 00:00:00+00:00
BHV-004337,CUST-000434,spending_pattern_change,0.803,last30 avg / prior90 avg,LOW,own_history_12m,12 months,2026-10-01 00:00:00+00:00
BHV-004338,CUST-000434,transaction_burst,0,bursts (4 tx/15 min),LOW,own_history_12m,12 months,2026-10-01 00:00:00+00:00
BHV-004339,CUST-000434,account_age,253,days,LOW,own_history_12m,12 months,2026-10-01 00:00:00+00:00
BHV-004340,CUST-000434,recent_activity,232,days since last tx,HIGH,own_history_12m,12 months,2026-10-01 00:00:00+00:00
BHV-004341,CUST-000435,transaction_frequency,0.2174,tx/day,HIGH,own_history_12m,12 months,2026-10-01 00:00:00+00:00
BHV-004342,CUST-000435,transaction_velocity,2,max tx in 60 min,MEDIUM,own_history_12m,12 months,2026-10-01 00:00:00+00:00
BHV-004343,CUST-000435,amount_deviation,0.122,|last30/prior90 - 1|,LOW,own_history_12m,12 months,2026-10-01 00:00:00+00:00
BHV-004344,CUST-000435,unusual_timing,0.44,share 00-05 UTC,HIGH,own_history_12m,12 months,2026-10-01 00:00:00+00:00
BHV-004345,CUST-000435,unusual_location,0.0,share foreign-country tx,LOW,own_history_12m,12 months,2026-10-01 00:00:00+00:00
BHV-004346,CUST-000435,failed_transaction_rate,0.04,failed/all,LOW,own_history_12m,12 months,2026-10-01 00:00:00+00:00
BHV-004347,CUST-000435,spending_pattern_change,0.878,last30 avg / prior90 avg,LOW,own_history_12m,12 months,2026-10-01 00:00:00+00:00
BHV-004348,CUST-000435,transaction_burst,0,bursts (4 tx/15 min),LOW,own_history_12m,12 months,2026-10-01 00:00:00+00:00
BHV-004349,CUST-000435,account_age,115,days,MEDIUM,own_history_12m,12 months,2026-10-01 00:00:00+00:00
BHV-004350,CUST-000435,recent_activity,103,days since last tx,HIGH,own_history_12m,12 months,2026-10-01 00:00:00+00:00
BHV-004351,CUST-000436,transaction_frequency,0.0056,tx/day,LOW,own_history_12m,12 months,2026-10-01 00:00:00+00:00
BHV-004352,CUST-000436,transaction_velocity,1,max tx in 60 min,LOW,own_history_12m,12 months,2026-10-01 00:00:00+00:00
BHV-004353,CUST-000436,amount_deviation,0.0,|last30/prior90 - 1|,LOW,own_history_12m,12 months,2026-10-01 00:00:00+00:00
BHV-004354,CUST-000436,unusual_timing,0.0,share 00-05 UTC,LOW,own_history_12m,12 months,2026-10-01 00:00:00+00:00
BHV-004355,CUST-000436,unusual_location,0.0,share foreign-country tx,LOW,own_history_12m,12 months,2026-10-01 00:00:00+00:00
BHV-004356,CUST-000436,failed_transaction_rate,0.0,failed/all,LOW,own_history_12m,12 months,2026-10-01 00:00:00+00:00
BHV-004357,CUST-000436,spending_pattern_change,1.0,last30 avg / prior90 avg,LOW,own_history_12m,12 months,2026-10-01 00:00:00+00:00
BHV-004358,CUST-000436,transaction_burst,0,bursts (4 tx/15 min),LOW,own_history_12m,12 months,2026-10-01 00:00:00+00:00
BHV-004359,CUST-000436,account_age,357,days,LOW,own_history_12m,12 months,2026-10-01 00:00:00+00:00
BHV-004360,CUST-000436,recent_activity,160,days since last tx,HIGH,own_history_12m,12 months,2026-10-01 00:00:00+00:00
BHV-004361,CUST-000437,transaction_frequency,0.0316,tx/day,MEDIUM,own_history_12m,12 months,2026-10-01 00:00:00+00:00
BHV-004362,CUST-000437,transaction_velocity,1,max tx in 60 min,LOW,own_history_12m,12 months,2026-10-01 00:00:00+00:00
BHV-004363,CUST-000437,amount_deviation,0.411,|last30/prior90 - 1|,MEDIUM,own_history_12m,12 months,2026-10-01 00:00:00+00:00
BHV-004364,CUST-000437,unusual_timing,0.375,share 00-05 UTC,HIGH,own_history_12m,12 months,2026-10-01 00:00:00+00:00
BHV-004365,CUST-000437,unusual_location,0.0,share foreign-country tx,LOW,own_history_12m,12 months,2026-10-01 00:00:00+00:00
BHV-004366,CUST-000437,failed_transaction_rate,0.0,failed/all,LOW,own_history_12m,12 months,2026-10-01 00:00:00+00:00
BHV-004367,CUST-000437,spending_pattern_change,0.589,last30 avg / prior90 avg,MEDIUM,own_history_12m,12 months,2026-10-01 00:00:00+00:00
BHV-004368,CUST-000437,transaction_burst,0,bursts (4 tx/15 min),LOW,own_history_12m,12 months,2026-10-01 00:00:00+00:00
BHV-004369,CUST-000437,account_age,253,days,LOW,own_history_12m,12 months,2026-10-01 00:00:00+00:00
BHV-004370,CUST-000437,recent_activity,216,days since last tx,HIGH,own_history_12m,12 months,2026-10-01 00:00:00+00:00
BHV-004371,CUST-000438,transaction_frequency,0.0582,tx/day,MEDIUM,own_history_12m,12 months,2026-10-01 00:00:00+00:00
BHV-004372,CUST-000438,transaction_velocity,1,max tx in 60 min,LOW,own_history_12m,12 months,2026-10-01 00:00:00+00:00
BHV-004373,CUST-000438,amount_deviation,3.338,|last30/prior90 - 1|,HIGH,own_history_12m,12 months,2026-10-01 00:00:00+00:00
BHV-004374,CUST-000438,unusual_timing,0.25,share 00-05 UTC,HIGH,own_history_12m,12 months,2026-10-01 00:00:00+00:00
BHV-004375,CUST-000438,unusual_location,0.0,share foreign-country tx,LOW,own_history_12m,12 months,2026-10-01 00:00:00+00:00
BHV-004376,CUST-000438,failed_transaction_rate,0.0,failed/all,LOW,own_history_12m,12 months,2026-10-01 00:00:00+00:00
BHV-004377,CUST-000438,spending_pattern_change,4.338,last30 avg / prior90 avg,HIGH,own_history_12m,12 months,2026-10-01 00:00:00+00:00
BHV-004378,CUST-000438,transaction_burst,0,bursts (4 tx/15 min),LOW,own_history_12m,12 months,2026-10-01 00:00:00+00:00
BHV-004379,CUST-000438,account_age,275,days,LOW,own_history_12m,12 months,2026-10-01 00:00:00+00:00
BHV-004380,CUST-000438,recent_activity,261,days since last tx,HIGH,own_history_12m,12 months,2026-10-01 00:00:00+00:00
BHV-004381,CUST-000439,transaction_frequency,0.0087,tx/day,LOW,own_history_12m,12 months,2026-10-01 00:00:00+00:00
BHV-004382,CUST-000439,transaction_velocity,1,max tx in 60 min,LOW,own_history_12m,12 months,2026-10-01 00:00:00+00:00
BHV-004383,CUST-000439,amount_deviation,0,|last30/prior90 - 1|,LOW,own_history_12m,12 months,2026-10-01 00:00:00+00:00
BHV-004384,CUST-000439,unusual_timing,0.5,share 00-05 UTC,HIGH,own_history_12m,12 months,2026-10-01 00:00:00+00:00
BHV-004385,CUST-000439,unusual_location,0.0,share foreign-country tx,LOW,own_history_12m,12 months,2026-10-01 00:00:00+00:00
BHV-004386,CUST-000439,failed_transaction_rate,0.5,failed/all,HIGH,own_history_12m,12 months,2026-10-01 00:00:00+00:00
BHV-004387,CUST-000439,spending_pattern_change,,last30 avg / prior90 avg,LOW,own_history_12m,12 months,2026-10-01 00:00:00+00:00
BHV-004388,CUST-000439,transaction_burst,0,bursts (4 tx/15 min),LOW,own_history_12m,12 months,2026-10-01 00:00:00+00:00
BHV-004389,CUST-000439,account_age,230,days,LOW,own_history_12m,12 months,2026-10-01 00:00:00+00:00
BHV-004390,CUST-000439,recent_activity,171,days since last tx,HIGH,own_history_12m,12 months,2026-10-01 00:00:00+00:00
BHV-004391,CUST-000440,transaction_frequency,0.2064,tx/day,HIGH,own_history_12m,12 months,2026-10-01 00:00:00+00:00
BHV-004392,CUST-000440,transaction_velocity,2,max tx in 60 min,MEDIUM,own_history_12m,12 months,2026-10-01 00:00:00+00:00
BHV-004393,CUST-000440,amount_deviation,0.014,|last30/prior90 - 1|,LOW,own_history_12m,12 months,2026-10-01 00:00:00+00:00
BHV-004394,CUST-000440,unusual_timing,0.156,share 00-05 UTC,MEDIUM,own_history_12m,12 months,2026-10-01 00:00:00+00:00
BHV-004395,CUST-000440,unusual_location,0.0,share foreign-country tx,LOW,own_history_12m,12 months,2026-10-01 00:00:00+00:00
BHV-004396,CUST-000440,failed_transaction_rate,0.022,failed/all,LOW,own_history_12m,12 months,2026-10-01 00:00:00+00:00
BHV-004397,CUST-000440,spending_pattern_change,0.986,last30 avg / prior90 avg,LOW,own_history_12m,12 months,2026-10-01 00:00:00+00:00
BHV-004398,CUST-000440,transaction_burst,0,bursts (4 tx/15 min),LOW,own_history_12m,12 months,2026-10-01 00:00:00+00:00
BHV-004399,CUST-000440,account_age,218,days,LOW,own_history_12m,12 months,2026-10-01 00:00:00+00:00
BHV-004400,CUST-000440,recent_activity,217,days since last tx,HIGH,own_history_12m,12 months,2026-10-01 00:00:00+00:00
BHV-004401,CUST-000441,transaction_frequency,0.0755,tx/day,MEDIUM,own_history_12m,12 months,2026-10-01 00:00:00+00:00
BHV-004402,CUST-000441,transaction_velocity,1,max tx in 60 min,LOW,own_history_12m,12 months,2026-10-01 00:00:00+00:00
BHV-004403,CUST-000441,amount_deviation,2.01,|last30/prior90 - 1|,HIGH,own_history_12m,12 months,2026-10-01 00:00:00+00:00
BHV-004404,CUST-000441,unusual_timing,0.208,share 00-05 UTC,MEDIUM,own_history_12m,12 months,2026-10-01 00:00:00+00:00
BHV-004405,CUST-000441,unusual_location,0.0,share foreign-country tx,LOW,own_history_12m,12 months,2026-10-01 00:00:00+00:00
BHV-004406,CUST-000441,failed_transaction_rate,0.125,failed/all,MEDIUM,own_history_12m,12 months,2026-10-01 00:00:00+00:00
BHV-004407,CUST-000441,spending_pattern_change,3.01,last30 avg / prior90 avg,HIGH,own_history_12m,12 months,2026-10-01 00:00:00+00:00
BHV-004408,CUST-000441,transaction_burst,0,bursts (4 tx/15 min),LOW,own_history_12m,12 months,2026-10-01 00:00:00+00:00
BHV-004409,CUST-000441,account_age,318,days,LOW,own_history_12m,12 months,2026-10-01 00:00:00+00:00
BHV-004410,CUST-000441,recent_activity,303,days since last tx,HIGH,own_history_12m,12 months,2026-10-01 00:00:00+00:00
BHV-004411,CUST-000442,transaction_frequency,0.0112,tx/day,LOW,own_history_12m,12 months,2026-10-01 00:00:00+00:00
BHV-004412,CUST-000442,transaction_velocity,1,max tx in 60 min,LOW,own_history_12m,12 months,2026-10-01 00:00:00+00:00
BHV-004413,CUST-000442,amount_deviation,0,|last30/prior90 - 1|,LOW,own_history_12m,12 months,2026-10-01 00:00:00+00:00
BHV-004414,CUST-000442,unusual_timing,0.0,share 00-05 UTC,LOW,own_history_12m,12 months,2026-10-01 00:00:00+00:00
BHV-004415,CUST-000442,unusual_location,0.0,share foreign-country tx,LOW,own_history_12m,12 months,2026-10-01 00:00:00+00:00
BHV-004416,CUST-000442,failed_transaction_rate,0.0,failed/all,LOW,own_history_12m,12 months,2026-10-01 00:00:00+00:00
BHV-004417,CUST-000442,spending_pattern_change,,last30 avg / prior90 avg,LOW,own_history_12m,12 months,2026-10-01 00:00:00+00:00
BHV-004418,CUST-000442,transaction_burst,0,bursts (4 tx/15 min),LOW,own_history_12m,12 months,2026-10-01 00:00:00+00:00
BHV-004419,CUST-000442,account_age,179,days,MEDIUM,own_history_12m,12 months,2026-10-01 00:00:00+00:00
BHV-004420,CUST-000442,recent_activity,132,days since last tx,HIGH,own_history_12m,12 months,2026-10-01 00:00:00+00:00
BHV-004421,CUST-000443,transaction_frequency,0.0616,tx/day,MEDIUM,own_history_12m,12 months,2026-10-01 00:00:00+00:00
BHV-004422,CUST-000443,transaction_velocity,1,max tx in 60 min,LOW,own_history_12m,12 months,2026-10-01 00:00:00+00:00
BHV-004423,CUST-000443,amount_deviation,0.573,|last30/prior90 - 1|,MEDIUM,own_history_12m,12 months,2026-10-01 00:00:00+00:00
BHV-004424,CUST-000443,unusual_timing,0.455,share 00-05 UTC,HIGH,own_history_12m,12 months,2026-10-01 00:00:00+00:00
BHV-004425,CUST-000443,unusual_location,0.0,share foreign-country tx,LOW,own_history_12m,12 months,2026-10-01 00:00:00+00:00
BHV-004426,CUST-000443,failed_transaction_rate,0.045,failed/all,LOW,own_history_12m,12 months,2026-10-01 00:00:00+00:00
BHV-004427,CUST-000443,spending_pattern_change,0.427,last30 avg / prior90 avg,MEDIUM,own_history_12m,12 months,2026-10-01 00:00:00+00:00
BHV-004428,CUST-000443,transaction_burst,0,bursts (4 tx/15 min),LOW,own_history_12m,12 months,2026-10-01 00:00:00+00:00
BHV-004429,CUST-000443,account_age,357,days,LOW,own_history_12m,12 months,2026-10-01 00:00:00+00:00
BHV-004430,CUST-000443,recent_activity,312,days since last tx,HIGH,own_history_12m,12 months,2026-10-01 00:00:00+00:00
BHV-004431,CUST-000444,transaction_frequency,0.1318,tx/day,MEDIUM,own_history_12m,12 months,2026-10-01 00:00:00+00:00
BHV-004432,CUST-000444,transaction_velocity,1,max tx in 60 min,LOW,own_history_12m,12 months,2026-10-01 00:00:00+00:00
BHV-004433,CUST-000444,amount_deviation,0.236,|last30/prior90 - 1|,LOW,own_history_12m,12 months,2026-10-01 00:00:00+00:00
BHV-004434,CUST-000444,unusual_timing,0.176,share 00-05 UTC,MEDIUM,own_history_12m,12 months,2026-10-01 00:00:00+00:00
BHV-004435,CUST-000444,unusual_location,0.0,share foreign-country tx,LOW,own_history_12m,12 months,2026-10-01 00:00:00+00:00
BHV-004436,CUST-000444,failed_transaction_rate,0.059,failed/all,LOW,own_history_12m,12 months,2026-10-01 00:00:00+00:00
BHV-004437,CUST-000444,spending_pattern_change,0.764,last30 avg / prior90 avg,LOW,own_history_12m,12 months,2026-10-01 00:00:00+00:00
BHV-004438,CUST-000444,transaction_burst,0,bursts (4 tx/15 min),LOW,own_history_12m,12 months,2026-10-01 00:00:00+00:00
BHV-004439,CUST-000444,account_age,129,days,MEDIUM,own_history_12m,12 months,2026-10-01 00:00:00+00:00
BHV-004440,CUST-000444,recent_activity,119,days since last tx,HIGH,own_history_12m,12 months,2026-10-01 00:00:00+00:00
BHV-004441,CUST-000445,transaction_frequency,0.1579,tx/day,HIGH,own_history_12m,12 months,2026-10-01 00:00:00+00:00
BHV-004442,CUST-000445,transaction_velocity,1,max tx in 60 min,LOW,own_history_12m,12 months,2026-10-01 00:00:00+00:00
BHV-004443,CUST-000445,amount_deviation,0.152,|last30/prior90 - 1|,LOW,own_history_12m,12 months,2026-10-01 00:00:00+00:00
BHV-004444,CUST-000445,unusual_timing,0.25,share 00-05 UTC,HIGH,own_history_12m,12 months,2026-10-01 00:00:00+00:00
BHV-004445,CUST-000445,unusual_location,0.0,share foreign-country tx,LOW,own_history_12m,12 months,2026-10-01 00:00:00+00:00
BHV-004446,CUST-000445,failed_transaction_rate,0.0,failed/all,LOW,own_history_12m,12 months,2026-10-01 00:00:00+00:00
BHV-004447,CUST-000445,spending_pattern_change,0.848,last30 avg / prior90 avg,LOW,own_history_12m,12 months,2026-10-01 00:00:00+00:00
BHV-004448,CUST-000445,transaction_burst,0,bursts (4 tx/15 min),LOW,own_history_12m,12 months,2026-10-01 00:00:00+00:00
BHV-004449,CUST-000445,account_age,76,days,MEDIUM,own_history_12m,12 months,2026-10-01 00:00:00+00:00
BHV-004450,CUST-000445,recent_activity,69,days since last tx,MEDIUM,own_history_12m,12 months,2026-10-01 00:00:00+00:00
BHV-004451,CUST-000446,transaction_frequency,0.4844,tx/day,HIGH,own_history_12m,12 months,2026-10-01 00:00:00+00:00
BHV-004452,CUST-000446,transaction_velocity,2,max tx in 60 min,MEDIUM,own_history_12m,12 months,2026-10-01 00:00:00+00:00
BHV-004453,CUST-000446,amount_deviation,0.886,|last30/prior90 - 1|,HIGH,own_history_12m,12 months,2026-10-01 00:00:00+00:00
BHV-004454,CUST-000446,unusual_timing,0.968,share 00-05 UTC,HIGH,own_history_12m,12 months,2026-10-01 00:00:00+00:00
BHV-004455,CUST-000446,unusual_location,0.0,share foreign-country tx,LOW,own_history_12m,12 months,2026-10-01 00:00:00+00:00
BHV-004456,CUST-000446,failed_transaction_rate,0.226,failed/all,MEDIUM,own_history_12m,12 months,2026-10-01 00:00:00+00:00
BHV-004457,CUST-000446,spending_pattern_change,1.886,last30 avg / prior90 avg,MEDIUM,own_history_12m,12 months,2026-10-01 00:00:00+00:00
BHV-004458,CUST-000446,transaction_burst,0,bursts (4 tx/15 min),LOW,own_history_12m,12 months,2026-10-01 00:00:00+00:00
BHV-004459,CUST-000446,account_age,64,days,MEDIUM,own_history_12m,12 months,2026-10-01 00:00:00+00:00
BHV-004460,CUST-000446,recent_activity,62,days since last tx,MEDIUM,own_history_12m,12 months,2026-10-01 00:00:00+00:00
BHV-004461,CUST-000447,transaction_frequency,0.2895,tx/day,HIGH,own_history_12m,12 months,2026-10-01 00:00:00+00:00
BHV-004462,CUST-000447,transaction_velocity,1,max tx in 60 min,LOW,own_history_12m,12 months,2026-10-01 00:00:00+00:00
BHV-004463,CUST-000447,amount_deviation,0.333,|last30/prior90 - 1|,MEDIUM,own_history_12m,12 months,2026-10-01 00:00:00+00:00
BHV-004464,CUST-000447,unusual_timing,0.318,share 00-05 UTC,HIGH,own_history_12m,12 months,2026-10-01 00:00:00+00:00
BHV-004465,CUST-000447,unusual_location,0.0,share foreign-country tx,LOW,own_history_12m,12 months,2026-10-01 00:00:00+00:00
BHV-004466,CUST-000447,failed_transaction_rate,0.045,failed/all,LOW,own_history_12m,12 months,2026-10-01 00:00:00+00:00
BHV-004467,CUST-000447,spending_pattern_change,1.333,last30 avg / prior90 avg,LOW,own_history_12m,12 months,2026-10-01 00:00:00+00:00
BHV-004468,CUST-000447,transaction_burst,0,bursts (4 tx/15 min),LOW,own_history_12m,12 months,2026-10-01 00:00:00+00:00
BHV-004469,CUST-000447,account_age,76,days,MEDIUM,own_history_12m,12 months,2026-10-01 00:00:00+00:00
BHV-004470,CUST-000447,recent_activity,74,days since last tx,MEDIUM,own_history_12m,12 months,2026-10-01 00:00:00+00:00
BHV-004471,CUST-000448,transaction_frequency,0.0292,tx/day,MEDIUM,own_history_12m,12 months,2026-10-01 00:00:00+00:00
BHV-004472,CUST-000448,transaction_velocity,1,max tx in 60 min,LOW,own_history_12m,12 months,2026-10-01 00:00:00+00:00
BHV-004473,CUST-000448,amount_deviation,0.733,|last30/prior90 - 1|,MEDIUM,own_history_12m,12 months,2026-10-01 00:00:00+00:00
BHV-004474,CUST-000448,unusual_timing,0.25,share 00-05 UTC,HIGH,own_history_12m,12 months,2026-10-01 00:00:00+00:00
BHV-004475,CUST-000448,unusual_location,0.0,share foreign-country tx,LOW,own_history_12m,12 months,2026-10-01 00:00:00+00:00
BHV-004476,CUST-000448,failed_transaction_rate,0.0,failed/all,LOW,own_history_12m,12 months,2026-10-01 00:00:00+00:00
BHV-004477,CUST-000448,spending_pattern_change,0.267,last30 avg / prior90 avg,MEDIUM,own_history_12m,12 months,2026-10-01 00:00:00+00:00
BHV-004478,CUST-000448,transaction_burst,0,bursts (4 tx/15 min),LOW,own_history_12m,12 months,2026-10-01 00:00:00+00:00
BHV-004479,CUST-000448,account_age,274,days,LOW,own_history_12m,12 months,2026-10-01 00:00:00+00:00
BHV-004480,CUST-000448,recent_activity,231,days since last tx,HIGH,own_history_12m,12 months,2026-10-01 00:00:00+00:00
BHV-004481,CUST-000449,transaction_frequency,0.0688,tx/day,MEDIUM,own_history_12m,12 months,2026-10-01 00:00:00+00:00
BHV-004482,CUST-000449,transaction_velocity,1,max tx in 60 min,LOW,own_history_12m,12 months,2026-10-01 00:00:00+00:00
BHV-004483,CUST-000449,amount_deviation,0.161,|last30/prior90 - 1|,LOW,own_history_12m,12 months,2026-10-01 00:00:00+00:00
BHV-004484,CUST-000449,unusual_timing,0.318,share 00-05 UTC,HIGH,own_history_12m,12 months,2026-10-01 00:00:00+00:00
BHV-004485,CUST-000449,unusual_location,0.0,share foreign-country tx,LOW,own_history_12m,12 months,2026-10-01 00:00:00+00:00
BHV-004486,CUST-000449,failed_transaction_rate,0.136,failed/all,MEDIUM,own_history_12m,12 months,2026-10-01 00:00:00+00:00
BHV-004487,CUST-000449,spending_pattern_change,0.839,last30 avg / prior90 avg,LOW,own_history_12m,12 months,2026-10-01 00:00:00+00:00
BHV-004488,CUST-000449,transaction_burst,0,bursts (4 tx/15 min),LOW,own_history_12m,12 months,2026-10-01 00:00:00+00:00
BHV-004489,CUST-000449,account_age,320,days,LOW,own_history_12m,12 months,2026-10-01 00:00:00+00:00
BHV-004490,CUST-000449,recent_activity,316,days since last tx,HIGH,own_history_12m,12 months,2026-10-01 00:00:00+00:00
BHV-004491,CUST-000450,transaction_frequency,0.0386,tx/day,MEDIUM,own_history_12m,12 months,2026-10-01 00:00:00+00:00
BHV-004492,CUST-000450,transaction_velocity,1,max tx in 60 min,LOW,own_history_12m,12 months,2026-10-01 00:00:00+00:00
BHV-004493,CUST-000450,amount_deviation,3.211,|last30/prior90 - 1|,HIGH,own_history_12m,12 months,2026-10-01 00:00:00+00:00
BHV-004494,CUST-000450,unusual_timing,0.455,share 00-05 UTC,HIGH,own_history_12m,12 months,2026-10-01 00:00:00+00:00
BHV-004495,CUST-000450,unusual_location,0.0,share foreign-country tx,LOW,own_history_12m,12 months,2026-10-01 00:00:00+00:00
BHV-004496,CUST-000450,failed_transaction_rate,0.0,failed/all,LOW,own_history_12m,12 months,2026-10-01 00:00:00+00:00
BHV-004497,CUST-000450,spending_pattern_change,4.211,last30 avg / prior90 avg,HIGH,own_history_12m,12 months,2026-10-01 00:00:00+00:00
BHV-004498,CUST-000450,transaction_burst,0,bursts (4 tx/15 min),LOW,own_history_12m,12 months,2026-10-01 00:00:00+00:00
BHV-004499,CUST-000450,account_age,285,days,LOW,own_history_12m,12 months,2026-10-01 00:00:00+00:00
BHV-004500,CUST-000450,recent_activity,227,days since last tx,HIGH,own_history_12m,12 months,2026-10-01 00:00:00+00:00
BHV-004501,CUST-000451,transaction_frequency,0.3077,tx/day,HIGH,own_history_12m,12 months,2026-10-01 00:00:00+00:00
BHV-004502,CUST-000451,transaction_velocity,1,max tx in 60 min,LOW,own_history_12m,12 months,2026-10-01 00:00:00+00:00
BHV-004503,CUST-000451,amount_deviation,0.46,|last30/prior90 - 1|,MEDIUM,own_history_12m,12 months,2026-10-01 00:00:00+00:00
BHV-004504,CUST-000451,unusual_timing,0.2,share 00-05 UTC,MEDIUM,own_history_12m,12 months,2026-10-01 00:00:00+00:00
BHV-004505,CUST-000451,unusual_location,0.0,share foreign-country tx,LOW,own_history_12m,12 months,2026-10-01 00:00:00+00:00
BHV-004506,CUST-000451,failed_transaction_rate,0.7,failed/all,HIGH,own_history_12m,12 months,2026-10-01 00:00:00+00:00
BHV-004507,CUST-000451,spending_pattern_change,0.54,last30 avg / prior90 avg,MEDIUM,own_history_12m,12 months,2026-10-01 00:00:00+00:00
BHV-004508,CUST-000451,transaction_burst,0,bursts (4 tx/15 min),LOW,own_history_12m,12 months,2026-10-01 00:00:00+00:00
BHV-004509,CUST-000451,account_age,65,days,MEDIUM,own_history_12m,12 months,2026-10-01 00:00:00+00:00
BHV-004510,CUST-000451,recent_activity,56,days since last tx,MEDIUM,own_history_12m,12 months,2026-10-01 00:00:00+00:00
BHV-004511,CUST-000452,transaction_frequency,0.2072,tx/day,HIGH,own_history_12m,12 months,2026-10-01 00:00:00+00:00
BHV-004512,CUST-000452,transaction_velocity,1,max tx in 60 min,LOW,own_history_12m,12 months,2026-10-01 00:00:00+00:00
BHV-004513,CUST-000452,amount_deviation,0.421,|last30/prior90 - 1|,MEDIUM,own_history_12m,12 months,2026-10-01 00:00:00+00:00
BHV-004514,CUST-000452,unusual_timing,0.217,share 00-05 UTC,MEDIUM,own_history_12m,12 months,2026-10-01 00:00:00+00:00
BHV-004515,CUST-000452,unusual_location,0.0,share foreign-country tx,LOW,own_history_12m,12 months,2026-10-01 00:00:00+00:00
BHV-004516,CUST-000452,failed_transaction_rate,0.13,failed/all,MEDIUM,own_history_12m,12 months,2026-10-01 00:00:00+00:00
BHV-004517,CUST-000452,spending_pattern_change,0.579,last30 avg / prior90 avg,MEDIUM,own_history_12m,12 months,2026-10-01 00:00:00+00:00
BHV-004518,CUST-000452,transaction_burst,0,bursts (4 tx/15 min),LOW,own_history_12m,12 months,2026-10-01 00:00:00+00:00
BHV-004519,CUST-000452,account_age,111,days,MEDIUM,own_history_12m,12 months,2026-10-01 00:00:00+00:00
BHV-004520,CUST-000452,recent_activity,93,days since last tx,HIGH,own_history_12m,12 months,2026-10-01 00:00:00+00:00
BHV-004521,CUST-000453,transaction_frequency,0.5065,tx/day,HIGH,own_history_12m,12 months,2026-10-01 00:00:00+00:00
BHV-004522,CUST-000453,transaction_velocity,3,max tx in 60 min,MEDIUM,own_history_12m,12 months,2026-10-01 00:00:00+00:00
BHV-004523,CUST-000453,amount_deviation,0.459,|last30/prior90 - 1|,MEDIUM,own_history_12m,12 months,2026-10-01 00:00:00+00:00
BHV-004524,CUST-000453,unusual_timing,0.872,share 00-05 UTC,HIGH,own_history_12m,12 months,2026-10-01 00:00:00+00:00
BHV-004525,CUST-000453,unusual_location,0.0,share foreign-country tx,LOW,own_history_12m,12 months,2026-10-01 00:00:00+00:00
BHV-004526,CUST-000453,failed_transaction_rate,0.077,failed/all,LOW,own_history_12m,12 months,2026-10-01 00:00:00+00:00
BHV-004527,CUST-000453,spending_pattern_change,1.459,last30 avg / prior90 avg,MEDIUM,own_history_12m,12 months,2026-10-01 00:00:00+00:00
BHV-004528,CUST-000453,transaction_burst,0,bursts (4 tx/15 min),LOW,own_history_12m,12 months,2026-10-01 00:00:00+00:00
BHV-004529,CUST-000453,account_age,77,days,MEDIUM,own_history_12m,12 months,2026-10-01 00:00:00+00:00
BHV-004530,CUST-000453,recent_activity,75,days since last tx,MEDIUM,own_history_12m,12 months,2026-10-01 00:00:00+00:00
BHV-004531,CUST-000454,transaction_frequency,0.1304,tx/day,MEDIUM,own_history_12m,12 months,2026-10-01 00:00:00+00:00
BHV-004532,CUST-000454,transaction_velocity,1,max tx in 60 min,LOW,own_history_12m,12 months,2026-10-01 00:00:00+00:00
BHV-004533,CUST-000454,amount_deviation,0.468,|last30/prior90 - 1|,MEDIUM,own_history_12m,12 months,2026-10-01 00:00:00+00:00
BHV-004534,CUST-000454,unusual_timing,0.25,share 00-05 UTC,HIGH,own_history_12m,12 months,2026-10-01 00:00:00+00:00
BHV-004535,CUST-000454,unusual_location,0.0,share foreign-country tx,LOW,own_history_12m,12 months,2026-10-01 00:00:00+00:00
BHV-004536,CUST-000454,failed_transaction_rate,0.208,failed/all,MEDIUM,own_history_12m,12 months,2026-10-01 00:00:00+00:00
BHV-004537,CUST-000454,spending_pattern_change,0.532,last30 avg / prior90 avg,MEDIUM,own_history_12m,12 months,2026-10-01 00:00:00+00:00
BHV-004538,CUST-000454,transaction_burst,0,bursts (4 tx/15 min),LOW,own_history_12m,12 months,2026-10-01 00:00:00+00:00
BHV-004539,CUST-000454,account_age,184,days,LOW,own_history_12m,12 months,2026-10-01 00:00:00+00:00
BHV-004540,CUST-000454,recent_activity,177,days since last tx,HIGH,own_history_12m,12 months,2026-10-01 00:00:00+00:00
BHV-004541,CUST-000455,transaction_frequency,0.1196,tx/day,MEDIUM,own_history_12m,12 months,2026-10-01 00:00:00+00:00
BHV-004542,CUST-000455,transaction_velocity,1,max tx in 60 min,LOW,own_history_12m,12 months,2026-10-01 00:00:00+00:00
BHV-004543,CUST-000455,amount_deviation,0.306,|last30/prior90 - 1|,MEDIUM,own_history_12m,12 months,2026-10-01 00:00:00+00:00
BHV-004544,CUST-000455,unusual_timing,0.091,share 00-05 UTC,MEDIUM,own_history_12m,12 months,2026-10-01 00:00:00+00:00
BHV-004545,CUST-000455,unusual_location,0.0,share foreign-country tx,LOW,own_history_12m,12 months,2026-10-01 00:00:00+00:00
BHV-004546,CUST-000455,failed_transaction_rate,0.0,failed/all,LOW,own_history_12m,12 months,2026-10-01 00:00:00+00:00
BHV-004547,CUST-000455,spending_pattern_change,0.694,last30 avg / prior90 avg,LOW,own_history_12m,12 months,2026-10-01 00:00:00+00:00
BHV-004548,CUST-000455,transaction_burst,0,bursts (4 tx/15 min),LOW,own_history_12m,12 months,2026-10-01 00:00:00+00:00
BHV-004549,CUST-000455,account_age,92,days,MEDIUM,own_history_12m,12 months,2026-10-01 00:00:00+00:00
BHV-004550,CUST-000455,recent_activity,79,days since last tx,MEDIUM,own_history_12m,12 months,2026-10-01 00:00:00+00:00
BHV-004551,CUST-000456,transaction_frequency,0.033,tx/day,MEDIUM,own_history_12m,12 months,2026-10-01 00:00:00+00:00
BHV-004552,CUST-000456,transaction_velocity,1,max tx in 60 min,LOW,own_history_12m,12 months,2026-10-01 00:00:00+00:00
BHV-004553,CUST-000456,amount_deviation,9.019,|last30/prior90 - 1|,HIGH,own_history_12m,12 months,2026-10-01 00:00:00+00:00
BHV-004554,CUST-000456,unusual_timing,0.333,share 00-05 UTC,HIGH,own_history_12m,12 months,2026-10-01 00:00:00+00:00
BHV-004555,CUST-000456,unusual_location,0.0,share foreign-country tx,LOW,own_history_12m,12 months,2026-10-01 00:00:00+00:00
BHV-004556,CUST-000456,failed_transaction_rate,0.111,failed/all,MEDIUM,own_history_12m,12 months,2026-10-01 00:00:00+00:00
BHV-004557,CUST-000456,spending_pattern_change,10.019,last30 avg / prior90 avg,HIGH,own_history_12m,12 months,2026-10-01 00:00:00+00:00
BHV-004558,CUST-000456,transaction_burst,0,bursts (4 tx/15 min),LOW,own_history_12m,12 months,2026-10-01 00:00:00+00:00
BHV-004559,CUST-000456,account_age,273,days,LOW,own_history_12m,12 months,2026-10-01 00:00:00+00:00
BHV-004560,CUST-000456,recent_activity,270,days since last tx,HIGH,own_history_12m,12 months,2026-10-01 00:00:00+00:00
BHV-004561,CUST-000457,transaction_frequency,0.16,tx/day,HIGH,own_history_12m,12 months,2026-10-01 00:00:00+00:00
BHV-004562,CUST-000457,transaction_velocity,1,max tx in 60 min,LOW,own_history_12m,12 months,2026-10-01 00:00:00+00:00
BHV-004563,CUST-000457,amount_deviation,0.283,|last30/prior90 - 1|,LOW,own_history_12m,12 months,2026-10-01 00:00:00+00:00
BHV-004564,CUST-000457,unusual_timing,0.321,share 00-05 UTC,HIGH,own_history_12m,12 months,2026-10-01 00:00:00+00:00
BHV-004565,CUST-000457,unusual_location,0.0,share foreign-country tx,LOW,own_history_12m,12 months,2026-10-01 00:00:00+00:00
BHV-004566,CUST-000457,failed_transaction_rate,0.036,failed/all,LOW,own_history_12m,12 months,2026-10-01 00:00:00+00:00
BHV-004567,CUST-000457,spending_pattern_change,1.283,last30 avg / prior90 avg,LOW,own_history_12m,12 months,2026-10-01 00:00:00+00:00
BHV-004568,CUST-000457,transaction_burst,0,bursts (4 tx/15 min),LOW,own_history_12m,12 months,2026-10-01 00:00:00+00:00
BHV-004569,CUST-000457,account_age,175,days,MEDIUM,own_history_12m,12 months,2026-10-01 00:00:00+00:00
BHV-004570,CUST-000457,recent_activity,165,days since last tx,HIGH,own_history_12m,12 months,2026-10-01 00:00:00+00:00
BHV-004571,CUST-000458,transaction_frequency,0.129,tx/day,MEDIUM,own_history_12m,12 months,2026-10-01 00:00:00+00:00
BHV-004572,CUST-000458,transaction_velocity,2,max tx in 60 min,MEDIUM,own_history_12m,12 months,2026-10-01 00:00:00+00:00
BHV-004573,CUST-000458,amount_deviation,0.472,|last30/prior90 - 1|,MEDIUM,own_history_12m,12 months,2026-10-01 00:00:00+00:00
BHV-004574,CUST-000458,unusual_timing,0.889,share 00-05 UTC,HIGH,own_history_12m,12 months,2026-10-01 00:00:00+00:00
BHV-004575,CUST-000458,unusual_location,0.0,share foreign-country tx,LOW,own_history_12m,12 months,2026-10-01 00:00:00+00:00
BHV-004576,CUST-000458,failed_transaction_rate,0.111,failed/all,MEDIUM,own_history_12m,12 months,2026-10-01 00:00:00+00:00
BHV-004577,CUST-000458,spending_pattern_change,0.528,last30 avg / prior90 avg,MEDIUM,own_history_12m,12 months,2026-10-01 00:00:00+00:00
BHV-004578,CUST-000458,transaction_burst,0,bursts (4 tx/15 min),LOW,own_history_12m,12 months,2026-10-01 00:00:00+00:00
BHV-004579,CUST-000458,account_age,279,days,LOW,own_history_12m,12 months,2026-10-01 00:00:00+00:00
BHV-004580,CUST-000458,recent_activity,274,days since last tx,HIGH,own_history_12m,12 months,2026-10-01 00:00:00+00:00
BHV-004581,CUST-000459,transaction_frequency,0.0582,tx/day,MEDIUM,own_history_12m,12 months,2026-10-01 00:00:00+00:00
BHV-004582,CUST-000459,transaction_velocity,1,max tx in 60 min,LOW,own_history_12m,12 months,2026-10-01 00:00:00+00:00
BHV-004583,CUST-000459,amount_deviation,0,|last30/prior90 - 1|,LOW,own_history_12m,12 months,2026-10-01 00:00:00+00:00
BHV-004584,CUST-000459,unusual_timing,0.048,share 00-05 UTC,LOW,own_history_12m,12 months,2026-10-01 00:00:00+00:00
BHV-004585,CUST-000459,unusual_location,0.0,share foreign-country tx,LOW,own_history_12m,12 months,2026-10-01 00:00:00+00:00
BHV-004586,CUST-000459,failed_transaction_rate,0.095,failed/all,LOW,own_history_12m,12 months,2026-10-01 00:00:00+00:00
BHV-004587,CUST-000459,spending_pattern_change,,last30 avg / prior90 avg,LOW,own_history_12m,12 months,2026-10-01 00:00:00+00:00
BHV-004588,CUST-000459,transaction_burst,0,bursts (4 tx/15 min),LOW,own_history_12m,12 months,2026-10-01 00:00:00+00:00
BHV-004589,CUST-000459,account_age,361,days,LOW,own_history_12m,12 months,2026-10-01 00:00:00+00:00
BHV-004590,CUST-000459,recent_activity,351,days since last tx,HIGH,own_history_12m,12 months,2026-10-01 00:00:00+00:00
BHV-004591,CUST-000460,transaction_frequency,0.1192,tx/day,MEDIUM,own_history_12m,12 months,2026-10-01 00:00:00+00:00
BHV-004592,CUST-000460,transaction_velocity,2,max tx in 60 min,MEDIUM,own_history_12m,12 months,2026-10-01 00:00:00+00:00
BHV-004593,CUST-000460,amount_deviation,0.475,|last30/prior90 - 1|,MEDIUM,own_history_12m,12 months,2026-10-01 00:00:00+00:00
BHV-004594,CUST-000460,unusual_timing,0.783,share 00-05 UTC,HIGH,own_history_12m,12 months,2026-10-01 00:00:00+00:00
BHV-004595,CUST-000460,unusual_location,0.0,share foreign-country tx,LOW,own_history_12m,12 months,2026-10-01 00:00:00+00:00
BHV-004596,CUST-000460,failed_transaction_rate,0.13,failed/all,MEDIUM,own_history_12m,12 months,2026-10-01 00:00:00+00:00
BHV-004597,CUST-000460,spending_pattern_change,0.525,last30 avg / prior90 avg,MEDIUM,own_history_12m,12 months,2026-10-01 00:00:00+00:00
BHV-004598,CUST-000460,transaction_burst,0,bursts (4 tx/15 min),LOW,own_history_12m,12 months,2026-10-01 00:00:00+00:00
BHV-004599,CUST-000460,account_age,193,days,LOW,own_history_12m,12 months,2026-10-01 00:00:00+00:00
BHV-004600,CUST-000460,recent_activity,183,days since last tx,HIGH,own_history_12m,12 months,2026-10-01 00:00:00+00:00
BHV-004601,CUST-000461,transaction_frequency,0.1076,tx/day,MEDIUM,own_history_12m,12 months,2026-10-01 00:00:00+00:00
BHV-004602,CUST-000461,transaction_velocity,1,max tx in 60 min,LOW,own_history_12m,12 months,2026-10-01 00:00:00+00:00
BHV-004603,CUST-000461,amount_deviation,0.557,|last30/prior90 - 1|,MEDIUM,own_history_12m,12 months,2026-10-01 00:00:00+00:00
BHV-004604,CUST-000461,unusual_timing,0.176,share 00-05 UTC,MEDIUM,own_history_12m,12 months,2026-10-01 00:00:00+00:00
BHV-004605,CUST-000461,unusual_location,0.0,share foreign-country tx,LOW,own_history_12m,12 months,2026-10-01 00:00:00+00:00
BHV-004606,CUST-000461,failed_transaction_rate,0.059,failed/all,LOW,own_history_12m,12 months,2026-10-01 00:00:00+00:00
BHV-004607,CUST-000461,spending_pattern_change,0.443,last30 avg / prior90 avg,MEDIUM,own_history_12m,12 months,2026-10-01 00:00:00+00:00
BHV-004608,CUST-000461,transaction_burst,0,bursts (4 tx/15 min),LOW,own_history_12m,12 months,2026-10-01 00:00:00+00:00
BHV-004609,CUST-000461,account_age,158,days,MEDIUM,own_history_12m,12 months,2026-10-01 00:00:00+00:00
BHV-004610,CUST-000461,recent_activity,155,days since last tx,HIGH,own_history_12m,12 months,2026-10-01 00:00:00+00:00
BHV-004611,CUST-000462,transaction_frequency,0.0567,tx/day,MEDIUM,own_history_12m,12 months,2026-10-01 00:00:00+00:00
BHV-004612,CUST-000462,transaction_velocity,1,max tx in 60 min,LOW,own_history_12m,12 months,2026-10-01 00:00:00+00:00
BHV-004613,CUST-000462,amount_deviation,0.766,|last30/prior90 - 1|,MEDIUM,own_history_12m,12 months,2026-10-01 00:00:00+00:00
BHV-004614,CUST-000462,unusual_timing,0.105,share 00-05 UTC,MEDIUM,own_history_12m,12 months,2026-10-01 00:00:00+00:00
BHV-004615,CUST-000462,unusual_location,0.0,share foreign-country tx,LOW,own_history_12m,12 months,2026-10-01 00:00:00+00:00
BHV-004616,CUST-000462,failed_transaction_rate,0.053,failed/all,LOW,own_history_12m,12 months,2026-10-01 00:00:00+00:00
BHV-004617,CUST-000462,spending_pattern_change,0.234,last30 avg / prior90 avg,MEDIUM,own_history_12m,12 months,2026-10-01 00:00:00+00:00
BHV-004618,CUST-000462,transaction_burst,0,bursts (4 tx/15 min),LOW,own_history_12m,12 months,2026-10-01 00:00:00+00:00
BHV-004619,CUST-000462,account_age,335,days,LOW,own_history_12m,12 months,2026-10-01 00:00:00+00:00
BHV-004620,CUST-000462,recent_activity,331,days since last tx,HIGH,own_history_12m,12 months,2026-10-01 00:00:00+00:00
BHV-004621,CUST-000463,transaction_frequency,0.2436,tx/day,HIGH,own_history_12m,12 months,2026-10-01 00:00:00+00:00
BHV-004622,CUST-000463,transaction_velocity,1,max tx in 60 min,LOW,own_history_12m,12 months,2026-10-01 00:00:00+00:00
BHV-004623,CUST-000463,amount_deviation,0.402,|last30/prior90 - 1|,MEDIUM,own_history_12m,12 months,2026-10-01 00:00:00+00:00
BHV-004624,CUST-000463,unusual_timing,0.105,share 00-05 UTC,MEDIUM,own_history_12m,12 months,2026-10-01 00:00:00+00:00
BHV-004625,CUST-000463,unusual_location,0.0,share foreign-country tx,LOW,own_history_12m,12 months,2026-10-01 00:00:00+00:00
BHV-004626,CUST-000463,failed_transaction_rate,0.105,failed/all,MEDIUM,own_history_12m,12 months,2026-10-01 00:00:00+00:00
BHV-004627,CUST-000463,spending_pattern_change,0.598,last30 avg / prior90 avg,MEDIUM,own_history_12m,12 months,2026-10-01 00:00:00+00:00
BHV-004628,CUST-000463,transaction_burst,0,bursts (4 tx/15 min),LOW,own_history_12m,12 months,2026-10-01 00:00:00+00:00
BHV-004629,CUST-000463,account_age,78,days,MEDIUM,own_history_12m,12 months,2026-10-01 00:00:00+00:00
BHV-004630,CUST-000463,recent_activity,91,days since last tx,HIGH,own_history_12m,12 months,2026-10-01 00:00:00+00:00
BHV-004631,CUST-000464,transaction_frequency,0.1519,tx/day,HIGH,own_history_12m,12 months,2026-10-01 00:00:00+00:00
BHV-004632,CUST-000464,transaction_velocity,2,max tx in 60 min,MEDIUM,own_history_12m,12 months,2026-10-01 00:00:00+00:00
BHV-004633,CUST-000464,amount_deviation,0.653,|last30/prior90 - 1|,MEDIUM,own_history_12m,12 months,2026-10-01 00:00:00+00:00
BHV-004634,CUST-000464,unusual_timing,0.333,share 00-05 UTC,HIGH,own_history_12m,12 months,2026-10-01 00:00:00+00:00
BHV-004635,CUST-000464,unusual_location,0.0,share foreign-country tx,LOW,own_history_12m,12 months,2026-10-01 00:00:00+00:00
BHV-004636,CUST-000464,failed_transaction_rate,0.0,failed/all,LOW,own_history_12m,12 months,2026-10-01 00:00:00+00:00
BHV-004637,CUST-000464,spending_pattern_change,0.347,last30 avg / prior90 avg,MEDIUM,own_history_12m,12 months,2026-10-01 00:00:00+00:00
BHV-004638,CUST-000464,transaction_burst,0,bursts (4 tx/15 min),LOW,own_history_12m,12 months,2026-10-01 00:00:00+00:00
BHV-004639,CUST-000464,account_age,79,days,MEDIUM,own_history_12m,12 months,2026-10-01 00:00:00+00:00
BHV-004640,CUST-000464,recent_activity,76,days since last tx,MEDIUM,own_history_12m,12 months,2026-10-01 00:00:00+00:00
BHV-004641,CUST-000465,transaction_frequency,0.3377,tx/day,HIGH,own_history_12m,12 months,2026-10-01 00:00:00+00:00
BHV-004642,CUST-000465,transaction_velocity,1,max tx in 60 min,LOW,own_history_12m,12 months,2026-10-01 00:00:00+00:00
BHV-004643,CUST-000465,amount_deviation,0.07,|last30/prior90 - 1|,LOW,own_history_12m,12 months,2026-10-01 00:00:00+00:00
BHV-004644,CUST-000465,unusual_timing,0.231,share 00-05 UTC,MEDIUM,own_history_12m,12 months,2026-10-01 00:00:00+00:00
BHV-004645,CUST-000465,unusual_location,0.0,share foreign-country tx,LOW,own_history_12m,12 months,2026-10-01 00:00:00+00:00
BHV-004646,CUST-000465,failed_transaction_rate,0.423,failed/all,HIGH,own_history_12m,12 months,2026-10-01 00:00:00+00:00
BHV-004647,CUST-000465,spending_pattern_change,1.07,last30 avg / prior90 avg,LOW,own_history_12m,12 months,2026-10-01 00:00:00+00:00
BHV-004648,CUST-000465,transaction_burst,0,bursts (4 tx/15 min),LOW,own_history_12m,12 months,2026-10-01 00:00:00+00:00
BHV-004649,CUST-000465,account_age,77,days,MEDIUM,own_history_12m,12 months,2026-10-01 00:00:00+00:00
BHV-004650,CUST-000465,recent_activity,72,days since last tx,MEDIUM,own_history_12m,12 months,2026-10-01 00:00:00+00:00
BHV-004651,CUST-000466,transaction_frequency,0.2536,tx/day,HIGH,own_history_12m,12 months,2026-10-01 00:00:00+00:00
BHV-004652,CUST-000466,transaction_velocity,2,max tx in 60 min,MEDIUM,own_history_12m,12 months,2026-10-01 00:00:00+00:00
BHV-004653,CUST-000466,amount_deviation,0.802,|last30/prior90 - 1|,HIGH,own_history_12m,12 months,2026-10-01 00:00:00+00:00
BHV-004654,CUST-000466,unusual_timing,0.283,share 00-05 UTC,HIGH,own_history_12m,12 months,2026-10-01 00:00:00+00:00
BHV-004655,CUST-000466,unusual_location,0.0,share foreign-country tx,LOW,own_history_12m,12 months,2026-10-01 00:00:00+00:00
BHV-004656,CUST-000466,failed_transaction_rate,0.057,failed/all,LOW,own_history_12m,12 months,2026-10-01 00:00:00+00:00
BHV-004657,CUST-000466,spending_pattern_change,0.198,last30 avg / prior90 avg,MEDIUM,own_history_12m,12 months,2026-10-01 00:00:00+00:00
BHV-004658,CUST-000466,transaction_burst,0,bursts (4 tx/15 min),LOW,own_history_12m,12 months,2026-10-01 00:00:00+00:00
BHV-004659,CUST-000466,account_age,209,days,LOW,own_history_12m,12 months,2026-10-01 00:00:00+00:00
BHV-004660,CUST-000466,recent_activity,209,days since last tx,HIGH,own_history_12m,12 months,2026-10-01 00:00:00+00:00
BHV-004661,CUST-000467,transaction_frequency,0.03,tx/day,MEDIUM,own_history_12m,12 months,2026-10-01 00:00:00+00:00
BHV-004662,CUST-000467,transaction_velocity,1,max tx in 60 min,LOW,own_history_12m,12 months,2026-10-01 00:00:00+00:00
BHV-004663,CUST-000467,amount_deviation,0.755,|last30/prior90 - 1|,MEDIUM,own_history_12m,12 months,2026-10-01 00:00:00+00:00
BHV-004664,CUST-000467,unusual_timing,0.25,share 00-05 UTC,HIGH,own_history_12m,12 months,2026-10-01 00:00:00+00:00
BHV-004665,CUST-000467,unusual_location,0.0,share foreign-country tx,LOW,own_history_12m,12 months,2026-10-01 00:00:00+00:00
BHV-004666,CUST-000467,failed_transaction_rate,0.125,failed/all,MEDIUM,own_history_12m,12 months,2026-10-01 00:00:00+00:00
BHV-004667,CUST-000467,spending_pattern_change,0.245,last30 avg / prior90 avg,MEDIUM,own_history_12m,12 months,2026-10-01 00:00:00+00:00
BHV-004668,CUST-000467,transaction_burst,0,bursts (4 tx/15 min),LOW,own_history_12m,12 months,2026-10-01 00:00:00+00:00
BHV-004669,CUST-000467,account_age,267,days,LOW,own_history_12m,12 months,2026-10-01 00:00:00+00:00
BHV-004670,CUST-000467,recent_activity,193,days since last tx,HIGH,own_history_12m,12 months,2026-10-01 00:00:00+00:00
BHV-004671,CUST-000468,transaction_frequency,0.0204,tx/day,MEDIUM,own_history_12m,12 months,2026-10-01 00:00:00+00:00
BHV-004672,CUST-000468,transaction_velocity,1,max tx in 60 min,LOW,own_history_12m,12 months,2026-10-01 00:00:00+00:00
BHV-004673,CUST-000468,amount_deviation,0,|last30/prior90 - 1|,LOW,own_history_12m,12 months,2026-10-01 00:00:00+00:00
BHV-004674,CUST-000468,unusual_timing,0.286,share 00-05 UTC,HIGH,own_history_12m,12 months,2026-10-01 00:00:00+00:00
BHV-004675,CUST-000468,unusual_location,0.0,share foreign-country tx,LOW,own_history_12m,12 months,2026-10-01 00:00:00+00:00
BHV-004676,CUST-000468,failed_transaction_rate,0.0,failed/all,LOW,own_history_12m,12 months,2026-10-01 00:00:00+00:00
BHV-004677,CUST-000468,spending_pattern_change,,last30 avg / prior90 avg,LOW,own_history_12m,12 months,2026-10-01 00:00:00+00:00
BHV-004678,CUST-000468,transaction_burst,0,bursts (4 tx/15 min),LOW,own_history_12m,12 months,2026-10-01 00:00:00+00:00
BHV-004679,CUST-000468,account_age,343,days,LOW,own_history_12m,12 months,2026-10-01 00:00:00+00:00
BHV-004680,CUST-000468,recent_activity,339,days since last tx,HIGH,own_history_12m,12 months,2026-10-01 00:00:00+00:00
BHV-004681,CUST-000469,transaction_frequency,0.191,tx/day,HIGH,own_history_12m,12 months,2026-10-01 00:00:00+00:00
BHV-004682,CUST-000469,transaction_velocity,1,max tx in 60 min,LOW,own_history_12m,12 months,2026-10-01 00:00:00+00:00
BHV-004683,CUST-000469,amount_deviation,0.184,|last30/prior90 - 1|,LOW,own_history_12m,12 months,2026-10-01 00:00:00+00:00
BHV-004684,CUST-000469,unusual_timing,0.353,share 00-05 UTC,HIGH,own_history_12m,12 months,2026-10-01 00:00:00+00:00
BHV-004685,CUST-000469,unusual_location,0.0,share foreign-country tx,LOW,own_history_12m,12 months,2026-10-01 00:00:00+00:00
BHV-004686,CUST-000469,failed_transaction_rate,0.0,failed/all,LOW,own_history_12m,12 months,2026-10-01 00:00:00+00:00
BHV-004687,CUST-000469,spending_pattern_change,0.816,last30 avg / prior90 avg,LOW,own_history_12m,12 months,2026-10-01 00:00:00+00:00
BHV-004688,CUST-000469,transaction_burst,0,bursts (4 tx/15 min),LOW,own_history_12m,12 months,2026-10-01 00:00:00+00:00
BHV-004689,CUST-000469,account_age,89,days,MEDIUM,own_history_12m,12 months,2026-10-01 00:00:00+00:00
BHV-004690,CUST-000469,recent_activity,85,days since last tx,MEDIUM,own_history_12m,12 months,2026-10-01 00:00:00+00:00
BHV-004691,CUST-000470,transaction_frequency,0.0623,tx/day,MEDIUM,own_history_12m,12 months,2026-10-01 00:00:00+00:00
BHV-004692,CUST-000470,transaction_velocity,1,max tx in 60 min,LOW,own_history_12m,12 months,2026-10-01 00:00:00+00:00
BHV-004693,CUST-000470,amount_deviation,2.715,|last30/prior90 - 1|,HIGH,own_history_12m,12 months,2026-10-01 00:00:00+00:00
BHV-004694,CUST-000470,unusual_timing,0.2,share 00-05 UTC,MEDIUM,own_history_12m,12 months,2026-10-01 00:00:00+00:00
BHV-004695,CUST-000470,unusual_location,0.0,share foreign-country tx,LOW,own_history_12m,12 months,2026-10-01 00:00:00+00:00
BHV-004696,CUST-000470,failed_transaction_rate,0.1,failed/all,MEDIUM,own_history_12m,12 months,2026-10-01 00:00:00+00:00
BHV-004697,CUST-000470,spending_pattern_change,3.715,last30 avg / prior90 avg,HIGH,own_history_12m,12 months,2026-10-01 00:00:00+00:00
BHV-004698,CUST-000470,transaction_burst,0,bursts (4 tx/15 min),LOW,own_history_12m,12 months,2026-10-01 00:00:00+00:00
BHV-004699,CUST-000470,account_age,321,days,LOW,own_history_12m,12 months,2026-10-01 00:00:00+00:00
BHV-004700,CUST-000470,recent_activity,315,days since last tx,HIGH,own_history_12m,12 months,2026-10-01 00:00:00+00:00
BHV-004701,CUST-000471,transaction_frequency,0.0453,tx/day,MEDIUM,own_history_12m,12 months,2026-10-01 00:00:00+00:00
BHV-004702,CUST-000471,transaction_velocity,1,max tx in 60 min,LOW,own_history_12m,12 months,2026-10-01 00:00:00+00:00
BHV-004703,CUST-000471,amount_deviation,0.748,|last30/prior90 - 1|,MEDIUM,own_history_12m,12 months,2026-10-01 00:00:00+00:00
BHV-004704,CUST-000471,unusual_timing,0.333,share 00-05 UTC,HIGH,own_history_12m,12 months,2026-10-01 00:00:00+00:00
BHV-004705,CUST-000471,unusual_location,0.0,share foreign-country tx,LOW,own_history_12m,12 months,2026-10-01 00:00:00+00:00
BHV-004706,CUST-000471,failed_transaction_rate,0.0,failed/all,LOW,own_history_12m,12 months,2026-10-01 00:00:00+00:00
BHV-004707,CUST-000471,spending_pattern_change,0.252,last30 avg / prior90 avg,MEDIUM,own_history_12m,12 months,2026-10-01 00:00:00+00:00
BHV-004708,CUST-000471,transaction_burst,0,bursts (4 tx/15 min),LOW,own_history_12m,12 months,2026-10-01 00:00:00+00:00
BHV-004709,CUST-000471,account_age,265,days,LOW,own_history_12m,12 months,2026-10-01 00:00:00+00:00
BHV-004710,CUST-000471,recent_activity,240,days since last tx,HIGH,own_history_12m,12 months,2026-10-01 00:00:00+00:00
BHV-004711,CUST-000472,transaction_frequency,0.0338,tx/day,MEDIUM,own_history_12m,12 months,2026-10-01 00:00:00+00:00
BHV-004712,CUST-000472,transaction_velocity,1,max tx in 60 min,LOW,own_history_12m,12 months,2026-10-01 00:00:00+00:00
BHV-004713,CUST-000472,amount_deviation,0.712,|last30/prior90 - 1|,MEDIUM,own_history_12m,12 months,2026-10-01 00:00:00+00:00
BHV-004714,CUST-000472,unusual_timing,0.0,share 00-05 UTC,LOW,own_history_12m,12 months,2026-10-01 00:00:00+00:00
BHV-004715,CUST-000472,unusual_location,0.0,share foreign-country tx,LOW,own_history_12m,12 months,2026-10-01 00:00:00+00:00
BHV-004716,CUST-000472,failed_transaction_rate,0.2,failed/all,MEDIUM,own_history_12m,12 months,2026-10-01 00:00:00+00:00
BHV-004717,CUST-000472,spending_pattern_change,0.288,last30 avg / prior90 avg,MEDIUM,own_history_12m,12 months,2026-10-01 00:00:00+00:00
BHV-004718,CUST-000472,transaction_burst,0,bursts (4 tx/15 min),LOW,own_history_12m,12 months,2026-10-01 00:00:00+00:00
BHV-004719,CUST-000472,account_age,296,days,LOW,own_history_12m,12 months,2026-10-01 00:00:00+00:00
BHV-004720,CUST-000472,recent_activity,254,days since last tx,HIGH,own_history_12m,12 months,2026-10-01 00:00:00+00:00
BHV-004721,CUST-000473,transaction_frequency,0.1205,tx/day,MEDIUM,own_history_12m,12 months,2026-10-01 00:00:00+00:00
BHV-004722,CUST-000473,transaction_velocity,1,max tx in 60 min,LOW,own_history_12m,12 months,2026-10-01 00:00:00+00:00
BHV-004723,CUST-000473,amount_deviation,0.427,|last30/prior90 - 1|,MEDIUM,own_history_12m,12 months,2026-10-01 00:00:00+00:00
BHV-004724,CUST-000473,unusual_timing,0.15,share 00-05 UTC,MEDIUM,own_history_12m,12 months,2026-10-01 00:00:00+00:00
BHV-004725,CUST-000473,unusual_location,0.0,share foreign-country tx,LOW,own_history_12m,12 months,2026-10-01 00:00:00+00:00
BHV-004726,CUST-000473,failed_transaction_rate,0.1,failed/all,MEDIUM,own_history_12m,12 months,2026-10-01 00:00:00+00:00
BHV-004727,CUST-000473,spending_pattern_change,1.427,last30 avg / prior90 avg,MEDIUM,own_history_12m,12 months,2026-10-01 00:00:00+00:00
BHV-004728,CUST-000473,transaction_burst,0,bursts (4 tx/15 min),LOW,own_history_12m,12 months,2026-10-01 00:00:00+00:00
BHV-004729,CUST-000473,account_age,166,days,MEDIUM,own_history_12m,12 months,2026-10-01 00:00:00+00:00
BHV-004730,CUST-000473,recent_activity,163,days since last tx,HIGH,own_history_12m,12 months,2026-10-01 00:00:00+00:00
BHV-004731,CUST-000474,transaction_frequency,0.1698,tx/day,HIGH,own_history_12m,12 months,2026-10-01 00:00:00+00:00
BHV-004732,CUST-000474,transaction_velocity,1,max tx in 60 min,LOW,own_history_12m,12 months,2026-10-01 00:00:00+00:00
BHV-004733,CUST-000474,amount_deviation,0.854,|last30/prior90 - 1|,HIGH,own_history_12m,12 months,2026-10-01 00:00:00+00:00
BHV-004734,CUST-000474,unusual_timing,0.222,share 00-05 UTC,MEDIUM,own_history_12m,12 months,2026-10-01 00:00:00+00:00
BHV-004735,CUST-000474,unusual_location,0.0,share foreign-country tx,LOW,own_history_12m,12 months,2026-10-01 00:00:00+00:00
BHV-004736,CUST-000474,failed_transaction_rate,0.148,failed/all,MEDIUM,own_history_12m,12 months,2026-10-01 00:00:00+00:00
BHV-004737,CUST-000474,spending_pattern_change,1.854,last30 avg / prior90 avg,MEDIUM,own_history_12m,12 months,2026-10-01 00:00:00+00:00
BHV-004738,CUST-000474,transaction_burst,0,bursts (4 tx/15 min),LOW,own_history_12m,12 months,2026-10-01 00:00:00+00:00
BHV-004739,CUST-000474,account_age,159,days,MEDIUM,own_history_12m,12 months,2026-10-01 00:00:00+00:00
BHV-004740,CUST-000474,recent_activity,155,days since last tx,HIGH,own_history_12m,12 months,2026-10-01 00:00:00+00:00
BHV-004741,CUST-000475,transaction_frequency,0.0603,tx/day,MEDIUM,own_history_12m,12 months,2026-10-01 00:00:00+00:00
BHV-004742,CUST-000475,transaction_velocity,1,max tx in 60 min,LOW,own_history_12m,12 months,2026-10-01 00:00:00+00:00
BHV-004743,CUST-000475,amount_deviation,9.446,|last30/prior90 - 1|,HIGH,own_history_12m,12 months,2026-10-01 00:00:00+00:00
BHV-004744,CUST-000475,unusual_timing,0.333,share 00-05 UTC,HIGH,own_history_12m,12 months,2026-10-01 00:00:00+00:00
BHV-004745,CUST-000475,unusual_location,0.0,share foreign-country tx,LOW,own_history_12m,12 months,2026-10-01 00:00:00+00:00
BHV-004746,CUST-000475,failed_transaction_rate,0.0,failed/all,LOW,own_history_12m,12 months,2026-10-01 00:00:00+00:00
BHV-004747,CUST-000475,spending_pattern_change,10.446,last30 avg / prior90 avg,HIGH,own_history_12m,12 months,2026-10-01 00:00:00+00:00
BHV-004748,CUST-000475,transaction_burst,0,bursts (4 tx/15 min),LOW,own_history_12m,12 months,2026-10-01 00:00:00+00:00
BHV-004749,CUST-000475,account_age,348,days,LOW,own_history_12m,12 months,2026-10-01 00:00:00+00:00
BHV-004750,CUST-000475,recent_activity,309,days since last tx,HIGH,own_history_12m,12 months,2026-10-01 00:00:00+00:00
BHV-004751,CUST-000476,transaction_frequency,0.5041,tx/day,HIGH,own_history_12m,12 months,2026-10-01 00:00:00+00:00
BHV-004752,CUST-000476,transaction_velocity,2,max tx in 60 min,MEDIUM,own_history_12m,12 months,2026-10-01 00:00:00+00:00
BHV-004753,CUST-000476,amount_deviation,0.195,|last30/prior90 - 1|,LOW,own_history_12m,12 months,2026-10-01 00:00:00+00:00
BHV-004754,CUST-000476,unusual_timing,0.197,share 00-05 UTC,MEDIUM,own_history_12m,12 months,2026-10-01 00:00:00+00:00
BHV-004755,CUST-000476,unusual_location,0.0,share foreign-country tx,LOW,own_history_12m,12 months,2026-10-01 00:00:00+00:00
BHV-004756,CUST-000476,failed_transaction_rate,0.082,failed/all,LOW,own_history_12m,12 months,2026-10-01 00:00:00+00:00
BHV-004757,CUST-000476,spending_pattern_change,0.805,last30 avg / prior90 avg,LOW,own_history_12m,12 months,2026-10-01 00:00:00+00:00
BHV-004758,CUST-000476,transaction_burst,0,bursts (4 tx/15 min),LOW,own_history_12m,12 months,2026-10-01 00:00:00+00:00
BHV-004759,CUST-000476,account_age,121,days,MEDIUM,own_history_12m,12 months,2026-10-01 00:00:00+00:00
BHV-004760,CUST-000476,recent_activity,121,days since last tx,HIGH,own_history_12m,12 months,2026-10-01 00:00:00+00:00
BHV-004761,CUST-000477,transaction_frequency,0.048,tx/day,MEDIUM,own_history_12m,12 months,2026-10-01 00:00:00+00:00
BHV-004762,CUST-000477,transaction_velocity,1,max tx in 60 min,LOW,own_history_12m,12 months,2026-10-01 00:00:00+00:00
BHV-004763,CUST-000477,amount_deviation,0.004,|last30/prior90 - 1|,LOW,own_history_12m,12 months,2026-10-01 00:00:00+00:00
BHV-004764,CUST-000477,unusual_timing,0.059,share 00-05 UTC,MEDIUM,own_history_12m,12 months,2026-10-01 00:00:00+00:00
BHV-004765,CUST-000477,unusual_location,0.0,share foreign-country tx,LOW,own_history_12m,12 months,2026-10-01 00:00:00+00:00
BHV-004766,CUST-000477,failed_transaction_rate,0.176,failed/all,MEDIUM,own_history_12m,12 months,2026-10-01 00:00:00+00:00
BHV-004767,CUST-000477,spending_pattern_change,0.996,last30 avg / prior90 avg,LOW,own_history_12m,12 months,2026-10-01 00:00:00+00:00
BHV-004768,CUST-000477,transaction_burst,0,bursts (4 tx/15 min),LOW,own_history_12m,12 months,2026-10-01 00:00:00+00:00
BHV-004769,CUST-000477,account_age,354,days,LOW,own_history_12m,12 months,2026-10-01 00:00:00+00:00
BHV-004770,CUST-000477,recent_activity,341,days since last tx,HIGH,own_history_12m,12 months,2026-10-01 00:00:00+00:00
BHV-004771,CUST-000478,transaction_frequency,0.042,tx/day,MEDIUM,own_history_12m,12 months,2026-10-01 00:00:00+00:00
BHV-004772,CUST-000478,transaction_velocity,1,max tx in 60 min,LOW,own_history_12m,12 months,2026-10-01 00:00:00+00:00
BHV-004773,CUST-000478,amount_deviation,0.88,|last30/prior90 - 1|,HIGH,own_history_12m,12 months,2026-10-01 00:00:00+00:00
BHV-004774,CUST-000478,unusual_timing,0.0,share 00-05 UTC,LOW,own_history_12m,12 months,2026-10-01 00:00:00+00:00
BHV-004775,CUST-000478,unusual_location,0.0,share foreign-country tx,LOW,own_history_12m,12 months,2026-10-01 00:00:00+00:00
BHV-004776,CUST-000478,failed_transaction_rate,0.0,failed/all,LOW,own_history_12m,12 months,2026-10-01 00:00:00+00:00
BHV-004777,CUST-000478,spending_pattern_change,0.12,last30 avg / prior90 avg,MEDIUM,own_history_12m,12 months,2026-10-01 00:00:00+00:00
BHV-004778,CUST-000478,transaction_burst,0,bursts (4 tx/15 min),LOW,own_history_12m,12 months,2026-10-01 00:00:00+00:00
BHV-004779,CUST-000478,account_age,143,days,MEDIUM,own_history_12m,12 months,2026-10-01 00:00:00+00:00
BHV-004780,CUST-000478,recent_activity,118,days since last tx,HIGH,own_history_12m,12 months,2026-10-01 00:00:00+00:00
BHV-004781,CUST-000479,transaction_frequency,0.0308,tx/day,MEDIUM,own_history_12m,12 months,2026-10-01 00:00:00+00:00
BHV-004782,CUST-000479,transaction_velocity,1,max tx in 60 min,LOW,own_history_12m,12 months,2026-10-01 00:00:00+00:00
BHV-004783,CUST-000479,amount_deviation,0.0,|last30/prior90 - 1|,LOW,own_history_12m,12 months,2026-10-01 00:00:00+00:00
BHV-004784,CUST-000479,unusual_timing,0.5,share 00-05 UTC,HIGH,own_history_12m,12 months,2026-10-01 00:00:00+00:00
BHV-004785,CUST-000479,unusual_location,0.0,share foreign-country tx,LOW,own_history_12m,12 months,2026-10-01 00:00:00+00:00
BHV-004786,CUST-000479,failed_transaction_rate,0.0,failed/all,LOW,own_history_12m,12 months,2026-10-01 00:00:00+00:00
BHV-004787,CUST-000479,spending_pattern_change,1.0,last30 avg / prior90 avg,LOW,own_history_12m,12 months,2026-10-01 00:00:00+00:00
BHV-004788,CUST-000479,transaction_burst,0,bursts (4 tx/15 min),LOW,own_history_12m,12 months,2026-10-01 00:00:00+00:00
BHV-004789,CUST-000479,account_age,65,days,MEDIUM,own_history_12m,12 months,2026-10-01 00:00:00+00:00
BHV-004790,CUST-000479,recent_activity,30,days since last tx,LOW,own_history_12m,12 months,2026-10-01 00:00:00+00:00
BHV-004791,CUST-000480,transaction_frequency,0.0469,tx/day,MEDIUM,own_history_12m,12 months,2026-10-01 00:00:00+00:00
BHV-004792,CUST-000480,transaction_velocity,1,max tx in 60 min,LOW,own_history_12m,12 months,2026-10-01 00:00:00+00:00
BHV-004793,CUST-000480,amount_deviation,0.867,|last30/prior90 - 1|,HIGH,own_history_12m,12 months,2026-10-01 00:00:00+00:00
BHV-004794,CUST-000480,unusual_timing,0.333,share 00-05 UTC,HIGH,own_history_12m,12 months,2026-10-01 00:00:00+00:00
BHV-004795,CUST-000480,unusual_location,0.0,share foreign-country tx,LOW,own_history_12m,12 months,2026-10-01 00:00:00+00:00
BHV-004796,CUST-000480,failed_transaction_rate,0.222,failed/all,MEDIUM,own_history_12m,12 months,2026-10-01 00:00:00+00:00
BHV-004797,CUST-000480,spending_pattern_change,0.133,last30 avg / prior90 avg,MEDIUM,own_history_12m,12 months,2026-10-01 00:00:00+00:00
BHV-004798,CUST-000480,transaction_burst,0,bursts (4 tx/15 min),LOW,own_history_12m,12 months,2026-10-01 00:00:00+00:00
BHV-004799,CUST-000480,account_age,192,days,LOW,own_history_12m,12 months,2026-10-01 00:00:00+00:00
BHV-004800,CUST-000480,recent_activity,187,days since last tx,HIGH,own_history_12m,12 months,2026-10-01 00:00:00+00:00
BHV-004801,CUST-000481,transaction_frequency,0.25,tx/day,HIGH,own_history_12m,12 months,2026-10-01 00:00:00+00:00
BHV-004802,CUST-000481,transaction_velocity,1,max tx in 60 min,LOW,own_history_12m,12 months,2026-10-01 00:00:00+00:00
BHV-004803,CUST-000481,amount_deviation,0.592,|last30/prior90 - 1|,MEDIUM,own_history_12m,12 months,2026-10-01 00:00:00+00:00
BHV-004804,CUST-000481,unusual_timing,0.077,share 00-05 UTC,MEDIUM,own_history_12m,12 months,2026-10-01 00:00:00+00:00
BHV-004805,CUST-000481,unusual_location,0.0,share foreign-country tx,LOW,own_history_12m,12 months,2026-10-01 00:00:00+00:00
BHV-004806,CUST-000481,failed_transaction_rate,0.077,failed/all,LOW,own_history_12m,12 months,2026-10-01 00:00:00+00:00
BHV-004807,CUST-000481,spending_pattern_change,0.408,last30 avg / prior90 avg,MEDIUM,own_history_12m,12 months,2026-10-01 00:00:00+00:00
BHV-004808,CUST-000481,transaction_burst,0,bursts (4 tx/15 min),LOW,own_history_12m,12 months,2026-10-01 00:00:00+00:00
BHV-004809,CUST-000481,account_age,104,days,MEDIUM,own_history_12m,12 months,2026-10-01 00:00:00+00:00
BHV-004810,CUST-000481,recent_activity,100,days since last tx,HIGH,own_history_12m,12 months,2026-10-01 00:00:00+00:00
BHV-004811,CUST-000482,transaction_frequency,0.0993,tx/day,MEDIUM,own_history_12m,12 months,2026-10-01 00:00:00+00:00
BHV-004812,CUST-000482,transaction_velocity,1,max tx in 60 min,LOW,own_history_12m,12 months,2026-10-01 00:00:00+00:00
BHV-004813,CUST-000482,amount_deviation,0.112,|last30/prior90 - 1|,LOW,own_history_12m,12 months,2026-10-01 00:00:00+00:00
BHV-004814,CUST-000482,unusual_timing,0.214,share 00-05 UTC,MEDIUM,own_history_12m,12 months,2026-10-01 00:00:00+00:00
BHV-004815,CUST-000482,unusual_location,0.0,share foreign-country tx,LOW,own_history_12m,12 months,2026-10-01 00:00:00+00:00
BHV-004816,CUST-000482,failed_transaction_rate,0.143,failed/all,MEDIUM,own_history_12m,12 months,2026-10-01 00:00:00+00:00
BHV-004817,CUST-000482,spending_pattern_change,0.888,last30 avg / prior90 avg,LOW,own_history_12m,12 months,2026-10-01 00:00:00+00:00
BHV-004818,CUST-000482,transaction_burst,0,bursts (4 tx/15 min),LOW,own_history_12m,12 months,2026-10-01 00:00:00+00:00
BHV-004819,CUST-000482,account_age,141,days,MEDIUM,own_history_12m,12 months,2026-10-01 00:00:00+00:00
BHV-004820,CUST-000482,recent_activity,136,days since last tx,HIGH,own_history_12m,12 months,2026-10-01 00:00:00+00:00
BHV-004821,CUST-000483,transaction_frequency,0.0542,tx/day,MEDIUM,own_history_12m,12 months,2026-10-01 00:00:00+00:00
BHV-004822,CUST-000483,transaction_velocity,1,max tx in 60 min,LOW,own_history_12m,12 months,2026-10-01 00:00:00+00:00
BHV-004823,CUST-000483,amount_deviation,16.273,|last30/prior90 - 1|,HIGH,own_history_12m,12 months,2026-10-01 00:00:00+00:00
BHV-004824,CUST-000483,unusual_timing,0.2,share 00-05 UTC,MEDIUM,own_history_12m,12 months,2026-10-01 00:00:00+00:00
BHV-004825,CUST-000483,unusual_location,0.0,share foreign-country tx,LOW,own_history_12m,12 months,2026-10-01 00:00:00+00:00
BHV-004826,CUST-000483,failed_transaction_rate,0.133,failed/all,MEDIUM,own_history_12m,12 months,2026-10-01 00:00:00+00:00
BHV-004827,CUST-000483,spending_pattern_change,17.273,last30 avg / prior90 avg,HIGH,own_history_12m,12 months,2026-10-01 00:00:00+00:00
BHV-004828,CUST-000483,transaction_burst,0,bursts (4 tx/15 min),LOW,own_history_12m,12 months,2026-10-01 00:00:00+00:00
BHV-004829,CUST-000483,account_age,277,days,LOW,own_history_12m,12 months,2026-10-01 00:00:00+00:00
BHV-004830,CUST-000483,recent_activity,275,days since last tx,HIGH,own_history_12m,12 months,2026-10-01 00:00:00+00:00
BHV-004831,CUST-000484,transaction_frequency,0.1391,tx/day,MEDIUM,own_history_12m,12 months,2026-10-01 00:00:00+00:00
BHV-004832,CUST-000484,transaction_velocity,1,max tx in 60 min,LOW,own_history_12m,12 months,2026-10-01 00:00:00+00:00
BHV-004833,CUST-000484,amount_deviation,0.613,|last30/prior90 - 1|,MEDIUM,own_history_12m,12 months,2026-10-01 00:00:00+00:00
BHV-004834,CUST-000484,unusual_timing,0.286,share 00-05 UTC,HIGH,own_history_12m,12 months,2026-10-01 00:00:00+00:00
BHV-004835,CUST-000484,unusual_location,0.0,share foreign-country tx,LOW,own_history_12m,12 months,2026-10-01 00:00:00+00:00
BHV-004836,CUST-000484,failed_transaction_rate,0.048,failed/all,LOW,own_history_12m,12 months,2026-10-01 00:00:00+00:00
BHV-004837,CUST-000484,spending_pattern_change,0.387,last30 avg / prior90 avg,MEDIUM,own_history_12m,12 months,2026-10-01 00:00:00+00:00
BHV-004838,CUST-000484,transaction_burst,0,bursts (4 tx/15 min),LOW,own_history_12m,12 months,2026-10-01 00:00:00+00:00
BHV-004839,CUST-000484,account_age,151,days,MEDIUM,own_history_12m,12 months,2026-10-01 00:00:00+00:00
BHV-004840,CUST-000484,recent_activity,141,days since last tx,HIGH,own_history_12m,12 months,2026-10-01 00:00:00+00:00
BHV-004841,CUST-000485,transaction_frequency,0.0688,tx/day,MEDIUM,own_history_12m,12 months,2026-10-01 00:00:00+00:00
BHV-004842,CUST-000485,transaction_velocity,1,max tx in 60 min,LOW,own_history_12m,12 months,2026-10-01 00:00:00+00:00
BHV-004843,CUST-000485,amount_deviation,0.857,|last30/prior90 - 1|,HIGH,own_history_12m,12 months,2026-10-01 00:00:00+00:00
BHV-004844,CUST-000485,unusual_timing,0.294,share 00-05 UTC,HIGH,own_history_12m,12 months,2026-10-01 00:00:00+00:00
BHV-004845,CUST-000485,unusual_location,0.0,share foreign-country tx,LOW,own_history_12m,12 months,2026-10-01 00:00:00+00:00
BHV-004846,CUST-000485,failed_transaction_rate,0.059,failed/all,LOW,own_history_12m,12 months,2026-10-01 00:00:00+00:00
BHV-004847,CUST-000485,spending_pattern_change,0.143,last30 avg / prior90 avg,MEDIUM,own_history_12m,12 months,2026-10-01 00:00:00+00:00
BHV-004848,CUST-000485,transaction_burst,0,bursts (4 tx/15 min),LOW,own_history_12m,12 months,2026-10-01 00:00:00+00:00
BHV-004849,CUST-000485,account_age,247,days,LOW,own_history_12m,12 months,2026-10-01 00:00:00+00:00
BHV-004850,CUST-000485,recent_activity,246,days since last tx,HIGH,own_history_12m,12 months,2026-10-01 00:00:00+00:00
BHV-004851,CUST-000486,transaction_frequency,0.0293,tx/day,MEDIUM,own_history_12m,12 months,2026-10-01 00:00:00+00:00
BHV-004852,CUST-000486,transaction_velocity,1,max tx in 60 min,LOW,own_history_12m,12 months,2026-10-01 00:00:00+00:00
BHV-004853,CUST-000486,amount_deviation,0.0,|last30/prior90 - 1|,LOW,own_history_12m,12 months,2026-10-01 00:00:00+00:00
BHV-004854,CUST-000486,unusual_timing,0.333,share 00-05 UTC,HIGH,own_history_12m,12 months,2026-10-01 00:00:00+00:00
BHV-004855,CUST-000486,unusual_location,0.0,share foreign-country tx,LOW,own_history_12m,12 months,2026-10-01 00:00:00+00:00
BHV-004856,CUST-000486,failed_transaction_rate,0.0,failed/all,LOW,own_history_12m,12 months,2026-10-01 00:00:00+00:00
BHV-004857,CUST-000486,spending_pattern_change,1.0,last30 avg / prior90 avg,LOW,own_history_12m,12 months,2026-10-01 00:00:00+00:00
BHV-004858,CUST-000486,transaction_burst,0,bursts (4 tx/15 min),LOW,own_history_12m,12 months,2026-10-01 00:00:00+00:00
BHV-004859,CUST-000486,account_age,205,days,LOW,own_history_12m,12 months,2026-10-01 00:00:00+00:00
BHV-004860,CUST-000486,recent_activity,187,days since last tx,HIGH,own_history_12m,12 months,2026-10-01 00:00:00+00:00
BHV-004861,CUST-000487,transaction_frequency,0.0393,tx/day,MEDIUM,own_history_12m,12 months,2026-10-01 00:00:00+00:00
BHV-004862,CUST-000487,transaction_velocity,1,max tx in 60 min,LOW,own_history_12m,12 months,2026-10-01 00:00:00+00:00
BHV-004863,CUST-000487,amount_deviation,10.938,|last30/prior90 - 1|,HIGH,own_history_12m,12 months,2026-10-01 00:00:00+00:00
BHV-004864,CUST-000487,unusual_timing,0.357,share 00-05 UTC,HIGH,own_history_12m,12 months,2026-10-01 00:00:00+00:00
BHV-004865,CUST-000487,unusual_location,0.0,share foreign-country tx,LOW,own_history_12m,12 months,2026-10-01 00:00:00+00:00
BHV-004866,CUST-000487,failed_transaction_rate,0.071,failed/all,LOW,own_history_12m,12 months,2026-10-01 00:00:00+00:00
BHV-004867,CUST-000487,spending_pattern_change,11.938,last30 avg / prior90 avg,HIGH,own_history_12m,12 months,2026-10-01 00:00:00+00:00
BHV-004868,CUST-000487,transaction_burst,0,bursts (4 tx/15 min),LOW,own_history_12m,12 months,2026-10-01 00:00:00+00:00
BHV-004869,CUST-000487,account_age,356,days,LOW,own_history_12m,12 months,2026-10-01 00:00:00+00:00
BHV-004870,CUST-000487,recent_activity,309,days since last tx,HIGH,own_history_12m,12 months,2026-10-01 00:00:00+00:00
BHV-004871,CUST-000488,transaction_frequency,0.0533,tx/day,MEDIUM,own_history_12m,12 months,2026-10-01 00:00:00+00:00
BHV-004872,CUST-000488,transaction_velocity,1,max tx in 60 min,LOW,own_history_12m,12 months,2026-10-01 00:00:00+00:00
BHV-004873,CUST-000488,amount_deviation,0.0,|last30/prior90 - 1|,LOW,own_history_12m,12 months,2026-10-01 00:00:00+00:00
BHV-004874,CUST-000488,unusual_timing,0.125,share 00-05 UTC,MEDIUM,own_history_12m,12 months,2026-10-01 00:00:00+00:00
BHV-004875,CUST-000488,unusual_location,0.0,share foreign-country tx,LOW,own_history_12m,12 months,2026-10-01 00:00:00+00:00
BHV-004876,CUST-000488,failed_transaction_rate,0.0,failed/all,LOW,own_history_12m,12 months,2026-10-01 00:00:00+00:00
BHV-004877,CUST-000488,spending_pattern_change,1.0,last30 avg / prior90 avg,LOW,own_history_12m,12 months,2026-10-01 00:00:00+00:00
BHV-004878,CUST-000488,transaction_burst,0,bursts (4 tx/15 min),LOW,own_history_12m,12 months,2026-10-01 00:00:00+00:00
BHV-004879,CUST-000488,account_age,300,days,LOW,own_history_12m,12 months,2026-10-01 00:00:00+00:00
BHV-004880,CUST-000488,recent_activity,279,days since last tx,HIGH,own_history_12m,12 months,2026-10-01 00:00:00+00:00
BHV-004881,CUST-000489,transaction_frequency,0.0956,tx/day,MEDIUM,own_history_12m,12 months,2026-10-01 00:00:00+00:00
BHV-004882,CUST-000489,transaction_velocity,1,max tx in 60 min,LOW,own_history_12m,12 months,2026-10-01 00:00:00+00:00
BHV-004883,CUST-000489,amount_deviation,0.319,|last30/prior90 - 1|,MEDIUM,own_history_12m,12 months,2026-10-01 00:00:00+00:00
BHV-004884,CUST-000489,unusual_timing,0.077,share 00-05 UTC,MEDIUM,own_history_12m,12 months,2026-10-01 00:00:00+00:00
BHV-004885,CUST-000489,unusual_location,0.0,share foreign-country tx,LOW,own_history_12m,12 months,2026-10-01 00:00:00+00:00
BHV-004886,CUST-000489,failed_transaction_rate,0.0,failed/all,LOW,own_history_12m,12 months,2026-10-01 00:00:00+00:00
BHV-004887,CUST-000489,spending_pattern_change,1.319,last30 avg / prior90 avg,LOW,own_history_12m,12 months,2026-10-01 00:00:00+00:00
BHV-004888,CUST-000489,transaction_burst,0,bursts (4 tx/15 min),LOW,own_history_12m,12 months,2026-10-01 00:00:00+00:00
BHV-004889,CUST-000489,account_age,136,days,MEDIUM,own_history_12m,12 months,2026-10-01 00:00:00+00:00
BHV-004890,CUST-000489,recent_activity,128,days since last tx,HIGH,own_history_12m,12 months,2026-10-01 00:00:00+00:00
BHV-004891,CUST-000490,transaction_frequency,0.1731,tx/day,HIGH,own_history_12m,12 months,2026-10-01 00:00:00+00:00
BHV-004892,CUST-000490,transaction_velocity,1,max tx in 60 min,LOW,own_history_12m,12 months,2026-10-01 00:00:00+00:00
BHV-004893,CUST-000490,amount_deviation,0.235,|last30/prior90 - 1|,LOW,own_history_12m,12 months,2026-10-01 00:00:00+00:00
BHV-004894,CUST-000490,unusual_timing,0.222,share 00-05 UTC,MEDIUM,own_history_12m,12 months,2026-10-01 00:00:00+00:00
BHV-004895,CUST-000490,unusual_location,0.0,share foreign-country tx,LOW,own_history_12m,12 months,2026-10-01 00:00:00+00:00
BHV-004896,CUST-000490,failed_transaction_rate,0.185,failed/all,MEDIUM,own_history_12m,12 months,2026-10-01 00:00:00+00:00
BHV-004897,CUST-000490,spending_pattern_change,0.765,last30 avg / prior90 avg,LOW,own_history_12m,12 months,2026-10-01 00:00:00+00:00
BHV-004898,CUST-000490,transaction_burst,0,bursts (4 tx/15 min),LOW,own_history_12m,12 months,2026-10-01 00:00:00+00:00
BHV-004899,CUST-000490,account_age,156,days,MEDIUM,own_history_12m,12 months,2026-10-01 00:00:00+00:00
BHV-004900,CUST-000490,recent_activity,151,days since last tx,HIGH,own_history_12m,12 months,2026-10-01 00:00:00+00:00
BHV-004901,CUST-000491,transaction_frequency,0.1134,tx/day,MEDIUM,own_history_12m,12 months,2026-10-01 00:00:00+00:00
BHV-004902,CUST-000491,transaction_velocity,1,max tx in 60 min,LOW,own_history_12m,12 months,2026-10-01 00:00:00+00:00
BHV-004903,CUST-000491,amount_deviation,0.874,|last30/prior90 - 1|,HIGH,own_history_12m,12 months,2026-10-01 00:00:00+00:00
BHV-004904,CUST-000491,unusual_timing,0.182,share 00-05 UTC,MEDIUM,own_history_12m,12 months,2026-10-01 00:00:00+00:00
BHV-004905,CUST-000491,unusual_location,0.0,share foreign-country tx,LOW,own_history_12m,12 months,2026-10-01 00:00:00+00:00
BHV-004906,CUST-000491,failed_transaction_rate,0.136,failed/all,MEDIUM,own_history_12m,12 months,2026-10-01 00:00:00+00:00
BHV-004907,CUST-000491,spending_pattern_change,1.874,last30 avg / prior90 avg,MEDIUM,own_history_12m,12 months,2026-10-01 00:00:00+00:00
BHV-004908,CUST-000491,transaction_burst,0,bursts (4 tx/15 min),LOW,own_history_12m,12 months,2026-10-01 00:00:00+00:00
BHV-004909,CUST-000491,account_age,194,days,LOW,own_history_12m,12 months,2026-10-01 00:00:00+00:00
BHV-004910,CUST-000491,recent_activity,190,days since last tx,HIGH,own_history_12m,12 months,2026-10-01 00:00:00+00:00
BHV-004911,CUST-000492,transaction_frequency,0.0116,tx/day,LOW,own_history_12m,12 months,2026-10-01 00:00:00+00:00
BHV-004912,CUST-000492,transaction_velocity,1,max tx in 60 min,LOW,own_history_12m,12 months,2026-10-01 00:00:00+00:00
BHV-004913,CUST-000492,amount_deviation,0,|last30/prior90 - 1|,LOW,own_history_12m,12 months,2026-10-01 00:00:00+00:00
BHV-004914,CUST-000492,unusual_timing,0.5,share 00-05 UTC,HIGH,own_history_12m,12 months,2026-10-01 00:00:00+00:00
BHV-004915,CUST-000492,unusual_location,0.0,share foreign-country tx,LOW,own_history_12m,12 months,2026-10-01 00:00:00+00:00
BHV-004916,CUST-000492,failed_transaction_rate,0.25,failed/all,MEDIUM,own_history_12m,12 months,2026-10-01 00:00:00+00:00
BHV-004917,CUST-000492,spending_pattern_change,,last30 avg / prior90 avg,LOW,own_history_12m,12 months,2026-10-01 00:00:00+00:00
BHV-004918,CUST-000492,transaction_burst,0,bursts (4 tx/15 min),LOW,own_history_12m,12 months,2026-10-01 00:00:00+00:00
BHV-004919,CUST-000492,account_age,344,days,LOW,own_history_12m,12 months,2026-10-01 00:00:00+00:00
BHV-004920,CUST-000492,recent_activity,281,days since last tx,HIGH,own_history_12m,12 months,2026-10-01 00:00:00+00:00
BHV-004921,CUST-000493,transaction_frequency,0.1801,tx/day,HIGH,own_history_12m,12 months,2026-10-01 00:00:00+00:00
BHV-004922,CUST-000493,transaction_velocity,1,max tx in 60 min,LOW,own_history_12m,12 months,2026-10-01 00:00:00+00:00
BHV-004923,CUST-000493,amount_deviation,0.248,|last30/prior90 - 1|,LOW,own_history_12m,12 months,2026-10-01 00:00:00+00:00
BHV-004924,CUST-000493,unusual_timing,0.138,share 00-05 UTC,MEDIUM,own_history_12m,12 months,2026-10-01 00:00:00+00:00
BHV-004925,CUST-000493,unusual_location,0.0,share foreign-country tx,LOW,own_history_12m,12 months,2026-10-01 00:00:00+00:00
BHV-004926,CUST-000493,failed_transaction_rate,0.034,failed/all,LOW,own_history_12m,12 months,2026-10-01 00:00:00+00:00
BHV-004927,CUST-000493,spending_pattern_change,1.248,last30 avg / prior90 avg,LOW,own_history_12m,12 months,2026-10-01 00:00:00+00:00
BHV-004928,CUST-000493,transaction_burst,0,bursts (4 tx/15 min),LOW,own_history_12m,12 months,2026-10-01 00:00:00+00:00
BHV-004929,CUST-000493,account_age,161,days,MEDIUM,own_history_12m,12 months,2026-10-01 00:00:00+00:00
BHV-004930,CUST-000493,recent_activity,159,days since last tx,HIGH,own_history_12m,12 months,2026-10-01 00:00:00+00:00
BHV-004931,CUST-000494,transaction_frequency,0.2571,tx/day,HIGH,own_history_12m,12 months,2026-10-01 00:00:00+00:00
BHV-004932,CUST-000494,transaction_velocity,2,max tx in 60 min,MEDIUM,own_history_12m,12 months,2026-10-01 00:00:00+00:00
BHV-004933,CUST-000494,amount_deviation,1.442,|last30/prior90 - 1|,HIGH,own_history_12m,12 months,2026-10-01 00:00:00+00:00
BHV-004934,CUST-000494,unusual_timing,0.0,share 00-05 UTC,LOW,own_history_12m,12 months,2026-10-01 00:00:00+00:00
BHV-004935,CUST-000494,unusual_location,0.0,share foreign-country tx,LOW,own_history_12m,12 months,2026-10-01 00:00:00+00:00
BHV-004936,CUST-000494,failed_transaction_rate,0.167,failed/all,MEDIUM,own_history_12m,12 months,2026-10-01 00:00:00+00:00
BHV-004937,CUST-000494,spending_pattern_change,2.442,last30 avg / prior90 avg,HIGH,own_history_12m,12 months,2026-10-01 00:00:00+00:00
BHV-004938,CUST-000494,transaction_burst,0,bursts (4 tx/15 min),LOW,own_history_12m,12 months,2026-10-01 00:00:00+00:00
BHV-004939,CUST-000494,account_age,70,days,MEDIUM,own_history_12m,12 months,2026-10-01 00:00:00+00:00
BHV-004940,CUST-000494,recent_activity,65,days since last tx,MEDIUM,own_history_12m,12 months,2026-10-01 00:00:00+00:00
BHV-004941,CUST-000495,transaction_frequency,0.0086,tx/day,LOW,own_history_12m,12 months,2026-10-01 00:00:00+00:00
BHV-004942,CUST-000495,transaction_velocity,1,max tx in 60 min,LOW,own_history_12m,12 months,2026-10-01 00:00:00+00:00
BHV-004943,CUST-000495,amount_deviation,0,|last30/prior90 - 1|,LOW,own_history_12m,12 months,2026-10-01 00:00:00+00:00
BHV-004944,CUST-000495,unusual_timing,0.0,share 00-05 UTC,LOW,own_history_12m,12 months,2026-10-01 00:00:00+00:00
BHV-004945,CUST-000495,unusual_location,0.0,share foreign-country tx,LOW,own_history_12m,12 months,2026-10-01 00:00:00+00:00
BHV-004946,CUST-000495,failed_transaction_rate,0.0,failed/all,LOW,own_history_12m,12 months,2026-10-01 00:00:00+00:00
BHV-004947,CUST-000495,spending_pattern_change,,last30 avg / prior90 avg,LOW,own_history_12m,12 months,2026-10-01 00:00:00+00:00
BHV-004948,CUST-000495,transaction_burst,0,bursts (4 tx/15 min),LOW,own_history_12m,12 months,2026-10-01 00:00:00+00:00
BHV-004949,CUST-000495,account_age,347,days,LOW,own_history_12m,12 months,2026-10-01 00:00:00+00:00
BHV-004950,CUST-000495,recent_activity,193,days since last tx,HIGH,own_history_12m,12 months,2026-10-01 00:00:00+00:00
BHV-004951,CUST-000496,transaction_frequency,0.0585,tx/day,MEDIUM,own_history_12m,12 months,2026-10-01 00:00:00+00:00
BHV-004952,CUST-000496,transaction_velocity,1,max tx in 60 min,LOW,own_history_12m,12 months,2026-10-01 00:00:00+00:00
BHV-004953,CUST-000496,amount_deviation,1.902,|last30/prior90 - 1|,HIGH,own_history_12m,12 months,2026-10-01 00:00:00+00:00
BHV-004954,CUST-000496,unusual_timing,0.905,share 00-05 UTC,HIGH,own_history_12m,12 months,2026-10-01 00:00:00+00:00
BHV-004955,CUST-000496,unusual_location,0.0,share foreign-country tx,LOW,own_history_12m,12 months,2026-10-01 00:00:00+00:00
BHV-004956,CUST-000496,failed_transaction_rate,0.095,failed/all,LOW,own_history_12m,12 months,2026-10-01 00:00:00+00:00
BHV-004957,CUST-000496,spending_pattern_change,2.902,last30 avg / prior90 avg,HIGH,own_history_12m,12 months,2026-10-01 00:00:00+00:00
BHV-004958,CUST-000496,transaction_burst,0,bursts (4 tx/15 min),LOW,own_history_12m,12 months,2026-10-01 00:00:00+00:00
BHV-004959,CUST-000496,account_age,359,days,LOW,own_history_12m,12 months,2026-10-01 00:00:00+00:00
BHV-004960,CUST-000496,recent_activity,354,days since last tx,HIGH,own_history_12m,12 months,2026-10-01 00:00:00+00:00
BHV-004961,CUST-000497,transaction_frequency,0.0686,tx/day,MEDIUM,own_history_12m,12 months,2026-10-01 00:00:00+00:00
BHV-004962,CUST-000497,transaction_velocity,1,max tx in 60 min,LOW,own_history_12m,12 months,2026-10-01 00:00:00+00:00
BHV-004963,CUST-000497,amount_deviation,3.09,|last30/prior90 - 1|,HIGH,own_history_12m,12 months,2026-10-01 00:00:00+00:00
BHV-004964,CUST-000497,unusual_timing,0.071,share 00-05 UTC,MEDIUM,own_history_12m,12 months,2026-10-01 00:00:00+00:00
BHV-004965,CUST-000497,unusual_location,0.0,share foreign-country tx,LOW,own_history_12m,12 months,2026-10-01 00:00:00+00:00
BHV-004966,CUST-000497,failed_transaction_rate,0.071,failed/all,LOW,own_history_12m,12 months,2026-10-01 00:00:00+00:00
BHV-004967,CUST-000497,spending_pattern_change,4.09,last30 avg / prior90 avg,HIGH,own_history_12m,12 months,2026-10-01 00:00:00+00:00
BHV-004968,CUST-000497,transaction_burst,0,bursts (4 tx/15 min),LOW,own_history_12m,12 months,2026-10-01 00:00:00+00:00
BHV-004969,CUST-000497,account_age,204,days,LOW,own_history_12m,12 months,2026-10-01 00:00:00+00:00
BHV-004970,CUST-000497,recent_activity,186,days since last tx,HIGH,own_history_12m,12 months,2026-10-01 00:00:00+00:00
BHV-004971,CUST-000498,transaction_frequency,0.0667,tx/day,MEDIUM,own_history_12m,12 months,2026-10-01 00:00:00+00:00
BHV-004972,CUST-000498,transaction_velocity,1,max tx in 60 min,LOW,own_history_12m,12 months,2026-10-01 00:00:00+00:00
BHV-004973,CUST-000498,amount_deviation,0.189,|last30/prior90 - 1|,LOW,own_history_12m,12 months,2026-10-01 00:00:00+00:00
BHV-004974,CUST-000498,unusual_timing,0.438,share 00-05 UTC,HIGH,own_history_12m,12 months,2026-10-01 00:00:00+00:00
BHV-004975,CUST-000498,unusual_location,0.0,share foreign-country tx,LOW,own_history_12m,12 months,2026-10-01 00:00:00+00:00
BHV-004976,CUST-000498,failed_transaction_rate,0.0,failed/all,LOW,own_history_12m,12 months,2026-10-01 00:00:00+00:00
BHV-004977,CUST-000498,spending_pattern_change,1.189,last30 avg / prior90 avg,LOW,own_history_12m,12 months,2026-10-01 00:00:00+00:00
BHV-004978,CUST-000498,transaction_burst,0,bursts (4 tx/15 min),LOW,own_history_12m,12 months,2026-10-01 00:00:00+00:00
BHV-004979,CUST-000498,account_age,240,days,LOW,own_history_12m,12 months,2026-10-01 00:00:00+00:00
BHV-004980,CUST-000498,recent_activity,223,days since last tx,HIGH,own_history_12m,12 months,2026-10-01 00:00:00+00:00
BHV-004981,CUST-000499,transaction_frequency,0.1506,tx/day,HIGH,own_history_12m,12 months,2026-10-01 00:00:00+00:00
BHV-004982,CUST-000499,transaction_velocity,2,max tx in 60 min,MEDIUM,own_history_12m,12 months,2026-10-01 00:00:00+00:00
BHV-004983,CUST-000499,amount_deviation,2.036,|last30/prior90 - 1|,HIGH,own_history_12m,12 months,2026-10-01 00:00:00+00:00
BHV-004984,CUST-000499,unusual_timing,0.88,share 00-05 UTC,HIGH,own_history_12m,12 months,2026-10-01 00:00:00+00:00
BHV-004985,CUST-000499,unusual_location,0.0,share foreign-country tx,LOW,own_history_12m,12 months,2026-10-01 00:00:00+00:00
BHV-004986,CUST-000499,failed_transaction_rate,0.12,failed/all,MEDIUM,own_history_12m,12 months,2026-10-01 00:00:00+00:00
BHV-004987,CUST-000499,spending_pattern_change,3.036,last30 avg / prior90 avg,HIGH,own_history_12m,12 months,2026-10-01 00:00:00+00:00
BHV-004988,CUST-000499,transaction_burst,0,bursts (4 tx/15 min),LOW,own_history_12m,12 months,2026-10-01 00:00:00+00:00
BHV-004989,CUST-000499,account_age,166,days,MEDIUM,own_history_12m,12 months,2026-10-01 00:00:00+00:00
BHV-004990,CUST-000499,recent_activity,160,days since last tx,HIGH,own_history_12m,12 months,2026-10-01 00:00:00+00:00
BHV-004991,CUST-000500,transaction_frequency,0.0881,tx/day,MEDIUM,own_history_12m,12 months,2026-10-01 00:00:00+00:00
BHV-004992,CUST-000500,transaction_velocity,1,max tx in 60 min,LOW,own_history_12m,12 months,2026-10-01 00:00:00+00:00
BHV-004993,CUST-000500,amount_deviation,0.665,|last30/prior90 - 1|,MEDIUM,own_history_12m,12 months,2026-10-01 00:00:00+00:00
BHV-004994,CUST-000500,unusual_timing,0.118,share 00-05 UTC,MEDIUM,own_history_12m,12 months,2026-10-01 00:00:00+00:00
BHV-004995,CUST-000500,unusual_location,0.0,share foreign-country tx,LOW,own_history_12m,12 months,2026-10-01 00:00:00+00:00
BHV-004996,CUST-000500,failed_transaction_rate,0.118,failed/all,MEDIUM,own_history_12m,12 months,2026-10-01 00:00:00+00:00
BHV-004997,CUST-000500,spending_pattern_change,0.335,last30 avg / prior90 avg,MEDIUM,own_history_12m,12 months,2026-10-01 00:00:00+00:00
BHV-004998,CUST-000500,transaction_burst,0,bursts (4 tx/15 min),LOW,own_history_12m,12 months,2026-10-01 00:00:00+00:00
BHV-004999,CUST-000500,account_age,193,days,LOW,own_history_12m,12 months,2026-10-01 00:00:00+00:00
BHV-005000,CUST-000500,recent_activity,170,days since last tx,HIGH,own_history_12m,12 months,2026-10-01 00:00:00+00:00
BHV-005001,CUST-000501,transaction_frequency,0.1562,tx/day,HIGH,own_history_12m,12 months,2026-10-01 00:00:00+00:00
BHV-005002,CUST-000501,transaction_velocity,1,max tx in 60 min,LOW,own_history_12m,12 months,2026-10-01 00:00:00+00:00
BHV-005003,CUST-000501,amount_deviation,0.942,|last30/prior90 - 1|,HIGH,own_history_12m,12 months,2026-10-01 00:00:00+00:00
BHV-005004,CUST-000501,unusual_timing,0.0,share 00-05 UTC,LOW,own_history_12m,12 months,2026-10-01 00:00:00+00:00
BHV-005005,CUST-000501,unusual_location,0.0,share foreign-country tx,LOW,own_history_12m,12 months,2026-10-01 00:00:00+00:00
BHV-005006,CUST-000501,failed_transaction_rate,0.2,failed/all,MEDIUM,own_history_12m,12 months,2026-10-01 00:00:00+00:00
BHV-005007,CUST-000501,spending_pattern_change,0.058,last30 avg / prior90 avg,MEDIUM,own_history_12m,12 months,2026-10-01 00:00:00+00:00
BHV-005008,CUST-000501,transaction_burst,0,bursts (4 tx/15 min),LOW,own_history_12m,12 months,2026-10-01 00:00:00+00:00
BHV-005009,CUST-000501,account_age,64,days,MEDIUM,own_history_12m,12 months,2026-10-01 00:00:00+00:00
BHV-005010,CUST-000501,recent_activity,56,days since last tx,MEDIUM,own_history_12m,12 months,2026-10-01 00:00:00+00:00
BHV-005011,CUST-000502,transaction_frequency,0.1667,tx/day,HIGH,own_history_12m,12 months,2026-10-01 00:00:00+00:00
BHV-005012,CUST-000502,transaction_velocity,1,max tx in 60 min,LOW,own_history_12m,12 months,2026-10-01 00:00:00+00:00
BHV-005013,CUST-000502,amount_deviation,1.233,|last30/prior90 - 1|,HIGH,own_history_12m,12 months,2026-10-01 00:00:00+00:00
BHV-005014,CUST-000502,unusual_timing,0.333,share 00-05 UTC,HIGH,own_history_12m,12 months,2026-10-01 00:00:00+00:00
BHV-005015,CUST-000502,unusual_location,0.0,share foreign-country tx,LOW,own_history_12m,12 months,2026-10-01 00:00:00+00:00
BHV-005016,CUST-000502,failed_transaction_rate,0.133,failed/all,MEDIUM,own_history_12m,12 months,2026-10-01 00:00:00+00:00
BHV-005017,CUST-000502,spending_pattern_change,2.233,last30 avg / prior90 avg,HIGH,own_history_12m,12 months,2026-10-01 00:00:00+00:00
BHV-005018,CUST-000502,transaction_burst,0,bursts (4 tx/15 min),LOW,own_history_12m,12 months,2026-10-01 00:00:00+00:00
BHV-005019,CUST-000502,account_age,180,days,MEDIUM,own_history_12m,12 months,2026-10-01 00:00:00+00:00
BHV-005020,CUST-000502,recent_activity,178,days since last tx,HIGH,own_history_12m,12 months,2026-10-01 00:00:00+00:00
BHV-005021,CUST-000503,transaction_frequency,0.2222,tx/day,HIGH,own_history_12m,12 months,2026-10-01 00:00:00+00:00
BHV-005022,CUST-000503,transaction_velocity,1,max tx in 60 min,LOW,own_history_12m,12 months,2026-10-01 00:00:00+00:00
BHV-005023,CUST-000503,amount_deviation,0.281,|last30/prior90 - 1|,LOW,own_history_12m,12 months,2026-10-01 00:00:00+00:00
BHV-005024,CUST-000503,unusual_timing,0.312,share 00-05 UTC,HIGH,own_history_12m,12 months,2026-10-01 00:00:00+00:00
BHV-005025,CUST-000503,unusual_location,0.0,share foreign-country tx,LOW,own_history_12m,12 months,2026-10-01 00:00:00+00:00
BHV-005026,CUST-000503,failed_transaction_rate,0.188,failed/all,MEDIUM,own_history_12m,12 months,2026-10-01 00:00:00+00:00
BHV-005027,CUST-000503,spending_pattern_change,0.719,last30 avg / prior90 avg,LOW,own_history_12m,12 months,2026-10-01 00:00:00+00:00
BHV-005028,CUST-000503,transaction_burst,0,bursts (4 tx/15 min),LOW,own_history_12m,12 months,2026-10-01 00:00:00+00:00
BHV-005029,CUST-000503,account_age,72,days,MEDIUM,own_history_12m,12 months,2026-10-01 00:00:00+00:00
BHV-005030,CUST-000503,recent_activity,68,days since last tx,MEDIUM,own_history_12m,12 months,2026-10-01 00:00:00+00:00
BHV-005031,CUST-000504,transaction_frequency,0.0105,tx/day,LOW,own_history_12m,12 months,2026-10-01 00:00:00+00:00
BHV-005032,CUST-000504,transaction_velocity,1,max tx in 60 min,LOW,own_history_12m,12 months,2026-10-01 00:00:00+00:00
BHV-005033,CUST-000504,amount_deviation,0,|last30/prior90 - 1|,LOW,own_history_12m,12 months,2026-10-01 00:00:00+00:00
BHV-005034,CUST-000504,unusual_timing,0.0,share 00-05 UTC,LOW,own_history_12m,12 months,2026-10-01 00:00:00+00:00
BHV-005035,CUST-000504,unusual_location,0.0,share foreign-country tx,LOW,own_history_12m,12 months,2026-10-01 00:00:00+00:00
BHV-005036,CUST-000504,failed_transaction_rate,0.0,failed/all,LOW,own_history_12m,12 months,2026-10-01 00:00:00+00:00
BHV-005037,CUST-000504,spending_pattern_change,,last30 avg / prior90 avg,LOW,own_history_12m,12 months,2026-10-01 00:00:00+00:00
BHV-005038,CUST-000504,transaction_burst,0,bursts (4 tx/15 min),LOW,own_history_12m,12 months,2026-10-01 00:00:00+00:00
BHV-005039,CUST-000504,account_age,190,days,LOW,own_history_12m,12 months,2026-10-01 00:00:00+00:00
BHV-005040,CUST-000504,recent_activity,175,days since last tx,HIGH,own_history_12m,12 months,2026-10-01 00:00:00+00:00
BHV-005041,CUST-000505,transaction_frequency,0.0314,tx/day,MEDIUM,own_history_12m,12 months,2026-10-01 00:00:00+00:00
BHV-005042,CUST-000505,transaction_velocity,1,max tx in 60 min,LOW,own_history_12m,12 months,2026-10-01 00:00:00+00:00
BHV-005043,CUST-000505,amount_deviation,0.0,|last30/prior90 - 1|,LOW,own_history_12m,12 months,2026-10-01 00:00:00+00:00
BHV-005044,CUST-000505,unusual_timing,0.8,share 00-05 UTC,HIGH,own_history_12m,12 months,2026-10-01 00:00:00+00:00
BHV-005045,CUST-000505,unusual_location,0.0,share foreign-country tx,LOW,own_history_12m,12 months,2026-10-01 00:00:00+00:00
BHV-005046,CUST-000505,failed_transaction_rate,0.2,failed/all,MEDIUM,own_history_12m,12 months,2026-10-01 00:00:00+00:00
BHV-005047,CUST-000505,spending_pattern_change,1.0,last30 avg / prior90 avg,LOW,own_history_12m,12 months,2026-10-01 00:00:00+00:00
BHV-005048,CUST-000505,transaction_burst,0,bursts (4 tx/15 min),LOW,own_history_12m,12 months,2026-10-01 00:00:00+00:00
BHV-005049,CUST-000505,account_age,159,days,MEDIUM,own_history_12m,12 months,2026-10-01 00:00:00+00:00
BHV-005050,CUST-000505,recent_activity,125,days since last tx,HIGH,own_history_12m,12 months,2026-10-01 00:00:00+00:00
BHV-005051,CUST-000506,transaction_frequency,0.0894,tx/day,MEDIUM,own_history_12m,12 months,2026-10-01 00:00:00+00:00
BHV-005052,CUST-000506,transaction_velocity,1,max tx in 60 min,LOW,own_history_12m,12 months,2026-10-01 00:00:00+00:00
BHV-005053,CUST-000506,amount_deviation,0.053,|last30/prior90 - 1|,LOW,own_history_12m,12 months,2026-10-01 00:00:00+00:00
BHV-005054,CUST-000506,unusual_timing,0.318,share 00-05 UTC,HIGH,own_history_12m,12 months,2026-10-01 00:00:00+00:00
BHV-005055,CUST-000506,unusual_location,0.0,share foreign-country tx,LOW,own_history_12m,12 months,2026-10-01 00:00:00+00:00
BHV-005056,CUST-000506,failed_transaction_rate,0.091,failed/all,LOW,own_history_12m,12 months,2026-10-01 00:00:00+00:00
BHV-005057,CUST-000506,spending_pattern_change,0.947,last30 avg / prior90 avg,LOW,own_history_12m,12 months,2026-10-01 00:00:00+00:00
BHV-005058,CUST-000506,transaction_burst,0,bursts (4 tx/15 min),LOW,own_history_12m,12 months,2026-10-01 00:00:00+00:00
BHV-005059,CUST-000506,account_age,246,days,LOW,own_history_12m,12 months,2026-10-01 00:00:00+00:00
BHV-005060,CUST-000506,recent_activity,245,days since last tx,HIGH,own_history_12m,12 months,2026-10-01 00:00:00+00:00
BHV-005061,CUST-000507,transaction_frequency,0.0798,tx/day,MEDIUM,own_history_12m,12 months,2026-10-01 00:00:00+00:00
BHV-005062,CUST-000507,transaction_velocity,1,max tx in 60 min,LOW,own_history_12m,12 months,2026-10-01 00:00:00+00:00
BHV-005063,CUST-000507,amount_deviation,1.349,|last30/prior90 - 1|,HIGH,own_history_12m,12 months,2026-10-01 00:00:00+00:00
BHV-005064,CUST-000507,unusual_timing,0.19,share 00-05 UTC,MEDIUM,own_history_12m,12 months,2026-10-01 00:00:00+00:00
BHV-005065,CUST-000507,unusual_location,0.0,share foreign-country tx,LOW,own_history_12m,12 months,2026-10-01 00:00:00+00:00
BHV-005066,CUST-000507,failed_transaction_rate,0.143,failed/all,MEDIUM,own_history_12m,12 months,2026-10-01 00:00:00+00:00
BHV-005067,CUST-000507,spending_pattern_change,2.349,last30 avg / prior90 avg,HIGH,own_history_12m,12 months,2026-10-01 00:00:00+00:00
BHV-005068,CUST-000507,transaction_burst,0,bursts (4 tx/15 min),LOW,own_history_12m,12 months,2026-10-01 00:00:00+00:00
BHV-005069,CUST-000507,account_age,263,days,LOW,own_history_12m,12 months,2026-10-01 00:00:00+00:00
BHV-005070,CUST-000507,recent_activity,240,days since last tx,HIGH,own_history_12m,12 months,2026-10-01 00:00:00+00:00
BHV-005071,CUST-000508,transaction_frequency,0.1239,tx/day,MEDIUM,own_history_12m,12 months,2026-10-01 00:00:00+00:00
BHV-005072,CUST-000508,transaction_velocity,1,max tx in 60 min,LOW,own_history_12m,12 months,2026-10-01 00:00:00+00:00
BHV-005073,CUST-000508,amount_deviation,1.824,|last30/prior90 - 1|,HIGH,own_history_12m,12 months,2026-10-01 00:00:00+00:00
BHV-005074,CUST-000508,unusual_timing,0.071,share 00-05 UTC,MEDIUM,own_history_12m,12 months,2026-10-01 00:00:00+00:00
BHV-005075,CUST-000508,unusual_location,0.0,share foreign-country tx,LOW,own_history_12m,12 months,2026-10-01 00:00:00+00:00
BHV-005076,CUST-000508,failed_transaction_rate,0.571,failed/all,HIGH,own_history_12m,12 months,2026-10-01 00:00:00+00:00
BHV-005077,CUST-000508,spending_pattern_change,2.824,last30 avg / prior90 avg,HIGH,own_history_12m,12 months,2026-10-01 00:00:00+00:00
BHV-005078,CUST-000508,transaction_burst,0,bursts (4 tx/15 min),LOW,own_history_12m,12 months,2026-10-01 00:00:00+00:00
BHV-005079,CUST-000508,account_age,113,days,MEDIUM,own_history_12m,12 months,2026-10-01 00:00:00+00:00
BHV-005080,CUST-000508,recent_activity,97,days since last tx,HIGH,own_history_12m,12 months,2026-10-01 00:00:00+00:00
BHV-005081,CUST-000509,transaction_frequency,0.0824,tx/day,MEDIUM,own_history_12m,12 months,2026-10-01 00:00:00+00:00
BHV-005082,CUST-000509,transaction_velocity,1,max tx in 60 min,LOW,own_history_12m,12 months,2026-10-01 00:00:00+00:00
BHV-005083,CUST-000509,amount_deviation,0.186,|last30/prior90 - 1|,LOW,own_history_12m,12 months,2026-10-01 00:00:00+00:00
BHV-005084,CUST-000509,unusual_timing,0.133,share 00-05 UTC,MEDIUM,own_history_12m,12 months,2026-10-01 00:00:00+00:00
BHV-005085,CUST-000509,unusual_location,0.0,share foreign-country tx,LOW,own_history_12m,12 months,2026-10-01 00:00:00+00:00
BHV-005086,CUST-000509,failed_transaction_rate,0.067,failed/all,LOW,own_history_12m,12 months,2026-10-01 00:00:00+00:00
BHV-005087,CUST-000509,spending_pattern_change,0.814,last30 avg / prior90 avg,LOW,own_history_12m,12 months,2026-10-01 00:00:00+00:00
BHV-005088,CUST-000509,transaction_burst,0,bursts (4 tx/15 min),LOW,own_history_12m,12 months,2026-10-01 00:00:00+00:00
BHV-005089,CUST-000509,account_age,182,days,LOW,own_history_12m,12 months,2026-10-01 00:00:00+00:00
BHV-005090,CUST-000509,recent_activity,175,days since last tx,HIGH,own_history_12m,12 months,2026-10-01 00:00:00+00:00
BHV-005091,CUST-000510,transaction_frequency,0.0694,tx/day,MEDIUM,own_history_12m,12 months,2026-10-01 00:00:00+00:00
BHV-005092,CUST-000510,transaction_velocity,1,max tx in 60 min,LOW,own_history_12m,12 months,2026-10-01 00:00:00+00:00
BHV-005093,CUST-000510,amount_deviation,0,|last30/prior90 - 1|,LOW,own_history_12m,12 months,2026-10-01 00:00:00+00:00
BHV-005094,CUST-000510,unusual_timing,0.292,share 00-05 UTC,HIGH,own_history_12m,12 months,2026-10-01 00:00:00+00:00
BHV-005095,CUST-000510,unusual_location,0.0,share foreign-country tx,LOW,own_history_12m,12 months,2026-10-01 00:00:00+00:00
BHV-005096,CUST-000510,failed_transaction_rate,0.042,failed/all,LOW,own_history_12m,12 months,2026-10-01 00:00:00+00:00
BHV-005097,CUST-000510,spending_pattern_change,,last30 avg / prior90 avg,LOW,own_history_12m,12 months,2026-10-01 00:00:00+00:00
BHV-005098,CUST-000510,transaction_burst,0,bursts (4 tx/15 min),LOW,own_history_12m,12 months,2026-10-01 00:00:00+00:00
BHV-005099,CUST-000510,account_age,346,days,LOW,own_history_12m,12 months,2026-10-01 00:00:00+00:00
BHV-005100,CUST-000510,recent_activity,339,days since last tx,HIGH,own_history_12m,12 months,2026-10-01 00:00:00+00:00
BHV-005101,CUST-000511,transaction_frequency,0.0294,tx/day,MEDIUM,own_history_12m,12 months,2026-10-01 00:00:00+00:00
BHV-005102,CUST-000511,transaction_velocity,1,max tx in 60 min,LOW,own_history_12m,12 months,2026-10-01 00:00:00+00:00
BHV-005103,CUST-000511,amount_deviation,11.169,|last30/prior90 - 1|,HIGH,own_history_12m,12 months,2026-10-01 00:00:00+00:00
BHV-005104,CUST-000511,unusual_timing,0.5,share 00-05 UTC,HIGH,own_history_12m,12 months,2026-10-01 00:00:00+00:00
BHV-005105,CUST-000511,unusual_location,0.0,share foreign-country tx,LOW,own_history_12m,12 months,2026-10-01 00:00:00+00:00
BHV-005106,CUST-000511,failed_transaction_rate,0.0,failed/all,LOW,own_history_12m,12 months,2026-10-01 00:00:00+00:00
BHV-005107,CUST-000511,spending_pattern_change,12.169,last30 avg / prior90 avg,HIGH,own_history_12m,12 months,2026-10-01 00:00:00+00:00
BHV-005108,CUST-000511,transaction_burst,0,bursts (4 tx/15 min),LOW,own_history_12m,12 months,2026-10-01 00:00:00+00:00
BHV-005109,CUST-000511,account_age,68,days,MEDIUM,own_history_12m,12 months,2026-10-01 00:00:00+00:00
BHV-005110,CUST-000511,recent_activity,42,days since last tx,MEDIUM,own_history_12m,12 months,2026-10-01 00:00:00+00:00
BHV-005111,CUST-000512,transaction_frequency,0.0658,tx/day,MEDIUM,own_history_12m,12 months,2026-10-01 00:00:00+00:00
BHV-005112,CUST-000512,transaction_velocity,2,max tx in 60 min,MEDIUM,own_history_12m,12 months,2026-10-01 00:00:00+00:00
BHV-005113,CUST-000512,amount_deviation,0.893,|last30/prior90 - 1|,HIGH,own_history_12m,12 months,2026-10-01 00:00:00+00:00
BHV-005114,CUST-000512,unusual_timing,0.375,share 00-05 UTC,HIGH,own_history_12m,12 months,2026-10-01 00:00:00+00:00
BHV-005115,CUST-000512,unusual_location,0.0,share foreign-country tx,LOW,own_history_12m,12 months,2026-10-01 00:00:00+00:00
BHV-005116,CUST-000512,failed_transaction_rate,0.0,failed/all,LOW,own_history_12m,12 months,2026-10-01 00:00:00+00:00
BHV-005117,CUST-000512,spending_pattern_change,0.107,last30 avg / prior90 avg,MEDIUM,own_history_12m,12 months,2026-10-01 00:00:00+00:00
BHV-005118,CUST-000512,transaction_burst,0,bursts (4 tx/15 min),LOW,own_history_12m,12 months,2026-10-01 00:00:00+00:00
BHV-005119,CUST-000512,account_age,243,days,LOW,own_history_12m,12 months,2026-10-01 00:00:00+00:00
BHV-005120,CUST-000512,recent_activity,213,days since last tx,HIGH,own_history_12m,12 months,2026-10-01 00:00:00+00:00
BHV-005121,CUST-000513,transaction_frequency,0.0511,tx/day,MEDIUM,own_history_12m,12 months,2026-10-01 00:00:00+00:00
BHV-005122,CUST-000513,transaction_velocity,2,max tx in 60 min,MEDIUM,own_history_12m,12 months,2026-10-01 00:00:00+00:00
BHV-005123,CUST-000513,amount_deviation,0.349,|last30/prior90 - 1|,MEDIUM,own_history_12m,12 months,2026-10-01 00:00:00+00:00
BHV-005124,CUST-000513,unusual_timing,0.25,share 00-05 UTC,HIGH,own_history_12m,12 months,2026-10-01 00:00:00+00:00
BHV-005125,CUST-000513,unusual_location,0.0,share foreign-country tx,LOW,own_history_12m,12 months,2026-10-01 00:00:00+00:00
BHV-005126,CUST-000513,failed_transaction_rate,0.083,failed/all,LOW,own_history_12m,12 months,2026-10-01 00:00:00+00:00
BHV-005127,CUST-000513,spending_pattern_change,0.651,last30 avg / prior90 avg,LOW,own_history_12m,12 months,2026-10-01 00:00:00+00:00
BHV-005128,CUST-000513,transaction_burst,0,bursts (4 tx/15 min),LOW,own_history_12m,12 months,2026-10-01 00:00:00+00:00
BHV-005129,CUST-000513,account_age,235,days,LOW,own_history_12m,12 months,2026-10-01 00:00:00+00:00
BHV-005130,CUST-000513,recent_activity,211,days since last tx,HIGH,own_history_12m,12 months,2026-10-01 00:00:00+00:00
BHV-005131,CUST-000514,transaction_frequency,0.3788,tx/day,HIGH,own_history_12m,12 months,2026-10-01 00:00:00+00:00
BHV-005132,CUST-000514,transaction_velocity,1,max tx in 60 min,LOW,own_history_12m,12 months,2026-10-01 00:00:00+00:00
BHV-005133,CUST-000514,amount_deviation,0.456,|last30/prior90 - 1|,MEDIUM,own_history_12m,12 months,2026-10-01 00:00:00+00:00
BHV-005134,CUST-000514,unusual_timing,0.2,share 00-05 UTC,MEDIUM,own_history_12m,12 months,2026-10-01 00:00:00+00:00
BHV-005135,CUST-000514,unusual_location,0.0,share foreign-country tx,LOW,own_history_12m,12 months,2026-10-01 00:00:00+00:00
BHV-005136,CUST-000514,failed_transaction_rate,0.08,failed/all,LOW,own_history_12m,12 months,2026-10-01 00:00:00+00:00
BHV-005137,CUST-000514,spending_pattern_change,0.544,last30 avg / prior90 avg,MEDIUM,own_history_12m,12 months,2026-10-01 00:00:00+00:00
BHV-005138,CUST-000514,transaction_burst,0,bursts (4 tx/15 min),LOW,own_history_12m,12 months,2026-10-01 00:00:00+00:00
BHV-005139,CUST-000514,account_age,66,days,MEDIUM,own_history_12m,12 months,2026-10-01 00:00:00+00:00
BHV-005140,CUST-000514,recent_activity,64,days since last tx,MEDIUM,own_history_12m,12 months,2026-10-01 00:00:00+00:00
BHV-005141,CUST-000515,transaction_frequency,0.097,tx/day,MEDIUM,own_history_12m,12 months,2026-10-01 00:00:00+00:00
BHV-005142,CUST-000515,transaction_velocity,1,max tx in 60 min,LOW,own_history_12m,12 months,2026-10-01 00:00:00+00:00
BHV-005143,CUST-000515,amount_deviation,0.083,|last30/prior90 - 1|,LOW,own_history_12m,12 months,2026-10-01 00:00:00+00:00
BHV-005144,CUST-000515,unusual_timing,0.154,share 00-05 UTC,MEDIUM,own_history_12m,12 months,2026-10-01 00:00:00+00:00
BHV-005145,CUST-000515,unusual_location,0.0,share foreign-country tx,LOW,own_history_12m,12 months,2026-10-01 00:00:00+00:00
BHV-005146,CUST-000515,failed_transaction_rate,0.038,failed/all,LOW,own_history_12m,12 months,2026-10-01 00:00:00+00:00
BHV-005147,CUST-000515,spending_pattern_change,0.917,last30 avg / prior90 avg,LOW,own_history_12m,12 months,2026-10-01 00:00:00+00:00
BHV-005148,CUST-000515,transaction_burst,0,bursts (4 tx/15 min),LOW,own_history_12m,12 months,2026-10-01 00:00:00+00:00
BHV-005149,CUST-000515,account_age,268,days,LOW,own_history_12m,12 months,2026-10-01 00:00:00+00:00
BHV-005150,CUST-000515,recent_activity,261,days since last tx,HIGH,own_history_12m,12 months,2026-10-01 00:00:00+00:00
BHV-005151,CUST-000516,transaction_frequency,0.0687,tx/day,MEDIUM,own_history_12m,12 months,2026-10-01 00:00:00+00:00
BHV-005152,CUST-000516,transaction_velocity,1,max tx in 60 min,LOW,own_history_12m,12 months,2026-10-01 00:00:00+00:00
BHV-005153,CUST-000516,amount_deviation,0.019,|last30/prior90 - 1|,LOW,own_history_12m,12 months,2026-10-01 00:00:00+00:00
BHV-005154,CUST-000516,unusual_timing,0.3,share 00-05 UTC,HIGH,own_history_12m,12 months,2026-10-01 00:00:00+00:00
BHV-005155,CUST-000516,unusual_location,0.0,share foreign-country tx,LOW,own_history_12m,12 months,2026-10-01 00:00:00+00:00
BHV-005156,CUST-000516,failed_transaction_rate,0.1,failed/all,MEDIUM,own_history_12m,12 months,2026-10-01 00:00:00+00:00
BHV-005157,CUST-000516,spending_pattern_change,1.019,last30 avg / prior90 avg,LOW,own_history_12m,12 months,2026-10-01 00:00:00+00:00
BHV-005158,CUST-000516,transaction_burst,0,bursts (4 tx/15 min),LOW,own_history_12m,12 months,2026-10-01 00:00:00+00:00
BHV-005159,CUST-000516,account_age,291,days,LOW,own_history_12m,12 months,2026-10-01 00:00:00+00:00
BHV-005160,CUST-000516,recent_activity,278,days since last tx,HIGH,own_history_12m,12 months,2026-10-01 00:00:00+00:00
BHV-005161,CUST-000517,transaction_frequency,0.0493,tx/day,MEDIUM,own_history_12m,12 months,2026-10-01 00:00:00+00:00
BHV-005162,CUST-000517,transaction_velocity,1,max tx in 60 min,LOW,own_history_12m,12 months,2026-10-01 00:00:00+00:00
BHV-005163,CUST-000517,amount_deviation,1.068,|last30/prior90 - 1|,HIGH,own_history_12m,12 months,2026-10-01 00:00:00+00:00
BHV-005164,CUST-000517,unusual_timing,0.118,share 00-05 UTC,MEDIUM,own_history_12m,12 months,2026-10-01 00:00:00+00:00
BHV-005165,CUST-000517,unusual_location,0.0,share foreign-country tx,LOW,own_history_12m,12 months,2026-10-01 00:00:00+00:00
BHV-005166,CUST-000517,failed_transaction_rate,0.0,failed/all,LOW,own_history_12m,12 months,2026-10-01 00:00:00+00:00
BHV-005167,CUST-000517,spending_pattern_change,2.068,last30 avg / prior90 avg,HIGH,own_history_12m,12 months,2026-10-01 00:00:00+00:00
BHV-005168,CUST-000517,transaction_burst,0,bursts (4 tx/15 min),LOW,own_history_12m,12 months,2026-10-01 00:00:00+00:00
BHV-005169,CUST-000517,account_age,345,days,LOW,own_history_12m,12 months,2026-10-01 00:00:00+00:00
BHV-005170,CUST-000517,recent_activity,302,days since last tx,HIGH,own_history_12m,12 months,2026-10-01 00:00:00+00:00
BHV-005171,CUST-000518,transaction_frequency,0.0295,tx/day,MEDIUM,own_history_12m,12 months,2026-10-01 00:00:00+00:00
BHV-005172,CUST-000518,transaction_velocity,1,max tx in 60 min,LOW,own_history_12m,12 months,2026-10-01 00:00:00+00:00
BHV-005173,CUST-000518,amount_deviation,0.711,|last30/prior90 - 1|,MEDIUM,own_history_12m,12 months,2026-10-01 00:00:00+00:00
BHV-005174,CUST-000518,unusual_timing,0.2,share 00-05 UTC,MEDIUM,own_history_12m,12 months,2026-10-01 00:00:00+00:00
BHV-005175,CUST-000518,unusual_location,0.0,share foreign-country tx,LOW,own_history_12m,12 months,2026-10-01 00:00:00+00:00
BHV-005176,CUST-000518,failed_transaction_rate,0.1,failed/all,MEDIUM,own_history_12m,12 months,2026-10-01 00:00:00+00:00
BHV-005177,CUST-000518,spending_pattern_change,0.289,last30 avg / prior90 avg,MEDIUM,own_history_12m,12 months,2026-10-01 00:00:00+00:00
BHV-005178,CUST-000518,transaction_burst,0,bursts (4 tx/15 min),LOW,own_history_12m,12 months,2026-10-01 00:00:00+00:00
BHV-005179,CUST-000518,account_age,339,days,LOW,own_history_12m,12 months,2026-10-01 00:00:00+00:00
BHV-005180,CUST-000518,recent_activity,332,days since last tx,HIGH,own_history_12m,12 months,2026-10-01 00:00:00+00:00
BHV-005181,CUST-000519,transaction_frequency,0.0366,tx/day,MEDIUM,own_history_12m,12 months,2026-10-01 00:00:00+00:00
BHV-005182,CUST-000519,transaction_velocity,1,max tx in 60 min,LOW,own_history_12m,12 months,2026-10-01 00:00:00+00:00
BHV-005183,CUST-000519,amount_deviation,0.002,|last30/prior90 - 1|,LOW,own_history_12m,12 months,2026-10-01 00:00:00+00:00
BHV-005184,CUST-000519,unusual_timing,0.077,share 00-05 UTC,MEDIUM,own_history_12m,12 months,2026-10-01 00:00:00+00:00
BHV-005185,CUST-000519,unusual_location,0.0,share foreign-country tx,LOW,own_history_12m,12 months,2026-10-01 00:00:00+00:00
BHV-005186,CUST-000519,failed_transaction_rate,0.077,failed/all,LOW,own_history_12m,12 months,2026-10-01 00:00:00+00:00
BHV-005187,CUST-000519,spending_pattern_change,0.998,last30 avg / prior90 avg,LOW,own_history_12m,12 months,2026-10-01 00:00:00+00:00
BHV-005188,CUST-000519,transaction_burst,0,bursts (4 tx/15 min),LOW,own_history_12m,12 months,2026-10-01 00:00:00+00:00
BHV-005189,CUST-000519,account_age,355,days,LOW,own_history_12m,12 months,2026-10-01 00:00:00+00:00
BHV-005190,CUST-000519,recent_activity,338,days since last tx,HIGH,own_history_12m,12 months,2026-10-01 00:00:00+00:00
BHV-005191,CUST-000520,transaction_frequency,0.1829,tx/day,HIGH,own_history_12m,12 months,2026-10-01 00:00:00+00:00
BHV-005192,CUST-000520,transaction_velocity,1,max tx in 60 min,LOW,own_history_12m,12 months,2026-10-01 00:00:00+00:00
BHV-005193,CUST-000520,amount_deviation,0.091,|last30/prior90 - 1|,LOW,own_history_12m,12 months,2026-10-01 00:00:00+00:00
BHV-005194,CUST-000520,unusual_timing,0.067,share 00-05 UTC,MEDIUM,own_history_12m,12 months,2026-10-01 00:00:00+00:00
BHV-005195,CUST-000520,unusual_location,0.0,share foreign-country tx,LOW,own_history_12m,12 months,2026-10-01 00:00:00+00:00
BHV-005196,CUST-000520,failed_transaction_rate,0.067,failed/all,LOW,own_history_12m,12 months,2026-10-01 00:00:00+00:00
BHV-005197,CUST-000520,spending_pattern_change,1.091,last30 avg / prior90 avg,LOW,own_history_12m,12 months,2026-10-01 00:00:00+00:00
BHV-005198,CUST-000520,transaction_burst,0,bursts (4 tx/15 min),LOW,own_history_12m,12 months,2026-10-01 00:00:00+00:00
BHV-005199,CUST-000520,account_age,82,days,MEDIUM,own_history_12m,12 months,2026-10-01 00:00:00+00:00
BHV-005200,CUST-000520,recent_activity,78,days since last tx,MEDIUM,own_history_12m,12 months,2026-10-01 00:00:00+00:00
BHV-005201,CUST-000521,transaction_frequency,0.0227,tx/day,MEDIUM,own_history_12m,12 months,2026-10-01 00:00:00+00:00
BHV-005202,CUST-000521,transaction_velocity,1,max tx in 60 min,LOW,own_history_12m,12 months,2026-10-01 00:00:00+00:00
BHV-005203,CUST-000521,amount_deviation,0,|last30/prior90 - 1|,LOW,own_history_12m,12 months,2026-10-01 00:00:00+00:00
BHV-005204,CUST-000521,unusual_timing,0.429,share 00-05 UTC,HIGH,own_history_12m,12 months,2026-10-01 00:00:00+00:00
BHV-005205,CUST-000521,unusual_location,0.0,share foreign-country tx,LOW,own_history_12m,12 months,2026-10-01 00:00:00+00:00
BHV-005206,CUST-000521,failed_transaction_rate,0.0,failed/all,LOW,own_history_12m,12 months,2026-10-01 00:00:00+00:00
BHV-005207,CUST-000521,spending_pattern_change,,last30 avg / prior90 avg,LOW,own_history_12m,12 months,2026-10-01 00:00:00+00:00
BHV-005208,CUST-000521,transaction_burst,0,bursts (4 tx/15 min),LOW,own_history_12m,12 months,2026-10-01 00:00:00+00:00
BHV-005209,CUST-000521,account_age,309,days,LOW,own_history_12m,12 months,2026-10-01 00:00:00+00:00
BHV-005210,CUST-000521,recent_activity,299,days since last tx,HIGH,own_history_12m,12 months,2026-10-01 00:00:00+00:00
BHV-005211,CUST-000522,transaction_frequency,0.1143,tx/day,MEDIUM,own_history_12m,12 months,2026-10-01 00:00:00+00:00
BHV-005212,CUST-000522,transaction_velocity,1,max tx in 60 min,LOW,own_history_12m,12 months,2026-10-01 00:00:00+00:00
BHV-005213,CUST-000522,amount_deviation,0.287,|last30/prior90 - 1|,LOW,own_history_12m,12 months,2026-10-01 00:00:00+00:00
BHV-005214,CUST-000522,unusual_timing,0.312,share 00-05 UTC,HIGH,own_history_12m,12 months,2026-10-01 00:00:00+00:00
BHV-005215,CUST-000522,unusual_location,0.0,share foreign-country tx,LOW,own_history_12m,12 months,2026-10-01 00:00:00+00:00
BHV-005216,CUST-000522,failed_transaction_rate,0.125,failed/all,MEDIUM,own_history_12m,12 months,2026-10-01 00:00:00+00:00
BHV-005217,CUST-000522,spending_pattern_change,0.713,last30 avg / prior90 avg,LOW,own_history_12m,12 months,2026-10-01 00:00:00+00:00
BHV-005218,CUST-000522,transaction_burst,0,bursts (4 tx/15 min),LOW,own_history_12m,12 months,2026-10-01 00:00:00+00:00
BHV-005219,CUST-000522,account_age,140,days,MEDIUM,own_history_12m,12 months,2026-10-01 00:00:00+00:00
BHV-005220,CUST-000522,recent_activity,139,days since last tx,HIGH,own_history_12m,12 months,2026-10-01 00:00:00+00:00
BHV-005221,CUST-000523,transaction_frequency,0.0495,tx/day,MEDIUM,own_history_12m,12 months,2026-10-01 00:00:00+00:00
BHV-005222,CUST-000523,transaction_velocity,1,max tx in 60 min,LOW,own_history_12m,12 months,2026-10-01 00:00:00+00:00
BHV-005223,CUST-000523,amount_deviation,0.805,|last30/prior90 - 1|,HIGH,own_history_12m,12 months,2026-10-01 00:00:00+00:00
BHV-005224,CUST-000523,unusual_timing,0.133,share 00-05 UTC,MEDIUM,own_history_12m,12 months,2026-10-01 00:00:00+00:00
BHV-005225,CUST-000523,unusual_location,0.0,share foreign-country tx,LOW,own_history_12m,12 months,2026-10-01 00:00:00+00:00
BHV-005226,CUST-000523,failed_transaction_rate,0.267,failed/all,MEDIUM,own_history_12m,12 months,2026-10-01 00:00:00+00:00
BHV-005227,CUST-000523,spending_pattern_change,0.195,last30 avg / prior90 avg,MEDIUM,own_history_12m,12 months,2026-10-01 00:00:00+00:00
BHV-005228,CUST-000523,transaction_burst,0,bursts (4 tx/15 min),LOW,own_history_12m,12 months,2026-10-01 00:00:00+00:00
BHV-005229,CUST-000523,account_age,303,days,LOW,own_history_12m,12 months,2026-10-01 00:00:00+00:00
BHV-005230,CUST-000523,recent_activity,292,days since last tx,HIGH,own_history_12m,12 months,2026-10-01 00:00:00+00:00
BHV-005231,CUST-000524,transaction_frequency,0.0333,tx/day,MEDIUM,own_history_12m,12 months,2026-10-01 00:00:00+00:00
BHV-005232,CUST-000524,transaction_velocity,1,max tx in 60 min,LOW,own_history_12m,12 months,2026-10-01 00:00:00+00:00
BHV-005233,CUST-000524,amount_deviation,0.0,|last30/prior90 - 1|,LOW,own_history_12m,12 months,2026-10-01 00:00:00+00:00
BHV-005234,CUST-000524,unusual_timing,0.364,share 00-05 UTC,HIGH,own_history_12m,12 months,2026-10-01 00:00:00+00:00
BHV-005235,CUST-000524,unusual_location,0.0,share foreign-country tx,LOW,own_history_12m,12 months,2026-10-01 00:00:00+00:00
BHV-005236,CUST-000524,failed_transaction_rate,0.0,failed/all,LOW,own_history_12m,12 months,2026-10-01 00:00:00+00:00
BHV-005237,CUST-000524,spending_pattern_change,1.0,last30 avg / prior90 avg,LOW,own_history_12m,12 months,2026-10-01 00:00:00+00:00
BHV-005238,CUST-000524,transaction_burst,0,bursts (4 tx/15 min),LOW,own_history_12m,12 months,2026-10-01 00:00:00+00:00
BHV-005239,CUST-000524,account_age,330,days,LOW,own_history_12m,12 months,2026-10-01 00:00:00+00:00
BHV-005240,CUST-000524,recent_activity,328,days since last tx,HIGH,own_history_12m,12 months,2026-10-01 00:00:00+00:00
BHV-005241,CUST-000525,transaction_frequency,0.0094,tx/day,LOW,own_history_12m,12 months,2026-10-01 00:00:00+00:00
BHV-005242,CUST-000525,transaction_velocity,1,max tx in 60 min,LOW,own_history_12m,12 months,2026-10-01 00:00:00+00:00
BHV-005243,CUST-000525,amount_deviation,0,|last30/prior90 - 1|,LOW,own_history_12m,12 months,2026-10-01 00:00:00+00:00
BHV-005244,CUST-000525,unusual_timing,0.333,share 00-05 UTC,HIGH,own_history_12m,12 months,2026-10-01 00:00:00+00:00
BHV-005245,CUST-000525,unusual_location,0.0,share foreign-country tx,LOW,own_history_12m,12 months,2026-10-01 00:00:00+00:00
BHV-005246,CUST-000525,failed_transaction_rate,0.0,failed/all,LOW,own_history_12m,12 months,2026-10-01 00:00:00+00:00
BHV-005247,CUST-000525,spending_pattern_change,,last30 avg / prior90 avg,LOW,own_history_12m,12 months,2026-10-01 00:00:00+00:00
BHV-005248,CUST-000525,transaction_burst,0,bursts (4 tx/15 min),LOW,own_history_12m,12 months,2026-10-01 00:00:00+00:00
BHV-005249,CUST-000525,account_age,319,days,LOW,own_history_12m,12 months,2026-10-01 00:00:00+00:00
BHV-005250,CUST-000525,recent_activity,156,days since last tx,HIGH,own_history_12m,12 months,2026-10-01 00:00:00+00:00
BHV-005251,CUST-000526,transaction_frequency,0.0889,tx/day,MEDIUM,own_history_12m,12 months,2026-10-01 00:00:00+00:00
BHV-005252,CUST-000526,transaction_velocity,1,max tx in 60 min,LOW,own_history_12m,12 months,2026-10-01 00:00:00+00:00
BHV-005253,CUST-000526,amount_deviation,0.65,|last30/prior90 - 1|,MEDIUM,own_history_12m,12 months,2026-10-01 00:00:00+00:00
BHV-005254,CUST-000526,unusual_timing,0.167,share 00-05 UTC,MEDIUM,own_history_12m,12 months,2026-10-01 00:00:00+00:00
BHV-005255,CUST-000526,unusual_location,0.0,share foreign-country tx,LOW,own_history_12m,12 months,2026-10-01 00:00:00+00:00
BHV-005256,CUST-000526,failed_transaction_rate,0.083,failed/all,LOW,own_history_12m,12 months,2026-10-01 00:00:00+00:00
BHV-005257,CUST-000526,spending_pattern_change,0.35,last30 avg / prior90 avg,MEDIUM,own_history_12m,12 months,2026-10-01 00:00:00+00:00
BHV-005258,CUST-000526,transaction_burst,0,bursts (4 tx/15 min),LOW,own_history_12m,12 months,2026-10-01 00:00:00+00:00
BHV-005259,CUST-000526,account_age,135,days,MEDIUM,own_history_12m,12 months,2026-10-01 00:00:00+00:00
BHV-005260,CUST-000526,recent_activity,120,days since last tx,HIGH,own_history_12m,12 months,2026-10-01 00:00:00+00:00
BHV-005261,CUST-000527,transaction_frequency,0.0462,tx/day,MEDIUM,own_history_12m,12 months,2026-10-01 00:00:00+00:00
BHV-005262,CUST-000527,transaction_velocity,1,max tx in 60 min,LOW,own_history_12m,12 months,2026-10-01 00:00:00+00:00
BHV-005263,CUST-000527,amount_deviation,0.652,|last30/prior90 - 1|,MEDIUM,own_history_12m,12 months,2026-10-01 00:00:00+00:00
BHV-005264,CUST-000527,unusual_timing,0.188,share 00-05 UTC,MEDIUM,own_history_12m,12 months,2026-10-01 00:00:00+00:00
BHV-005265,CUST-000527,unusual_location,0.0,share foreign-country tx,LOW,own_history_12m,12 months,2026-10-01 00:00:00+00:00
BHV-005266,CUST-000527,failed_transaction_rate,0.125,failed/all,MEDIUM,own_history_12m,12 months,2026-10-01 00:00:00+00:00
BHV-005267,CUST-000527,spending_pattern_change,0.348,last30 avg / prior90 avg,MEDIUM,own_history_12m,12 months,2026-10-01 00:00:00+00:00
BHV-005268,CUST-000527,transaction_burst,0,bursts (4 tx/15 min),LOW,own_history_12m,12 months,2026-10-01 00:00:00+00:00
BHV-005269,CUST-000527,account_age,346,days,LOW,own_history_12m,12 months,2026-10-01 00:00:00+00:00
BHV-005270,CUST-000527,recent_activity,324,days since last tx,HIGH,own_history_12m,12 months,2026-10-01 00:00:00+00:00
BHV-005271,CUST-000528,transaction_frequency,0.2762,tx/day,HIGH,own_history_12m,12 months,2026-10-01 00:00:00+00:00
BHV-005272,CUST-000528,transaction_velocity,1,max tx in 60 min,LOW,own_history_12m,12 months,2026-10-01 00:00:00+00:00
BHV-005273,CUST-000528,amount_deviation,1.494,|last30/prior90 - 1|,HIGH,own_history_12m,12 months,2026-10-01 00:00:00+00:00
BHV-005274,CUST-000528,unusual_timing,0.345,share 00-05 UTC,HIGH,own_history_12m,12 months,2026-10-01 00:00:00+00:00
BHV-005275,CUST-000528,unusual_location,0.0,share foreign-country tx,LOW,own_history_12m,12 months,2026-10-01 00:00:00+00:00
BHV-005276,CUST-000528,failed_transaction_rate,0.0,failed/all,LOW,own_history_12m,12 months,2026-10-01 00:00:00+00:00
BHV-005277,CUST-000528,spending_pattern_change,2.494,last30 avg / prior90 avg,HIGH,own_history_12m,12 months,2026-10-01 00:00:00+00:00
BHV-005278,CUST-000528,transaction_burst,0,bursts (4 tx/15 min),LOW,own_history_12m,12 months,2026-10-01 00:00:00+00:00
BHV-005279,CUST-000528,account_age,105,days,MEDIUM,own_history_12m,12 months,2026-10-01 00:00:00+00:00
BHV-005280,CUST-000528,recent_activity,103,days since last tx,HIGH,own_history_12m,12 months,2026-10-01 00:00:00+00:00
BHV-005281,CUST-000529,transaction_frequency,0.1343,tx/day,MEDIUM,own_history_12m,12 months,2026-10-01 00:00:00+00:00
BHV-005282,CUST-000529,transaction_velocity,1,max tx in 60 min,LOW,own_history_12m,12 months,2026-10-01 00:00:00+00:00
BHV-005283,CUST-000529,amount_deviation,0.597,|last30/prior90 - 1|,MEDIUM,own_history_12m,12 months,2026-10-01 00:00:00+00:00
BHV-005284,CUST-000529,unusual_timing,0.278,share 00-05 UTC,HIGH,own_history_12m,12 months,2026-10-01 00:00:00+00:00
BHV-005285,CUST-000529,unusual_location,0.0,share foreign-country tx,LOW,own_history_12m,12 months,2026-10-01 00:00:00+00:00
BHV-005286,CUST-000529,failed_transaction_rate,0.056,failed/all,LOW,own_history_12m,12 months,2026-10-01 00:00:00+00:00
BHV-005287,CUST-000529,spending_pattern_change,0.403,last30 avg / prior90 avg,MEDIUM,own_history_12m,12 months,2026-10-01 00:00:00+00:00
BHV-005288,CUST-000529,transaction_burst,0,bursts (4 tx/15 min),LOW,own_history_12m,12 months,2026-10-01 00:00:00+00:00
BHV-005289,CUST-000529,account_age,134,days,MEDIUM,own_history_12m,12 months,2026-10-01 00:00:00+00:00
BHV-005290,CUST-000529,recent_activity,126,days since last tx,HIGH,own_history_12m,12 months,2026-10-01 00:00:00+00:00
BHV-005291,CUST-000530,transaction_frequency,0.0521,tx/day,MEDIUM,own_history_12m,12 months,2026-10-01 00:00:00+00:00
BHV-005292,CUST-000530,transaction_velocity,1,max tx in 60 min,LOW,own_history_12m,12 months,2026-10-01 00:00:00+00:00
BHV-005293,CUST-000530,amount_deviation,3.542,|last30/prior90 - 1|,HIGH,own_history_12m,12 months,2026-10-01 00:00:00+00:00
BHV-005294,CUST-000530,unusual_timing,0.3,share 00-05 UTC,HIGH,own_history_12m,12 months,2026-10-01 00:00:00+00:00
BHV-005295,CUST-000530,unusual_location,0.0,share foreign-country tx,LOW,own_history_12m,12 months,2026-10-01 00:00:00+00:00
BHV-005296,CUST-000530,failed_transaction_rate,0.1,failed/all,MEDIUM,own_history_12m,12 months,2026-10-01 00:00:00+00:00
BHV-005297,CUST-000530,spending_pattern_change,4.542,last30 avg / prior90 avg,HIGH,own_history_12m,12 months,2026-10-01 00:00:00+00:00
BHV-005298,CUST-000530,transaction_burst,0,bursts (4 tx/15 min),LOW,own_history_12m,12 months,2026-10-01 00:00:00+00:00
BHV-005299,CUST-000530,account_age,192,days,LOW,own_history_12m,12 months,2026-10-01 00:00:00+00:00
BHV-005300,CUST-000530,recent_activity,127,days since last tx,HIGH,own_history_12m,12 months,2026-10-01 00:00:00+00:00
BHV-005301,CUST-000531,transaction_frequency,0.0087,tx/day,LOW,own_history_12m,12 months,2026-10-01 00:00:00+00:00
BHV-005302,CUST-000531,transaction_velocity,1,max tx in 60 min,LOW,own_history_12m,12 months,2026-10-01 00:00:00+00:00
BHV-005303,CUST-000531,amount_deviation,0,|last30/prior90 - 1|,LOW,own_history_12m,12 months,2026-10-01 00:00:00+00:00
BHV-005304,CUST-000531,unusual_timing,0.0,share 00-05 UTC,LOW,own_history_12m,12 months,2026-10-01 00:00:00+00:00
BHV-005305,CUST-000531,unusual_location,0.0,share foreign-country tx,LOW,own_history_12m,12 months,2026-10-01 00:00:00+00:00
BHV-005306,CUST-000531,failed_transaction_rate,0.0,failed/all,LOW,own_history_12m,12 months,2026-10-01 00:00:00+00:00
BHV-005307,CUST-000531,spending_pattern_change,,last30 avg / prior90 avg,LOW,own_history_12m,12 months,2026-10-01 00:00:00+00:00
BHV-005308,CUST-000531,transaction_burst,0,bursts (4 tx/15 min),LOW,own_history_12m,12 months,2026-10-01 00:00:00+00:00
BHV-005309,CUST-000531,account_age,231,days,LOW,own_history_12m,12 months,2026-10-01 00:00:00+00:00
BHV-005310,CUST-000531,recent_activity,92,days since last tx,HIGH,own_history_12m,12 months,2026-10-01 00:00:00+00:00
BHV-005311,CUST-000532,transaction_frequency,0.1011,tx/day,MEDIUM,own_history_12m,12 months,2026-10-01 00:00:00+00:00
BHV-005312,CUST-000532,transaction_velocity,1,max tx in 60 min,LOW,own_history_12m,12 months,2026-10-01 00:00:00+00:00
BHV-005313,CUST-000532,amount_deviation,0.668,|last30/prior90 - 1|,MEDIUM,own_history_12m,12 months,2026-10-01 00:00:00+00:00
BHV-005314,CUST-000532,unusual_timing,0.167,share 00-05 UTC,MEDIUM,own_history_12m,12 months,2026-10-01 00:00:00+00:00
BHV-005315,CUST-000532,unusual_location,0.0,share foreign-country tx,LOW,own_history_12m,12 months,2026-10-01 00:00:00+00:00
BHV-005316,CUST-000532,failed_transaction_rate,0.056,failed/all,LOW,own_history_12m,12 months,2026-10-01 00:00:00+00:00
BHV-005317,CUST-000532,spending_pattern_change,0.332,last30 avg / prior90 avg,MEDIUM,own_history_12m,12 months,2026-10-01 00:00:00+00:00
BHV-005318,CUST-000532,transaction_burst,0,bursts (4 tx/15 min),LOW,own_history_12m,12 months,2026-10-01 00:00:00+00:00
BHV-005319,CUST-000532,account_age,178,days,MEDIUM,own_history_12m,12 months,2026-10-01 00:00:00+00:00
BHV-005320,CUST-000532,recent_activity,178,days since last tx,HIGH,own_history_12m,12 months,2026-10-01 00:00:00+00:00
BHV-005321,CUST-000533,transaction_frequency,0.0069,tx/day,LOW,own_history_12m,12 months,2026-10-01 00:00:00+00:00
BHV-005322,CUST-000533,transaction_velocity,1,max tx in 60 min,LOW,own_history_12m,12 months,2026-10-01 00:00:00+00:00
BHV-005323,CUST-000533,amount_deviation,0,|last30/prior90 - 1|,LOW,own_history_12m,12 months,2026-10-01 00:00:00+00:00
BHV-005324,CUST-000533,unusual_timing,0.0,share 00-05 UTC,LOW,own_history_12m,12 months,2026-10-01 00:00:00+00:00
BHV-005325,CUST-000533,unusual_location,0.0,share foreign-country tx,LOW,own_history_12m,12 months,2026-10-01 00:00:00+00:00
BHV-005326,CUST-000533,failed_transaction_rate,0.0,failed/all,LOW,own_history_12m,12 months,2026-10-01 00:00:00+00:00
BHV-005327,CUST-000533,spending_pattern_change,,last30 avg / prior90 avg,LOW,own_history_12m,12 months,2026-10-01 00:00:00+00:00
BHV-005328,CUST-000533,transaction_burst,0,bursts (4 tx/15 min),LOW,own_history_12m,12 months,2026-10-01 00:00:00+00:00
BHV-005329,CUST-000533,account_age,288,days,LOW,own_history_12m,12 months,2026-10-01 00:00:00+00:00
BHV-005330,CUST-000533,recent_activity,162,days since last tx,HIGH,own_history_12m,12 months,2026-10-01 00:00:00+00:00
BHV-005331,CUST-000534,transaction_frequency,0.1705,tx/day,HIGH,own_history_12m,12 months,2026-10-01 00:00:00+00:00
BHV-005332,CUST-000534,transaction_velocity,1,max tx in 60 min,LOW,own_history_12m,12 months,2026-10-01 00:00:00+00:00
BHV-005333,CUST-000534,amount_deviation,0.749,|last30/prior90 - 1|,MEDIUM,own_history_12m,12 months,2026-10-01 00:00:00+00:00
BHV-005334,CUST-000534,unusual_timing,0.267,share 00-05 UTC,HIGH,own_history_12m,12 months,2026-10-01 00:00:00+00:00
BHV-005335,CUST-000534,unusual_location,0.0,share foreign-country tx,LOW,own_history_12m,12 months,2026-10-01 00:00:00+00:00
BHV-005336,CUST-000534,failed_transaction_rate,0.2,failed/all,MEDIUM,own_history_12m,12 months,2026-10-01 00:00:00+00:00
BHV-005337,CUST-000534,spending_pattern_change,0.251,last30 avg / prior90 avg,MEDIUM,own_history_12m,12 months,2026-10-01 00:00:00+00:00
BHV-005338,CUST-000534,transaction_burst,0,bursts (4 tx/15 min),LOW,own_history_12m,12 months,2026-10-01 00:00:00+00:00
BHV-005339,CUST-000534,account_age,88,days,MEDIUM,own_history_12m,12 months,2026-10-01 00:00:00+00:00
BHV-005340,CUST-000534,recent_activity,85,days since last tx,MEDIUM,own_history_12m,12 months,2026-10-01 00:00:00+00:00
BHV-005341,CUST-000535,transaction_frequency,0.0588,tx/day,MEDIUM,own_history_12m,12 months,2026-10-01 00:00:00+00:00
BHV-005342,CUST-000535,transaction_velocity,1,max tx in 60 min,LOW,own_history_12m,12 months,2026-10-01 00:00:00+00:00
BHV-005343,CUST-000535,amount_deviation,2.035,|last30/prior90 - 1|,HIGH,own_history_12m,12 months,2026-10-01 00:00:00+00:00
BHV-005344,CUST-000535,unusual_timing,0.824,share 00-05 UTC,HIGH,own_history_12m,12 months,2026-10-01 00:00:00+00:00
BHV-005345,CUST-000535,unusual_location,0.0,share foreign-country tx,LOW,own_history_12m,12 months,2026-10-01 00:00:00+00:00
BHV-005346,CUST-000535,failed_transaction_rate,0.176,failed/all,MEDIUM,own_history_12m,12 months,2026-10-01 00:00:00+00:00
BHV-005347,CUST-000535,spending_pattern_change,3.035,last30 avg / prior90 avg,HIGH,own_history_12m,12 months,2026-10-01 00:00:00+00:00
BHV-005348,CUST-000535,transaction_burst,0,bursts (4 tx/15 min),LOW,own_history_12m,12 months,2026-10-01 00:00:00+00:00
BHV-005349,CUST-000535,account_age,289,days,LOW,own_history_12m,12 months,2026-10-01 00:00:00+00:00
BHV-005350,CUST-000535,recent_activity,282,days since last tx,HIGH,own_history_12m,12 months,2026-10-01 00:00:00+00:00
BHV-005351,CUST-000536,transaction_frequency,0.0984,tx/day,MEDIUM,own_history_12m,12 months,2026-10-01 00:00:00+00:00
BHV-005352,CUST-000536,transaction_velocity,2,max tx in 60 min,MEDIUM,own_history_12m,12 months,2026-10-01 00:00:00+00:00
BHV-005353,CUST-000536,amount_deviation,0.483,|last30/prior90 - 1|,MEDIUM,own_history_12m,12 months,2026-10-01 00:00:00+00:00
BHV-005354,CUST-000536,unusual_timing,0.25,share 00-05 UTC,HIGH,own_history_12m,12 months,2026-10-01 00:00:00+00:00
BHV-005355,CUST-000536,unusual_location,0.0,share foreign-country tx,LOW,own_history_12m,12 months,2026-10-01 00:00:00+00:00
BHV-005356,CUST-000536,failed_transaction_rate,0.167,failed/all,MEDIUM,own_history_12m,12 months,2026-10-01 00:00:00+00:00
BHV-005357,CUST-000536,spending_pattern_change,1.483,last30 avg / prior90 avg,MEDIUM,own_history_12m,12 months,2026-10-01 00:00:00+00:00
BHV-005358,CUST-000536,transaction_burst,0,bursts (4 tx/15 min),LOW,own_history_12m,12 months,2026-10-01 00:00:00+00:00
BHV-005359,CUST-000536,account_age,244,days,LOW,own_history_12m,12 months,2026-10-01 00:00:00+00:00
BHV-005360,CUST-000536,recent_activity,240,days since last tx,HIGH,own_history_12m,12 months,2026-10-01 00:00:00+00:00
BHV-005361,CUST-000537,transaction_frequency,0.1705,tx/day,HIGH,own_history_12m,12 months,2026-10-01 00:00:00+00:00
BHV-005362,CUST-000537,transaction_velocity,1,max tx in 60 min,LOW,own_history_12m,12 months,2026-10-01 00:00:00+00:00
BHV-005363,CUST-000537,amount_deviation,0.756,|last30/prior90 - 1|,MEDIUM,own_history_12m,12 months,2026-10-01 00:00:00+00:00
BHV-005364,CUST-000537,unusual_timing,0.333,share 00-05 UTC,HIGH,own_history_12m,12 months,2026-10-01 00:00:00+00:00
BHV-005365,CUST-000537,unusual_location,0.0,share foreign-country tx,LOW,own_history_12m,12 months,2026-10-01 00:00:00+00:00
BHV-005366,CUST-000537,failed_transaction_rate,0.133,failed/all,MEDIUM,own_history_12m,12 months,2026-10-01 00:00:00+00:00
BHV-005367,CUST-000537,spending_pattern_change,0.244,last30 avg / prior90 avg,MEDIUM,own_history_12m,12 months,2026-10-01 00:00:00+00:00
BHV-005368,CUST-000537,transaction_burst,0,bursts (4 tx/15 min),LOW,own_history_12m,12 months,2026-10-01 00:00:00+00:00
BHV-005369,CUST-000537,account_age,88,days,MEDIUM,own_history_12m,12 months,2026-10-01 00:00:00+00:00
BHV-005370,CUST-000537,recent_activity,78,days since last tx,MEDIUM,own_history_12m,12 months,2026-10-01 00:00:00+00:00
BHV-005371,CUST-000538,transaction_frequency,0.0826,tx/day,MEDIUM,own_history_12m,12 months,2026-10-01 00:00:00+00:00
BHV-005372,CUST-000538,transaction_velocity,1,max tx in 60 min,LOW,own_history_12m,12 months,2026-10-01 00:00:00+00:00
BHV-005373,CUST-000538,amount_deviation,0.17,|last30/prior90 - 1|,LOW,own_history_12m,12 months,2026-10-01 00:00:00+00:00
BHV-005374,CUST-000538,unusual_timing,0.2,share 00-05 UTC,MEDIUM,own_history_12m,12 months,2026-10-01 00:00:00+00:00
BHV-005375,CUST-000538,unusual_location,0.0,share foreign-country tx,LOW,own_history_12m,12 months,2026-10-01 00:00:00+00:00
BHV-005376,CUST-000538,failed_transaction_rate,0.2,failed/all,MEDIUM,own_history_12m,12 months,2026-10-01 00:00:00+00:00
BHV-005377,CUST-000538,spending_pattern_change,1.17,last30 avg / prior90 avg,LOW,own_history_12m,12 months,2026-10-01 00:00:00+00:00
BHV-005378,CUST-000538,transaction_burst,0,bursts (4 tx/15 min),LOW,own_history_12m,12 months,2026-10-01 00:00:00+00:00
BHV-005379,CUST-000538,account_age,121,days,MEDIUM,own_history_12m,12 months,2026-10-01 00:00:00+00:00
BHV-005380,CUST-000538,recent_activity,119,days since last tx,HIGH,own_history_12m,12 months,2026-10-01 00:00:00+00:00
BHV-005381,CUST-000539,transaction_frequency,0.018,tx/day,LOW,own_history_12m,12 months,2026-10-01 00:00:00+00:00
BHV-005382,CUST-000539,transaction_velocity,1,max tx in 60 min,LOW,own_history_12m,12 months,2026-10-01 00:00:00+00:00
BHV-005383,CUST-000539,amount_deviation,0,|last30/prior90 - 1|,LOW,own_history_12m,12 months,2026-10-01 00:00:00+00:00
BHV-005384,CUST-000539,unusual_timing,0.333,share 00-05 UTC,HIGH,own_history_12m,12 months,2026-10-01 00:00:00+00:00
BHV-005385,CUST-000539,unusual_location,0.0,share foreign-country tx,LOW,own_history_12m,12 months,2026-10-01 00:00:00+00:00
BHV-005386,CUST-000539,failed_transaction_rate,0.167,failed/all,MEDIUM,own_history_12m,12 months,2026-10-01 00:00:00+00:00
BHV-005387,CUST-000539,spending_pattern_change,,last30 avg / prior90 avg,LOW,own_history_12m,12 months,2026-10-01 00:00:00+00:00
BHV-005388,CUST-000539,transaction_burst,0,bursts (4 tx/15 min),LOW,own_history_12m,12 months,2026-10-01 00:00:00+00:00
BHV-005389,CUST-000539,account_age,334,days,LOW,own_history_12m,12 months,2026-10-01 00:00:00+00:00
BHV-005390,CUST-000539,recent_activity,288,days since last tx,HIGH,own_history_12m,12 months,2026-10-01 00:00:00+00:00
BHV-005391,CUST-000540,transaction_frequency,0.0426,tx/day,MEDIUM,own_history_12m,12 months,2026-10-01 00:00:00+00:00
BHV-005392,CUST-000540,transaction_velocity,1,max tx in 60 min,LOW,own_history_12m,12 months,2026-10-01 00:00:00+00:00
BHV-005393,CUST-000540,amount_deviation,0.402,|last30/prior90 - 1|,MEDIUM,own_history_12m,12 months,2026-10-01 00:00:00+00:00
BHV-005394,CUST-000540,unusual_timing,0.167,share 00-05 UTC,MEDIUM,own_history_12m,12 months,2026-10-01 00:00:00+00:00
BHV-005395,CUST-000540,unusual_location,0.0,share foreign-country tx,LOW,own_history_12m,12 months,2026-10-01 00:00:00+00:00
BHV-005396,CUST-000540,failed_transaction_rate,0.167,failed/all,MEDIUM,own_history_12m,12 months,2026-10-01 00:00:00+00:00
BHV-005397,CUST-000540,spending_pattern_change,0.598,last30 avg / prior90 avg,MEDIUM,own_history_12m,12 months,2026-10-01 00:00:00+00:00
BHV-005398,CUST-000540,transaction_burst,0,bursts (4 tx/15 min),LOW,own_history_12m,12 months,2026-10-01 00:00:00+00:00
BHV-005399,CUST-000540,account_age,141,days,MEDIUM,own_history_12m,12 months,2026-10-01 00:00:00+00:00
BHV-005400,CUST-000540,recent_activity,131,days since last tx,HIGH,own_history_12m,12 months,2026-10-01 00:00:00+00:00
BHV-005401,CUST-000541,transaction_frequency,0.1494,tx/day,MEDIUM,own_history_12m,12 months,2026-10-01 00:00:00+00:00
BHV-005402,CUST-000541,transaction_velocity,1,max tx in 60 min,LOW,own_history_12m,12 months,2026-10-01 00:00:00+00:00
BHV-005403,CUST-000541,amount_deviation,0.845,|last30/prior90 - 1|,HIGH,own_history_12m,12 months,2026-10-01 00:00:00+00:00
BHV-005404,CUST-000541,unusual_timing,0.286,share 00-05 UTC,HIGH,own_history_12m,12 months,2026-10-01 00:00:00+00:00
BHV-005405,CUST-000541,unusual_location,0.0,share foreign-country tx,LOW,own_history_12m,12 months,2026-10-01 00:00:00+00:00
BHV-005406,CUST-000541,failed_transaction_rate,0.061,failed/all,LOW,own_history_12m,12 months,2026-10-01 00:00:00+00:00
BHV-005407,CUST-000541,spending_pattern_change,0.155,last30 avg / prior90 avg,MEDIUM,own_history_12m,12 months,2026-10-01 00:00:00+00:00
BHV-005408,CUST-000541,transaction_burst,0,bursts (4 tx/15 min),LOW,own_history_12m,12 months,2026-10-01 00:00:00+00:00
BHV-005409,CUST-000541,account_age,328,days,LOW,own_history_12m,12 months,2026-10-01 00:00:00+00:00
BHV-005410,CUST-000541,recent_activity,308,days since last tx,HIGH,own_history_12m,12 months,2026-10-01 00:00:00+00:00
BHV-005411,CUST-000542,transaction_frequency,0.0617,tx/day,MEDIUM,own_history_12m,12 months,2026-10-01 00:00:00+00:00
BHV-005412,CUST-000542,transaction_velocity,1,max tx in 60 min,LOW,own_history_12m,12 months,2026-10-01 00:00:00+00:00
BHV-005413,CUST-000542,amount_deviation,0,|last30/prior90 - 1|,LOW,own_history_12m,12 months,2026-10-01 00:00:00+00:00
BHV-005414,CUST-000542,unusual_timing,0.368,share 00-05 UTC,HIGH,own_history_12m,12 months,2026-10-01 00:00:00+00:00
BHV-005415,CUST-000542,unusual_location,0.0,share foreign-country tx,LOW,own_history_12m,12 months,2026-10-01 00:00:00+00:00
BHV-005416,CUST-000542,failed_transaction_rate,0.211,failed/all,MEDIUM,own_history_12m,12 months,2026-10-01 00:00:00+00:00
BHV-005417,CUST-000542,spending_pattern_change,,last30 avg / prior90 avg,LOW,own_history_12m,12 months,2026-10-01 00:00:00+00:00
BHV-005418,CUST-000542,transaction_burst,0,bursts (4 tx/15 min),LOW,own_history_12m,12 months,2026-10-01 00:00:00+00:00
BHV-005419,CUST-000542,account_age,308,days,LOW,own_history_12m,12 months,2026-10-01 00:00:00+00:00
BHV-005420,CUST-000542,recent_activity,290,days since last tx,HIGH,own_history_12m,12 months,2026-10-01 00:00:00+00:00
BHV-005421,CUST-000543,transaction_frequency,0.1088,tx/day,MEDIUM,own_history_12m,12 months,2026-10-01 00:00:00+00:00
BHV-005422,CUST-000543,transaction_velocity,1,max tx in 60 min,LOW,own_history_12m,12 months,2026-10-01 00:00:00+00:00
BHV-005423,CUST-000543,amount_deviation,2.601,|last30/prior90 - 1|,HIGH,own_history_12m,12 months,2026-10-01 00:00:00+00:00
BHV-005424,CUST-000543,unusual_timing,0.381,share 00-05 UTC,HIGH,own_history_12m,12 months,2026-10-01 00:00:00+00:00
BHV-005425,CUST-000543,unusual_location,0.0,share foreign-country tx,LOW,own_history_12m,12 months,2026-10-01 00:00:00+00:00
BHV-005426,CUST-000543,failed_transaction_rate,0.048,failed/all,LOW,own_history_12m,12 months,2026-10-01 00:00:00+00:00
BHV-005427,CUST-000543,spending_pattern_change,3.601,last30 avg / prior90 avg,HIGH,own_history_12m,12 months,2026-10-01 00:00:00+00:00
BHV-005428,CUST-000543,transaction_burst,0,bursts (4 tx/15 min),LOW,own_history_12m,12 months,2026-10-01 00:00:00+00:00
BHV-005429,CUST-000543,account_age,193,days,LOW,own_history_12m,12 months,2026-10-01 00:00:00+00:00
BHV-005430,CUST-000543,recent_activity,184,days since last tx,HIGH,own_history_12m,12 months,2026-10-01 00:00:00+00:00
BHV-005431,CUST-000544,transaction_frequency,0.0478,tx/day,MEDIUM,own_history_12m,12 months,2026-10-01 00:00:00+00:00
BHV-005432,CUST-000544,transaction_velocity,1,max tx in 60 min,LOW,own_history_12m,12 months,2026-10-01 00:00:00+00:00
BHV-005433,CUST-000544,amount_deviation,0.326,|last30/prior90 - 1|,MEDIUM,own_history_12m,12 months,2026-10-01 00:00:00+00:00
BHV-005434,CUST-000544,unusual_timing,0.176,share 00-05 UTC,MEDIUM,own_history_12m,12 months,2026-10-01 00:00:00+00:00
BHV-005435,CUST-000544,unusual_location,0.0,share foreign-country tx,LOW,own_history_12m,12 months,2026-10-01 00:00:00+00:00
BHV-005436,CUST-000544,failed_transaction_rate,0.059,failed/all,LOW,own_history_12m,12 months,2026-10-01 00:00:00+00:00
BHV-005437,CUST-000544,spending_pattern_change,0.674,last30 avg / prior90 avg,LOW,own_history_12m,12 months,2026-10-01 00:00:00+00:00
BHV-005438,CUST-000544,transaction_burst,0,bursts (4 tx/15 min),LOW,own_history_12m,12 months,2026-10-01 00:00:00+00:00
BHV-005439,CUST-000544,account_age,356,days,LOW,own_history_12m,12 months,2026-10-01 00:00:00+00:00
BHV-005440,CUST-000544,recent_activity,234,days since last tx,HIGH,own_history_12m,12 months,2026-10-01 00:00:00+00:00
BHV-005441,CUST-000545,transaction_frequency,0.0595,tx/day,MEDIUM,own_history_12m,12 months,2026-10-01 00:00:00+00:00
BHV-005442,CUST-000545,transaction_velocity,1,max tx in 60 min,LOW,own_history_12m,12 months,2026-10-01 00:00:00+00:00
BHV-005443,CUST-000545,amount_deviation,2.079,|last30/prior90 - 1|,HIGH,own_history_12m,12 months,2026-10-01 00:00:00+00:00
BHV-005444,CUST-000545,unusual_timing,0.3,share 00-05 UTC,HIGH,own_history_12m,12 months,2026-10-01 00:00:00+00:00
BHV-005445,CUST-000545,unusual_location,0.0,share foreign-country tx,LOW,own_history_12m,12 months,2026-10-01 00:00:00+00:00
BHV-005446,CUST-000545,failed_transaction_rate,0.2,failed/all,MEDIUM,own_history_12m,12 months,2026-10-01 00:00:00+00:00
BHV-005447,CUST-000545,spending_pattern_change,3.079,last30 avg / prior90 avg,HIGH,own_history_12m,12 months,2026-10-01 00:00:00+00:00
BHV-005448,CUST-000545,transaction_burst,0,bursts (4 tx/15 min),LOW,own_history_12m,12 months,2026-10-01 00:00:00+00:00
BHV-005449,CUST-000545,account_age,168,days,MEDIUM,own_history_12m,12 months,2026-10-01 00:00:00+00:00
BHV-005450,CUST-000545,recent_activity,166,days since last tx,HIGH,own_history_12m,12 months,2026-10-01 00:00:00+00:00
BHV-005451,CUST-000546,transaction_frequency,0.0534,tx/day,MEDIUM,own_history_12m,12 months,2026-10-01 00:00:00+00:00
BHV-005452,CUST-000546,transaction_velocity,1,max tx in 60 min,LOW,own_history_12m,12 months,2026-10-01 00:00:00+00:00
BHV-005453,CUST-000546,amount_deviation,0.825,|last30/prior90 - 1|,HIGH,own_history_12m,12 months,2026-10-01 00:00:00+00:00
BHV-005454,CUST-000546,unusual_timing,0.316,share 00-05 UTC,HIGH,own_history_12m,12 months,2026-10-01 00:00:00+00:00
BHV-005455,CUST-000546,unusual_location,0.0,share foreign-country tx,LOW,own_history_12m,12 months,2026-10-01 00:00:00+00:00
BHV-005456,CUST-000546,failed_transaction_rate,0.158,failed/all,MEDIUM,own_history_12m,12 months,2026-10-01 00:00:00+00:00
BHV-005457,CUST-000546,spending_pattern_change,1.825,last30 avg / prior90 avg,MEDIUM,own_history_12m,12 months,2026-10-01 00:00:00+00:00
BHV-005458,CUST-000546,transaction_burst,0,bursts (4 tx/15 min),LOW,own_history_12m,12 months,2026-10-01 00:00:00+00:00
BHV-005459,CUST-000546,account_age,356,days,LOW,own_history_12m,12 months,2026-10-01 00:00:00+00:00
BHV-005460,CUST-000546,recent_activity,351,days since last tx,HIGH,own_history_12m,12 months,2026-10-01 00:00:00+00:00
BHV-005461,CUST-000547,transaction_frequency,0.0333,tx/day,MEDIUM,own_history_12m,12 months,2026-10-01 00:00:00+00:00
BHV-005462,CUST-000547,transaction_velocity,1,max tx in 60 min,LOW,own_history_12m,12 months,2026-10-01 00:00:00+00:00
BHV-005463,CUST-000547,amount_deviation,4.79,|last30/prior90 - 1|,HIGH,own_history_12m,12 months,2026-10-01 00:00:00+00:00
BHV-005464,CUST-000547,unusual_timing,0.455,share 00-05 UTC,HIGH,own_history_12m,12 months,2026-10-01 00:00:00+00:00
BHV-005465,CUST-000547,unusual_location,0.0,share foreign-country tx,LOW,own_history_12m,12 months,2026-10-01 00:00:00+00:00
BHV-005466,CUST-000547,failed_transaction_rate,0.0,failed/all,LOW,own_history_12m,12 months,2026-10-01 00:00:00+00:00
BHV-005467,CUST-000547,spending_pattern_change,5.79,last30 avg / prior90 avg,HIGH,own_history_12m,12 months,2026-10-01 00:00:00+00:00
BHV-005468,CUST-000547,transaction_burst,0,bursts (4 tx/15 min),LOW,own_history_12m,12 months,2026-10-01 00:00:00+00:00
BHV-005469,CUST-000547,account_age,330,days,LOW,own_history_12m,12 months,2026-10-01 00:00:00+00:00
BHV-005470,CUST-000547,recent_activity,324,days since last tx,HIGH,own_history_12m,12 months,2026-10-01 00:00:00+00:00
BHV-005471,CUST-000548,transaction_frequency,0.0552,tx/day,MEDIUM,own_history_12m,12 months,2026-10-01 00:00:00+00:00
BHV-005472,CUST-000548,transaction_velocity,1,max tx in 60 min,LOW,own_history_12m,12 months,2026-10-01 00:00:00+00:00
BHV-005473,CUST-000548,amount_deviation,0.443,|last30/prior90 - 1|,MEDIUM,own_history_12m,12 months,2026-10-01 00:00:00+00:00
BHV-005474,CUST-000548,unusual_timing,0.412,share 00-05 UTC,HIGH,own_history_12m,12 months,2026-10-01 00:00:00+00:00
BHV-005475,CUST-000548,unusual_location,0.0,share foreign-country tx,LOW,own_history_12m,12 months,2026-10-01 00:00:00+00:00
BHV-005476,CUST-000548,failed_transaction_rate,0.176,failed/all,MEDIUM,own_history_12m,12 months,2026-10-01 00:00:00+00:00
BHV-005477,CUST-000548,spending_pattern_change,0.557,last30 avg / prior90 avg,MEDIUM,own_history_12m,12 months,2026-10-01 00:00:00+00:00
BHV-005478,CUST-000548,transaction_burst,0,bursts (4 tx/15 min),LOW,own_history_12m,12 months,2026-10-01 00:00:00+00:00
BHV-005479,CUST-000548,account_age,308,days,LOW,own_history_12m,12 months,2026-10-01 00:00:00+00:00
BHV-005480,CUST-000548,recent_activity,282,days since last tx,HIGH,own_history_12m,12 months,2026-10-01 00:00:00+00:00
BHV-005481,CUST-000549,transaction_frequency,0.0359,tx/day,MEDIUM,own_history_12m,12 months,2026-10-01 00:00:00+00:00
BHV-005482,CUST-000549,transaction_velocity,1,max tx in 60 min,LOW,own_history_12m,12 months,2026-10-01 00:00:00+00:00
BHV-005483,CUST-000549,amount_deviation,0.13,|last30/prior90 - 1|,LOW,own_history_12m,12 months,2026-10-01 00:00:00+00:00
BHV-005484,CUST-000549,unusual_timing,0.167,share 00-05 UTC,MEDIUM,own_history_12m,12 months,2026-10-01 00:00:00+00:00
BHV-005485,CUST-000549,unusual_location,0.0,share foreign-country tx,LOW,own_history_12m,12 months,2026-10-01 00:00:00+00:00
BHV-005486,CUST-000549,failed_transaction_rate,0.0,failed/all,LOW,own_history_12m,12 months,2026-10-01 00:00:00+00:00
BHV-005487,CUST-000549,spending_pattern_change,0.87,last30 avg / prior90 avg,LOW,own_history_12m,12 months,2026-10-01 00:00:00+00:00
BHV-005488,CUST-000549,transaction_burst,0,bursts (4 tx/15 min),LOW,own_history_12m,12 months,2026-10-01 00:00:00+00:00
BHV-005489,CUST-000549,account_age,167,days,MEDIUM,own_history_12m,12 months,2026-10-01 00:00:00+00:00
BHV-005490,CUST-000549,recent_activity,147,days since last tx,HIGH,own_history_12m,12 months,2026-10-01 00:00:00+00:00
BHV-005491,CUST-000550,transaction_frequency,0.0115,tx/day,LOW,own_history_12m,12 months,2026-10-01 00:00:00+00:00
BHV-005492,CUST-000550,transaction_velocity,1,max tx in 60 min,LOW,own_history_12m,12 months,2026-10-01 00:00:00+00:00
BHV-005493,CUST-000550,amount_deviation,0,|last30/prior90 - 1|,LOW,own_history_12m,12 months,2026-10-01 00:00:00+00:00
BHV-005494,CUST-000550,unusual_timing,0.0,share 00-05 UTC,LOW,own_history_12m,12 months,2026-10-01 00:00:00+00:00
BHV-005495,CUST-000550,unusual_location,0.0,share foreign-country tx,LOW,own_history_12m,12 months,2026-10-01 00:00:00+00:00
BHV-005496,CUST-000550,failed_transaction_rate,0.333,failed/all,HIGH,own_history_12m,12 months,2026-10-01 00:00:00+00:00
BHV-005497,CUST-000550,spending_pattern_change,,last30 avg / prior90 avg,LOW,own_history_12m,12 months,2026-10-01 00:00:00+00:00
BHV-005498,CUST-000550,transaction_burst,0,bursts (4 tx/15 min),LOW,own_history_12m,12 months,2026-10-01 00:00:00+00:00
BHV-005499,CUST-000550,account_age,262,days,LOW,own_history_12m,12 months,2026-10-01 00:00:00+00:00
BHV-005500,CUST-000550,recent_activity,232,days since last tx,HIGH,own_history_12m,12 months,2026-10-01 00:00:00+00:00
BHV-005501,CUST-000551,transaction_frequency,0.0459,tx/day,MEDIUM,own_history_12m,12 months,2026-10-01 00:00:00+00:00
BHV-005502,CUST-000551,transaction_velocity,1,max tx in 60 min,LOW,own_history_12m,12 months,2026-10-01 00:00:00+00:00
BHV-005503,CUST-000551,amount_deviation,0,|last30/prior90 - 1|,LOW,own_history_12m,12 months,2026-10-01 00:00:00+00:00
BHV-005504,CUST-000551,unusual_timing,0.3,share 00-05 UTC,HIGH,own_history_12m,12 months,2026-10-01 00:00:00+00:00
BHV-005505,CUST-000551,unusual_location,0.0,share foreign-country tx,LOW,own_history_12m,12 months,2026-10-01 00:00:00+00:00
BHV-005506,CUST-000551,failed_transaction_rate,0.2,failed/all,MEDIUM,own_history_12m,12 months,2026-10-01 00:00:00+00:00
BHV-005507,CUST-000551,spending_pattern_change,,last30 avg / prior90 avg,LOW,own_history_12m,12 months,2026-10-01 00:00:00+00:00
BHV-005508,CUST-000551,transaction_burst,0,bursts (4 tx/15 min),LOW,own_history_12m,12 months,2026-10-01 00:00:00+00:00
BHV-005509,CUST-000551,account_age,218,days,LOW,own_history_12m,12 months,2026-10-01 00:00:00+00:00
BHV-005510,CUST-000551,recent_activity,208,days since last tx,HIGH,own_history_12m,12 months,2026-10-01 00:00:00+00:00
BHV-005511,CUST-000552,transaction_frequency,0.2028,tx/day,HIGH,own_history_12m,12 months,2026-10-01 00:00:00+00:00
BHV-005512,CUST-000552,transaction_velocity,1,max tx in 60 min,LOW,own_history_12m,12 months,2026-10-01 00:00:00+00:00
BHV-005513,CUST-000552,amount_deviation,0.035,|last30/prior90 - 1|,LOW,own_history_12m,12 months,2026-10-01 00:00:00+00:00
BHV-005514,CUST-000552,unusual_timing,0.207,share 00-05 UTC,MEDIUM,own_history_12m,12 months,2026-10-01 00:00:00+00:00
BHV-005515,CUST-000552,unusual_location,0.0,share foreign-country tx,LOW,own_history_12m,12 months,2026-10-01 00:00:00+00:00
BHV-005516,CUST-000552,failed_transaction_rate,0.103,failed/all,MEDIUM,own_history_12m,12 months,2026-10-01 00:00:00+00:00
BHV-005517,CUST-000552,spending_pattern_change,0.965,last30 avg / prior90 avg,LOW,own_history_12m,12 months,2026-10-01 00:00:00+00:00
BHV-005518,CUST-000552,transaction_burst,0,bursts (4 tx/15 min),LOW,own_history_12m,12 months,2026-10-01 00:00:00+00:00
BHV-005519,CUST-000552,account_age,143,days,MEDIUM,own_history_12m,12 months,2026-10-01 00:00:00+00:00
BHV-005520,CUST-000552,recent_activity,142,days since last tx,HIGH,own_history_12m,12 months,2026-10-01 00:00:00+00:00
BHV-005521,CUST-000553,transaction_frequency,0.0699,tx/day,MEDIUM,own_history_12m,12 months,2026-10-01 00:00:00+00:00
BHV-005522,CUST-000553,transaction_velocity,1,max tx in 60 min,LOW,own_history_12m,12 months,2026-10-01 00:00:00+00:00
BHV-005523,CUST-000553,amount_deviation,0.982,|last30/prior90 - 1|,HIGH,own_history_12m,12 months,2026-10-01 00:00:00+00:00
BHV-005524,CUST-000553,unusual_timing,0.231,share 00-05 UTC,MEDIUM,own_history_12m,12 months,2026-10-01 00:00:00+00:00
BHV-005525,CUST-000553,unusual_location,0.0,share foreign-country tx,LOW,own_history_12m,12 months,2026-10-01 00:00:00+00:00
BHV-005526,CUST-000553,failed_transaction_rate,0.154,failed/all,MEDIUM,own_history_12m,12 months,2026-10-01 00:00:00+00:00
BHV-005527,CUST-000553,spending_pattern_change,0.018,last30 avg / prior90 avg,MEDIUM,own_history_12m,12 months,2026-10-01 00:00:00+00:00
BHV-005528,CUST-000553,transaction_burst,0,bursts (4 tx/15 min),LOW,own_history_12m,12 months,2026-10-01 00:00:00+00:00
BHV-005529,CUST-000553,account_age,186,days,LOW,own_history_12m,12 months,2026-10-01 00:00:00+00:00
BHV-005530,CUST-000553,recent_activity,184,days since last tx,HIGH,own_history_12m,12 months,2026-10-01 00:00:00+00:00
BHV-005531,CUST-000554,transaction_frequency,0.1579,tx/day,HIGH,own_history_12m,12 months,2026-10-01 00:00:00+00:00
BHV-005532,CUST-000554,transaction_velocity,1,max tx in 60 min,LOW,own_history_12m,12 months,2026-10-01 00:00:00+00:00
BHV-005533,CUST-000554,amount_deviation,0.395,|last30/prior90 - 1|,MEDIUM,own_history_12m,12 months,2026-10-01 00:00:00+00:00
BHV-005534,CUST-000554,unusual_timing,0.222,share 00-05 UTC,MEDIUM,own_history_12m,12 months,2026-10-01 00:00:00+00:00
BHV-005535,CUST-000554,unusual_location,0.0,share foreign-country tx,LOW,own_history_12m,12 months,2026-10-01 00:00:00+00:00
BHV-005536,CUST-000554,failed_transaction_rate,0.148,failed/all,MEDIUM,own_history_12m,12 months,2026-10-01 00:00:00+00:00
BHV-005537,CUST-000554,spending_pattern_change,0.605,last30 avg / prior90 avg,LOW,own_history_12m,12 months,2026-10-01 00:00:00+00:00
BHV-005538,CUST-000554,transaction_burst,0,bursts (4 tx/15 min),LOW,own_history_12m,12 months,2026-10-01 00:00:00+00:00
BHV-005539,CUST-000554,account_age,171,days,MEDIUM,own_history_12m,12 months,2026-10-01 00:00:00+00:00
BHV-005540,CUST-000554,recent_activity,165,days since last tx,HIGH,own_history_12m,12 months,2026-10-01 00:00:00+00:00
BHV-005541,CUST-000555,transaction_frequency,0.022,tx/day,MEDIUM,own_history_12m,12 months,2026-10-01 00:00:00+00:00
BHV-005542,CUST-000555,transaction_velocity,1,max tx in 60 min,LOW,own_history_12m,12 months,2026-10-01 00:00:00+00:00
BHV-005543,CUST-000555,amount_deviation,0,|last30/prior90 - 1|,LOW,own_history_12m,12 months,2026-10-01 00:00:00+00:00
BHV-005544,CUST-000555,unusual_timing,0.0,share 00-05 UTC,LOW,own_history_12m,12 months,2026-10-01 00:00:00+00:00
BHV-005545,CUST-000555,unusual_location,0.0,share foreign-country tx,LOW,own_history_12m,12 months,2026-10-01 00:00:00+00:00
BHV-005546,CUST-000555,failed_transaction_rate,0.125,failed/all,MEDIUM,own_history_12m,12 months,2026-10-01 00:00:00+00:00
BHV-005547,CUST-000555,spending_pattern_change,,last30 avg / prior90 avg,LOW,own_history_12m,12 months,2026-10-01 00:00:00+00:00
BHV-005548,CUST-000555,transaction_burst,0,bursts (4 tx/15 min),LOW,own_history_12m,12 months,2026-10-01 00:00:00+00:00
BHV-005549,CUST-000555,account_age,363,days,LOW,own_history_12m,12 months,2026-10-01 00:00:00+00:00
BHV-005550,CUST-000555,recent_activity,344,days since last tx,HIGH,own_history_12m,12 months,2026-10-01 00:00:00+00:00
BHV-005551,CUST-000556,transaction_frequency,0.0618,tx/day,MEDIUM,own_history_12m,12 months,2026-10-01 00:00:00+00:00
BHV-005552,CUST-000556,transaction_velocity,1,max tx in 60 min,LOW,own_history_12m,12 months,2026-10-01 00:00:00+00:00
BHV-005553,CUST-000556,amount_deviation,0.138,|last30/prior90 - 1|,LOW,own_history_12m,12 months,2026-10-01 00:00:00+00:00
BHV-005554,CUST-000556,unusual_timing,0.227,share 00-05 UTC,MEDIUM,own_history_12m,12 months,2026-10-01 00:00:00+00:00
BHV-005555,CUST-000556,unusual_location,0.0,share foreign-country tx,LOW,own_history_12m,12 months,2026-10-01 00:00:00+00:00
BHV-005556,CUST-000556,failed_transaction_rate,0.091,failed/all,LOW,own_history_12m,12 months,2026-10-01 00:00:00+00:00
BHV-005557,CUST-000556,spending_pattern_change,1.138,last30 avg / prior90 avg,LOW,own_history_12m,12 months,2026-10-01 00:00:00+00:00
BHV-005558,CUST-000556,transaction_burst,0,bursts (4 tx/15 min),LOW,own_history_12m,12 months,2026-10-01 00:00:00+00:00
BHV-005559,CUST-000556,account_age,356,days,LOW,own_history_12m,12 months,2026-10-01 00:00:00+00:00
BHV-005560,CUST-000556,recent_activity,333,days since last tx,HIGH,own_history_12m,12 months,2026-10-01 00:00:00+00:00
BHV-005561,CUST-000557,transaction_frequency,0.1338,tx/day,MEDIUM,own_history_12m,12 months,2026-10-01 00:00:00+00:00
BHV-005562,CUST-000557,transaction_velocity,1,max tx in 60 min,LOW,own_history_12m,12 months,2026-10-01 00:00:00+00:00
BHV-005563,CUST-000557,amount_deviation,0.099,|last30/prior90 - 1|,LOW,own_history_12m,12 months,2026-10-01 00:00:00+00:00
BHV-005564,CUST-000557,unusual_timing,0.381,share 00-05 UTC,HIGH,own_history_12m,12 months,2026-10-01 00:00:00+00:00
BHV-005565,CUST-000557,unusual_location,0.0,share foreign-country tx,LOW,own_history_12m,12 months,2026-10-01 00:00:00+00:00
BHV-005566,CUST-000557,failed_transaction_rate,0.095,failed/all,LOW,own_history_12m,12 months,2026-10-01 00:00:00+00:00
BHV-005567,CUST-000557,spending_pattern_change,1.099,last30 avg / prior90 avg,LOW,own_history_12m,12 months,2026-10-01 00:00:00+00:00
BHV-005568,CUST-000557,transaction_burst,0,bursts (4 tx/15 min),LOW,own_history_12m,12 months,2026-10-01 00:00:00+00:00
BHV-005569,CUST-000557,account_age,157,days,MEDIUM,own_history_12m,12 months,2026-10-01 00:00:00+00:00
BHV-005570,CUST-000557,recent_activity,151,days since last tx,HIGH,own_history_12m,12 months,2026-10-01 00:00:00+00:00
BHV-005571,CUST-000558,transaction_frequency,0.0717,tx/day,MEDIUM,own_history_12m,12 months,2026-10-01 00:00:00+00:00
BHV-005572,CUST-000558,transaction_velocity,1,max tx in 60 min,LOW,own_history_12m,12 months,2026-10-01 00:00:00+00:00
BHV-005573,CUST-000558,amount_deviation,0.6,|last30/prior90 - 1|,MEDIUM,own_history_12m,12 months,2026-10-01 00:00:00+00:00
BHV-005574,CUST-000558,unusual_timing,0.273,share 00-05 UTC,HIGH,own_history_12m,12 months,2026-10-01 00:00:00+00:00
BHV-005575,CUST-000558,unusual_location,0.0,share foreign-country tx,LOW,own_history_12m,12 months,2026-10-01 00:00:00+00:00
BHV-005576,CUST-000558,failed_transaction_rate,0.091,failed/all,LOW,own_history_12m,12 months,2026-10-01 00:00:00+00:00
BHV-005577,CUST-000558,spending_pattern_change,0.4,last30 avg / prior90 avg,MEDIUM,own_history_12m,12 months,2026-10-01 00:00:00+00:00
BHV-005578,CUST-000558,transaction_burst,0,bursts (4 tx/15 min),LOW,own_history_12m,12 months,2026-10-01 00:00:00+00:00
BHV-005579,CUST-000558,account_age,307,days,LOW,own_history_12m,12 months,2026-10-01 00:00:00+00:00
BHV-005580,CUST-000558,recent_activity,287,days since last tx,HIGH,own_history_12m,12 months,2026-10-01 00:00:00+00:00
BHV-005581,CUST-000559,transaction_frequency,0.12,tx/day,MEDIUM,own_history_12m,12 months,2026-10-01 00:00:00+00:00
BHV-005582,CUST-000559,transaction_velocity,1,max tx in 60 min,LOW,own_history_12m,12 months,2026-10-01 00:00:00+00:00
BHV-005583,CUST-000559,amount_deviation,0.394,|last30/prior90 - 1|,MEDIUM,own_history_12m,12 months,2026-10-01 00:00:00+00:00
BHV-005584,CUST-000559,unusual_timing,0.25,share 00-05 UTC,HIGH,own_history_12m,12 months,2026-10-01 00:00:00+00:00
BHV-005585,CUST-000559,unusual_location,0.0,share foreign-country tx,LOW,own_history_12m,12 months,2026-10-01 00:00:00+00:00
BHV-005586,CUST-000559,failed_transaction_rate,0.0,failed/all,LOW,own_history_12m,12 months,2026-10-01 00:00:00+00:00
BHV-005587,CUST-000559,spending_pattern_change,0.606,last30 avg / prior90 avg,LOW,own_history_12m,12 months,2026-10-01 00:00:00+00:00
BHV-005588,CUST-000559,transaction_burst,0,bursts (4 tx/15 min),LOW,own_history_12m,12 months,2026-10-01 00:00:00+00:00
BHV-005589,CUST-000559,account_age,100,days,MEDIUM,own_history_12m,12 months,2026-10-01 00:00:00+00:00
BHV-005590,CUST-000559,recent_activity,88,days since last tx,MEDIUM,own_history_12m,12 months,2026-10-01 00:00:00+00:00
BHV-005591,CUST-000560,transaction_frequency,0.099,tx/day,MEDIUM,own_history_12m,12 months,2026-10-01 00:00:00+00:00
BHV-005592,CUST-000560,transaction_velocity,1,max tx in 60 min,LOW,own_history_12m,12 months,2026-10-01 00:00:00+00:00
BHV-005593,CUST-000560,amount_deviation,4.129,|last30/prior90 - 1|,HIGH,own_history_12m,12 months,2026-10-01 00:00:00+00:00
BHV-005594,CUST-000560,unusual_timing,0.316,share 00-05 UTC,HIGH,own_history_12m,12 months,2026-10-01 00:00:00+00:00
BHV-005595,CUST-000560,unusual_location,0.0,share foreign-country tx,LOW,own_history_12m,12 months,2026-10-01 00:00:00+00:00
BHV-005596,CUST-000560,failed_transaction_rate,0.158,failed/all,MEDIUM,own_history_12m,12 months,2026-10-01 00:00:00+00:00
BHV-005597,CUST-000560,spending_pattern_change,5.129,last30 avg / prior90 avg,HIGH,own_history_12m,12 months,2026-10-01 00:00:00+00:00
BHV-005598,CUST-000560,transaction_burst,0,bursts (4 tx/15 min),LOW,own_history_12m,12 months,2026-10-01 00:00:00+00:00
BHV-005599,CUST-000560,account_age,192,days,LOW,own_history_12m,12 months,2026-10-01 00:00:00+00:00
BHV-005600,CUST-000560,recent_activity,187,days since last tx,HIGH,own_history_12m,12 months,2026-10-01 00:00:00+00:00
BHV-005601,CUST-000561,transaction_frequency,0.0309,tx/day,MEDIUM,own_history_12m,12 months,2026-10-01 00:00:00+00:00
BHV-005602,CUST-000561,transaction_velocity,1,max tx in 60 min,LOW,own_history_12m,12 months,2026-10-01 00:00:00+00:00
BHV-005603,CUST-000561,amount_deviation,0,|last30/prior90 - 1|,LOW,own_history_12m,12 months,2026-10-01 00:00:00+00:00
BHV-005604,CUST-000561,unusual_timing,0.222,share 00-05 UTC,MEDIUM,own_history_12m,12 months,2026-10-01 00:00:00+00:00
BHV-005605,CUST-000561,unusual_location,0.0,share foreign-country tx,LOW,own_history_12m,12 months,2026-10-01 00:00:00+00:00
BHV-005606,CUST-000561,failed_transaction_rate,0.111,failed/all,MEDIUM,own_history_12m,12 months,2026-10-01 00:00:00+00:00
BHV-005607,CUST-000561,spending_pattern_change,,last30 avg / prior90 avg,LOW,own_history_12m,12 months,2026-10-01 00:00:00+00:00
BHV-005608,CUST-000561,transaction_burst,0,bursts (4 tx/15 min),LOW,own_history_12m,12 months,2026-10-01 00:00:00+00:00
BHV-005609,CUST-000561,account_age,291,days,LOW,own_history_12m,12 months,2026-10-01 00:00:00+00:00
BHV-005610,CUST-000561,recent_activity,282,days since last tx,HIGH,own_history_12m,12 months,2026-10-01 00:00:00+00:00
BHV-005611,CUST-000562,transaction_frequency,0.0352,tx/day,MEDIUM,own_history_12m,12 months,2026-10-01 00:00:00+00:00
BHV-005612,CUST-000562,transaction_velocity,1,max tx in 60 min,LOW,own_history_12m,12 months,2026-10-01 00:00:00+00:00
BHV-005613,CUST-000562,amount_deviation,2.166,|last30/prior90 - 1|,HIGH,own_history_12m,12 months,2026-10-01 00:00:00+00:00
BHV-005614,CUST-000562,unusual_timing,0.3,share 00-05 UTC,HIGH,own_history_12m,12 months,2026-10-01 00:00:00+00:00
BHV-005615,CUST-000562,unusual_location,0.0,share foreign-country tx,LOW,own_history_12m,12 months,2026-10-01 00:00:00+00:00
BHV-005616,CUST-000562,failed_transaction_rate,0.3,failed/all,HIGH,own_history_12m,12 months,2026-10-01 00:00:00+00:00
BHV-005617,CUST-000562,spending_pattern_change,3.166,last30 avg / prior90 avg,HIGH,own_history_12m,12 months,2026-10-01 00:00:00+00:00
BHV-005618,CUST-000562,transaction_burst,0,bursts (4 tx/15 min),LOW,own_history_12m,12 months,2026-10-01 00:00:00+00:00
BHV-005619,CUST-000562,account_age,284,days,LOW,own_history_12m,12 months,2026-10-01 00:00:00+00:00
BHV-005620,CUST-000562,recent_activity,273,days since last tx,HIGH,own_history_12m,12 months,2026-10-01 00:00:00+00:00
BHV-005621,CUST-000563,transaction_frequency,0.3438,tx/day,HIGH,own_history_12m,12 months,2026-10-01 00:00:00+00:00
BHV-005622,CUST-000563,transaction_velocity,2,max tx in 60 min,MEDIUM,own_history_12m,12 months,2026-10-01 00:00:00+00:00
BHV-005623,CUST-000563,amount_deviation,0.046,|last30/prior90 - 1|,LOW,own_history_12m,12 months,2026-10-01 00:00:00+00:00
BHV-005624,CUST-000563,unusual_timing,0.273,share 00-05 UTC,HIGH,own_history_12m,12 months,2026-10-01 00:00:00+00:00
BHV-005625,CUST-000563,unusual_location,0.0,share foreign-country tx,LOW,own_history_12m,12 months,2026-10-01 00:00:00+00:00
BHV-005626,CUST-000563,failed_transaction_rate,0.227,failed/all,MEDIUM,own_history_12m,12 months,2026-10-01 00:00:00+00:00
BHV-005627,CUST-000563,spending_pattern_change,0.954,last30 avg / prior90 avg,LOW,own_history_12m,12 months,2026-10-01 00:00:00+00:00
BHV-005628,CUST-000563,transaction_burst,0,bursts (4 tx/15 min),LOW,own_history_12m,12 months,2026-10-01 00:00:00+00:00
BHV-005629,CUST-000563,account_age,64,days,MEDIUM,own_history_12m,12 months,2026-10-01 00:00:00+00:00
BHV-005630,CUST-000563,recent_activity,57,days since last tx,MEDIUM,own_history_12m,12 months,2026-10-01 00:00:00+00:00
BHV-005631,CUST-000564,transaction_frequency,0.0058,tx/day,LOW,own_history_12m,12 months,2026-10-01 00:00:00+00:00
BHV-005632,CUST-000564,transaction_velocity,1,max tx in 60 min,LOW,own_history_12m,12 months,2026-10-01 00:00:00+00:00
BHV-005633,CUST-000564,amount_deviation,0,|last30/prior90 - 1|,LOW,own_history_12m,12 months,2026-10-01 00:00:00+00:00
BHV-005634,CUST-000564,unusual_timing,0.0,share 00-05 UTC,LOW,own_history_12m,12 months,2026-10-01 00:00:00+00:00
BHV-005635,CUST-000564,unusual_location,0.0,share foreign-country tx,LOW,own_history_12m,12 months,2026-10-01 00:00:00+00:00
BHV-005636,CUST-000564,failed_transaction_rate,1.0,failed/all,HIGH,own_history_12m,12 months,2026-10-01 00:00:00+00:00
BHV-005637,CUST-000564,spending_pattern_change,,last30 avg / prior90 avg,LOW,own_history_12m,12 months,2026-10-01 00:00:00+00:00
BHV-005638,CUST-000564,transaction_burst,0,bursts (4 tx/15 min),LOW,own_history_12m,12 months,2026-10-01 00:00:00+00:00
BHV-005639,CUST-000564,account_age,342,days,LOW,own_history_12m,12 months,2026-10-01 00:00:00+00:00
BHV-005640,CUST-000564,recent_activity,102,days since last tx,HIGH,own_history_12m,12 months,2026-10-01 00:00:00+00:00
BHV-005641,CUST-000565,transaction_frequency,0.0887,tx/day,MEDIUM,own_history_12m,12 months,2026-10-01 00:00:00+00:00
BHV-005642,CUST-000565,transaction_velocity,1,max tx in 60 min,LOW,own_history_12m,12 months,2026-10-01 00:00:00+00:00
BHV-005643,CUST-000565,amount_deviation,0.869,|last30/prior90 - 1|,HIGH,own_history_12m,12 months,2026-10-01 00:00:00+00:00
BHV-005644,CUST-000565,unusual_timing,0.227,share 00-05 UTC,MEDIUM,own_history_12m,12 months,2026-10-01 00:00:00+00:00
BHV-005645,CUST-000565,unusual_location,0.0,share foreign-country tx,LOW,own_history_12m,12 months,2026-10-01 00:00:00+00:00
BHV-005646,CUST-000565,failed_transaction_rate,0.091,failed/all,LOW,own_history_12m,12 months,2026-10-01 00:00:00+00:00
BHV-005647,CUST-000565,spending_pattern_change,0.131,last30 avg / prior90 avg,MEDIUM,own_history_12m,12 months,2026-10-01 00:00:00+00:00
BHV-005648,CUST-000565,transaction_burst,0,bursts (4 tx/15 min),LOW,own_history_12m,12 months,2026-10-01 00:00:00+00:00
BHV-005649,CUST-000565,account_age,248,days,LOW,own_history_12m,12 months,2026-10-01 00:00:00+00:00
BHV-005650,CUST-000565,recent_activity,241,days since last tx,HIGH,own_history_12m,12 months,2026-10-01 00:00:00+00:00
BHV-005651,CUST-000566,transaction_frequency,0.1654,tx/day,HIGH,own_history_12m,12 months,2026-10-01 00:00:00+00:00
BHV-005652,CUST-000566,transaction_velocity,1,max tx in 60 min,LOW,own_history_12m,12 months,2026-10-01 00:00:00+00:00
BHV-005653,CUST-000566,amount_deviation,0.089,|last30/prior90 - 1|,LOW,own_history_12m,12 months,2026-10-01 00:00:00+00:00
BHV-005654,CUST-000566,unusual_timing,0.238,share 00-05 UTC,MEDIUM,own_history_12m,12 months,2026-10-01 00:00:00+00:00
BHV-005655,CUST-000566,unusual_location,0.0,share foreign-country tx,LOW,own_history_12m,12 months,2026-10-01 00:00:00+00:00
BHV-005656,CUST-000566,failed_transaction_rate,0.048,failed/all,LOW,own_history_12m,12 months,2026-10-01 00:00:00+00:00
BHV-005657,CUST-000566,spending_pattern_change,0.911,last30 avg / prior90 avg,LOW,own_history_12m,12 months,2026-10-01 00:00:00+00:00
BHV-005658,CUST-000566,transaction_burst,0,bursts (4 tx/15 min),LOW,own_history_12m,12 months,2026-10-01 00:00:00+00:00
BHV-005659,CUST-000566,account_age,127,days,MEDIUM,own_history_12m,12 months,2026-10-01 00:00:00+00:00
BHV-005660,CUST-000566,recent_activity,119,days since last tx,HIGH,own_history_12m,12 months,2026-10-01 00:00:00+00:00
BHV-005661,CUST-000567,transaction_frequency,0.0856,tx/day,MEDIUM,own_history_12m,12 months,2026-10-01 00:00:00+00:00
BHV-005662,CUST-000567,transaction_velocity,1,max tx in 60 min,LOW,own_history_12m,12 months,2026-10-01 00:00:00+00:00
BHV-005663,CUST-000567,amount_deviation,0.409,|last30/prior90 - 1|,MEDIUM,own_history_12m,12 months,2026-10-01 00:00:00+00:00
BHV-005664,CUST-000567,unusual_timing,0.182,share 00-05 UTC,MEDIUM,own_history_12m,12 months,2026-10-01 00:00:00+00:00
BHV-005665,CUST-000567,unusual_location,0.0,share foreign-country tx,LOW,own_history_12m,12 months,2026-10-01 00:00:00+00:00
BHV-005666,CUST-000567,failed_transaction_rate,0.545,failed/all,HIGH,own_history_12m,12 months,2026-10-01 00:00:00+00:00
BHV-005667,CUST-000567,spending_pattern_change,0.591,last30 avg / prior90 avg,MEDIUM,own_history_12m,12 months,2026-10-01 00:00:00+00:00
BHV-005668,CUST-000567,transaction_burst,0,bursts (4 tx/15 min),LOW,own_history_12m,12 months,2026-10-01 00:00:00+00:00
BHV-005669,CUST-000567,account_age,257,days,LOW,own_history_12m,12 months,2026-10-01 00:00:00+00:00
BHV-005670,CUST-000567,recent_activity,255,days since last tx,HIGH,own_history_12m,12 months,2026-10-01 00:00:00+00:00
BHV-005671,CUST-000568,transaction_frequency,0.0569,tx/day,MEDIUM,own_history_12m,12 months,2026-10-01 00:00:00+00:00
BHV-005672,CUST-000568,transaction_velocity,1,max tx in 60 min,LOW,own_history_12m,12 months,2026-10-01 00:00:00+00:00
BHV-005673,CUST-000568,amount_deviation,1.043,|last30/prior90 - 1|,HIGH,own_history_12m,12 months,2026-10-01 00:00:00+00:00
BHV-005674,CUST-000568,unusual_timing,0.143,share 00-05 UTC,MEDIUM,own_history_12m,12 months,2026-10-01 00:00:00+00:00
BHV-005675,CUST-000568,unusual_location,0.0,share foreign-country tx,LOW,own_history_12m,12 months,2026-10-01 00:00:00+00:00
BHV-005676,CUST-000568,failed_transaction_rate,0.143,failed/all,MEDIUM,own_history_12m,12 months,2026-10-01 00:00:00+00:00
BHV-005677,CUST-000568,spending_pattern_change,2.043,last30 avg / prior90 avg,HIGH,own_history_12m,12 months,2026-10-01 00:00:00+00:00
BHV-005678,CUST-000568,transaction_burst,0,bursts (4 tx/15 min),LOW,own_history_12m,12 months,2026-10-01 00:00:00+00:00
BHV-005679,CUST-000568,account_age,123,days,MEDIUM,own_history_12m,12 months,2026-10-01 00:00:00+00:00
BHV-005680,CUST-000568,recent_activity,113,days since last tx,HIGH,own_history_12m,12 months,2026-10-01 00:00:00+00:00
BHV-005681,CUST-000569,transaction_frequency,0.161,tx/day,HIGH,own_history_12m,12 months,2026-10-01 00:00:00+00:00
BHV-005682,CUST-000569,transaction_velocity,1,max tx in 60 min,LOW,own_history_12m,12 months,2026-10-01 00:00:00+00:00
BHV-005683,CUST-000569,amount_deviation,0.726,|last30/prior90 - 1|,MEDIUM,own_history_12m,12 months,2026-10-01 00:00:00+00:00
BHV-005684,CUST-000569,unusual_timing,0.895,share 00-05 UTC,HIGH,own_history_12m,12 months,2026-10-01 00:00:00+00:00
BHV-005685,CUST-000569,unusual_location,0.0,share foreign-country tx,LOW,own_history_12m,12 months,2026-10-01 00:00:00+00:00
BHV-005686,CUST-000569,failed_transaction_rate,0.105,failed/all,MEDIUM,own_history_12m,12 months,2026-10-01 00:00:00+00:00
BHV-005687,CUST-000569,spending_pattern_change,1.726,last30 avg / prior90 avg,MEDIUM,own_history_12m,12 months,2026-10-01 00:00:00+00:00
BHV-005688,CUST-000569,transaction_burst,0,bursts (4 tx/15 min),LOW,own_history_12m,12 months,2026-10-01 00:00:00+00:00
BHV-005689,CUST-000569,account_age,236,days,LOW,own_history_12m,12 months,2026-10-01 00:00:00+00:00
BHV-005690,CUST-000569,recent_activity,233,days since last tx,HIGH,own_history_12m,12 months,2026-10-01 00:00:00+00:00
BHV-005691,CUST-000570,transaction_frequency,0.0244,tx/day,MEDIUM,own_history_12m,12 months,2026-10-01 00:00:00+00:00
BHV-005692,CUST-000570,transaction_velocity,1,max tx in 60 min,LOW,own_history_12m,12 months,2026-10-01 00:00:00+00:00
BHV-005693,CUST-000570,amount_deviation,0.0,|last30/prior90 - 1|,LOW,own_history_12m,12 months,2026-10-01 00:00:00+00:00
BHV-005694,CUST-000570,unusual_timing,0.167,share 00-05 UTC,MEDIUM,own_history_12m,12 months,2026-10-01 00:00:00+00:00
BHV-005695,CUST-000570,unusual_location,0.0,share foreign-country tx,LOW,own_history_12m,12 months,2026-10-01 00:00:00+00:00
BHV-005696,CUST-000570,failed_transaction_rate,0.0,failed/all,LOW,own_history_12m,12 months,2026-10-01 00:00:00+00:00
BHV-005697,CUST-000570,spending_pattern_change,1.0,last30 avg / prior90 avg,LOW,own_history_12m,12 months,2026-10-01 00:00:00+00:00
BHV-005698,CUST-000570,transaction_burst,0,bursts (4 tx/15 min),LOW,own_history_12m,12 months,2026-10-01 00:00:00+00:00
BHV-005699,CUST-000570,account_age,246,days,LOW,own_history_12m,12 months,2026-10-01 00:00:00+00:00
BHV-005700,CUST-000570,recent_activity,194,days since last tx,HIGH,own_history_12m,12 months,2026-10-01 00:00:00+00:00
BHV-005701,CUST-000571,transaction_frequency,0.0802,tx/day,MEDIUM,own_history_12m,12 months,2026-10-01 00:00:00+00:00
BHV-005702,CUST-000571,transaction_velocity,1,max tx in 60 min,LOW,own_history_12m,12 months,2026-10-01 00:00:00+00:00
BHV-005703,CUST-000571,amount_deviation,0.907,|last30/prior90 - 1|,HIGH,own_history_12m,12 months,2026-10-01 00:00:00+00:00
BHV-005704,CUST-000571,unusual_timing,0.118,share 00-05 UTC,MEDIUM,own_history_12m,12 months,2026-10-01 00:00:00+00:00
BHV-005705,CUST-000571,unusual_location,0.0,share foreign-country tx,LOW,own_history_12m,12 months,2026-10-01 00:00:00+00:00
BHV-005706,CUST-000571,failed_transaction_rate,0.059,failed/all,LOW,own_history_12m,12 months,2026-10-01 00:00:00+00:00
BHV-005707,CUST-000571,spending_pattern_change,0.093,last30 avg / prior90 avg,MEDIUM,own_history_12m,12 months,2026-10-01 00:00:00+00:00
BHV-005708,CUST-000571,transaction_burst,0,bursts (4 tx/15 min),LOW,own_history_12m,12 months,2026-10-01 00:00:00+00:00
BHV-005709,CUST-000571,account_age,212,days,LOW,own_history_12m,12 months,2026-10-01 00:00:00+00:00
BHV-005710,CUST-000571,recent_activity,201,days since last tx,HIGH,own_history_12m,12 months,2026-10-01 00:00:00+00:00
BHV-005711,CUST-000572,transaction_frequency,0.0683,tx/day,MEDIUM,own_history_12m,12 months,2026-10-01 00:00:00+00:00
BHV-005712,CUST-000572,transaction_velocity,1,max tx in 60 min,LOW,own_history_12m,12 months,2026-10-01 00:00:00+00:00
BHV-005713,CUST-000572,amount_deviation,0.24,|last30/prior90 - 1|,LOW,own_history_12m,12 months,2026-10-01 00:00:00+00:00
BHV-005714,CUST-000572,unusual_timing,0.273,share 00-05 UTC,HIGH,own_history_12m,12 months,2026-10-01 00:00:00+00:00
BHV-005715,CUST-000572,unusual_location,0.0,share foreign-country tx,LOW,own_history_12m,12 months,2026-10-01 00:00:00+00:00
BHV-005716,CUST-000572,failed_transaction_rate,0.045,failed/all,LOW,own_history_12m,12 months,2026-10-01 00:00:00+00:00
BHV-005717,CUST-000572,spending_pattern_change,0.76,last30 avg / prior90 avg,LOW,own_history_12m,12 months,2026-10-01 00:00:00+00:00
BHV-005718,CUST-000572,transaction_burst,0,bursts (4 tx/15 min),LOW,own_history_12m,12 months,2026-10-01 00:00:00+00:00
BHV-005719,CUST-000572,account_age,322,days,LOW,own_history_12m,12 months,2026-10-01 00:00:00+00:00
BHV-005720,CUST-000572,recent_activity,320,days since last tx,HIGH,own_history_12m,12 months,2026-10-01 00:00:00+00:00
BHV-005721,CUST-000573,transaction_frequency,0.0496,tx/day,MEDIUM,own_history_12m,12 months,2026-10-01 00:00:00+00:00
BHV-005722,CUST-000573,transaction_velocity,1,max tx in 60 min,LOW,own_history_12m,12 months,2026-10-01 00:00:00+00:00
BHV-005723,CUST-000573,amount_deviation,7.857,|last30/prior90 - 1|,HIGH,own_history_12m,12 months,2026-10-01 00:00:00+00:00
BHV-005724,CUST-000573,unusual_timing,0.294,share 00-05 UTC,HIGH,own_history_12m,12 months,2026-10-01 00:00:00+00:00
BHV-005725,CUST-000573,unusual_location,0.0,share foreign-country tx,LOW,own_history_12m,12 months,2026-10-01 00:00:00+00:00
BHV-005726,CUST-000573,failed_transaction_rate,0.176,failed/all,MEDIUM,own_history_12m,12 months,2026-10-01 00:00:00+00:00
BHV-005727,CUST-000573,spending_pattern_change,8.857,last30 avg / prior90 avg,HIGH,own_history_12m,12 months,2026-10-01 00:00:00+00:00
BHV-005728,CUST-000573,transaction_burst,0,bursts (4 tx/15 min),LOW,own_history_12m,12 months,2026-10-01 00:00:00+00:00
BHV-005729,CUST-000573,account_age,343,days,LOW,own_history_12m,12 months,2026-10-01 00:00:00+00:00
BHV-005730,CUST-000573,recent_activity,307,days since last tx,HIGH,own_history_12m,12 months,2026-10-01 00:00:00+00:00
BHV-005731,CUST-000574,transaction_frequency,0.1045,tx/day,MEDIUM,own_history_12m,12 months,2026-10-01 00:00:00+00:00
BHV-005732,CUST-000574,transaction_velocity,1,max tx in 60 min,LOW,own_history_12m,12 months,2026-10-01 00:00:00+00:00
BHV-005733,CUST-000574,amount_deviation,2.617,|last30/prior90 - 1|,HIGH,own_history_12m,12 months,2026-10-01 00:00:00+00:00
BHV-005734,CUST-000574,unusual_timing,0.826,share 00-05 UTC,HIGH,own_history_12m,12 months,2026-10-01 00:00:00+00:00
BHV-005735,CUST-000574,unusual_location,0.0,share foreign-country tx,LOW,own_history_12m,12 months,2026-10-01 00:00:00+00:00
BHV-005736,CUST-000574,failed_transaction_rate,0.087,failed/all,LOW,own_history_12m,12 months,2026-10-01 00:00:00+00:00
BHV-005737,CUST-000574,spending_pattern_change,3.617,last30 avg / prior90 avg,HIGH,own_history_12m,12 months,2026-10-01 00:00:00+00:00
BHV-005738,CUST-000574,transaction_burst,0,bursts (4 tx/15 min),LOW,own_history_12m,12 months,2026-10-01 00:00:00+00:00
BHV-005739,CUST-000574,account_age,220,days,LOW,own_history_12m,12 months,2026-10-01 00:00:00+00:00
BHV-005740,CUST-000574,recent_activity,218,days since last tx,HIGH,own_history_12m,12 months,2026-10-01 00:00:00+00:00
BHV-005741,CUST-000575,transaction_frequency,0.1266,tx/day,MEDIUM,own_history_12m,12 months,2026-10-01 00:00:00+00:00
BHV-005742,CUST-000575,transaction_velocity,1,max tx in 60 min,LOW,own_history_12m,12 months,2026-10-01 00:00:00+00:00
BHV-005743,CUST-000575,amount_deviation,0.774,|last30/prior90 - 1|,MEDIUM,own_history_12m,12 months,2026-10-01 00:00:00+00:00
BHV-005744,CUST-000575,unusual_timing,0.1,share 00-05 UTC,MEDIUM,own_history_12m,12 months,2026-10-01 00:00:00+00:00
BHV-005745,CUST-000575,unusual_location,0.0,share foreign-country tx,LOW,own_history_12m,12 months,2026-10-01 00:00:00+00:00
BHV-005746,CUST-000575,failed_transaction_rate,0.067,failed/all,LOW,own_history_12m,12 months,2026-10-01 00:00:00+00:00
BHV-005747,CUST-000575,spending_pattern_change,0.226,last30 avg / prior90 avg,MEDIUM,own_history_12m,12 months,2026-10-01 00:00:00+00:00
BHV-005748,CUST-000575,transaction_burst,0,bursts (4 tx/15 min),LOW,own_history_12m,12 months,2026-10-01 00:00:00+00:00
BHV-005749,CUST-000575,account_age,237,days,LOW,own_history_12m,12 months,2026-10-01 00:00:00+00:00
BHV-005750,CUST-000575,recent_activity,233,days since last tx,HIGH,own_history_12m,12 months,2026-10-01 00:00:00+00:00
BHV-005751,CUST-000576,transaction_frequency,0.1016,tx/day,MEDIUM,own_history_12m,12 months,2026-10-01 00:00:00+00:00
BHV-005752,CUST-000576,transaction_velocity,1,max tx in 60 min,LOW,own_history_12m,12 months,2026-10-01 00:00:00+00:00
BHV-005753,CUST-000576,amount_deviation,0.934,|last30/prior90 - 1|,HIGH,own_history_12m,12 months,2026-10-01 00:00:00+00:00
BHV-005754,CUST-000576,unusual_timing,0.077,share 00-05 UTC,MEDIUM,own_history_12m,12 months,2026-10-01 00:00:00+00:00
BHV-005755,CUST-000576,unusual_location,0.0,share foreign-country tx,LOW,own_history_12m,12 months,2026-10-01 00:00:00+00:00
BHV-005756,CUST-000576,failed_transaction_rate,0.077,failed/all,LOW,own_history_12m,12 months,2026-10-01 00:00:00+00:00
BHV-005757,CUST-000576,spending_pattern_change,0.066,last30 avg / prior90 avg,MEDIUM,own_history_12m,12 months,2026-10-01 00:00:00+00:00
BHV-005758,CUST-000576,transaction_burst,0,bursts (4 tx/15 min),LOW,own_history_12m,12 months,2026-10-01 00:00:00+00:00
BHV-005759,CUST-000576,account_age,128,days,MEDIUM,own_history_12m,12 months,2026-10-01 00:00:00+00:00
BHV-005760,CUST-000576,recent_activity,125,days since last tx,HIGH,own_history_12m,12 months,2026-10-01 00:00:00+00:00
BHV-005761,CUST-000577,transaction_frequency,0.0616,tx/day,MEDIUM,own_history_12m,12 months,2026-10-01 00:00:00+00:00
BHV-005762,CUST-000577,transaction_velocity,1,max tx in 60 min,LOW,own_history_12m,12 months,2026-10-01 00:00:00+00:00
BHV-005763,CUST-000577,amount_deviation,0,|last30/prior90 - 1|,LOW,own_history_12m,12 months,2026-10-01 00:00:00+00:00
BHV-005764,CUST-000577,unusual_timing,0.231,share 00-05 UTC,MEDIUM,own_history_12m,12 months,2026-10-01 00:00:00+00:00
BHV-005765,CUST-000577,unusual_location,0.0,share foreign-country tx,LOW,own_history_12m,12 months,2026-10-01 00:00:00+00:00
BHV-005766,CUST-000577,failed_transaction_rate,0.154,failed/all,MEDIUM,own_history_12m,12 months,2026-10-01 00:00:00+00:00
BHV-005767,CUST-000577,spending_pattern_change,,last30 avg / prior90 avg,LOW,own_history_12m,12 months,2026-10-01 00:00:00+00:00
BHV-005768,CUST-000577,transaction_burst,0,bursts (4 tx/15 min),LOW,own_history_12m,12 months,2026-10-01 00:00:00+00:00
BHV-005769,CUST-000577,account_age,211,days,LOW,own_history_12m,12 months,2026-10-01 00:00:00+00:00
BHV-005770,CUST-000577,recent_activity,206,days since last tx,HIGH,own_history_12m,12 months,2026-10-01 00:00:00+00:00
BHV-005771,CUST-000578,transaction_frequency,0.0472,tx/day,MEDIUM,own_history_12m,12 months,2026-10-01 00:00:00+00:00
BHV-005772,CUST-000578,transaction_velocity,1,max tx in 60 min,LOW,own_history_12m,12 months,2026-10-01 00:00:00+00:00
BHV-005773,CUST-000578,amount_deviation,0.382,|last30/prior90 - 1|,MEDIUM,own_history_12m,12 months,2026-10-01 00:00:00+00:00
BHV-005774,CUST-000578,unusual_timing,0.353,share 00-05 UTC,HIGH,own_history_12m,12 months,2026-10-01 00:00:00+00:00
BHV-005775,CUST-000578,unusual_location,0.0,share foreign-country tx,LOW,own_history_12m,12 months,2026-10-01 00:00:00+00:00
BHV-005776,CUST-000578,failed_transaction_rate,0.059,failed/all,LOW,own_history_12m,12 months,2026-10-01 00:00:00+00:00
BHV-005777,CUST-000578,spending_pattern_change,0.618,last30 avg / prior90 avg,LOW,own_history_12m,12 months,2026-10-01 00:00:00+00:00
BHV-005778,CUST-000578,transaction_burst,0,bursts (4 tx/15 min),LOW,own_history_12m,12 months,2026-10-01 00:00:00+00:00
BHV-005779,CUST-000578,account_age,360,days,LOW,own_history_12m,12 months,2026-10-01 00:00:00+00:00
BHV-005780,CUST-000578,recent_activity,344,days since last tx,HIGH,own_history_12m,12 months,2026-10-01 00:00:00+00:00
BHV-005781,CUST-000579,transaction_frequency,0.0465,tx/day,MEDIUM,own_history_12m,12 months,2026-10-01 00:00:00+00:00
BHV-005782,CUST-000579,transaction_velocity,1,max tx in 60 min,LOW,own_history_12m,12 months,2026-10-01 00:00:00+00:00
BHV-005783,CUST-000579,amount_deviation,0,|last30/prior90 - 1|,LOW,own_history_12m,12 months,2026-10-01 00:00:00+00:00
BHV-005784,CUST-000579,unusual_timing,0.188,share 00-05 UTC,MEDIUM,own_history_12m,12 months,2026-10-01 00:00:00+00:00
BHV-005785,CUST-000579,unusual_location,0.0,share foreign-country tx,LOW,own_history_12m,12 months,2026-10-01 00:00:00+00:00
BHV-005786,CUST-000579,failed_transaction_rate,0.062,failed/all,LOW,own_history_12m,12 months,2026-10-01 00:00:00+00:00
BHV-005787,CUST-000579,spending_pattern_change,,last30 avg / prior90 avg,LOW,own_history_12m,12 months,2026-10-01 00:00:00+00:00
BHV-005788,CUST-000579,transaction_burst,0,bursts (4 tx/15 min),LOW,own_history_12m,12 months,2026-10-01 00:00:00+00:00
BHV-005789,CUST-000579,account_age,344,days,LOW,own_history_12m,12 months,2026-10-01 00:00:00+00:00
BHV-005790,CUST-000579,recent_activity,325,days since last tx,HIGH,own_history_12m,12 months,2026-10-01 00:00:00+00:00
BHV-005791,CUST-000580,transaction_frequency,0.0503,tx/day,MEDIUM,own_history_12m,12 months,2026-10-01 00:00:00+00:00
BHV-005792,CUST-000580,transaction_velocity,1,max tx in 60 min,LOW,own_history_12m,12 months,2026-10-01 00:00:00+00:00
BHV-005793,CUST-000580,amount_deviation,0,|last30/prior90 - 1|,LOW,own_history_12m,12 months,2026-10-01 00:00:00+00:00
BHV-005794,CUST-000580,unusual_timing,0.278,share 00-05 UTC,HIGH,own_history_12m,12 months,2026-10-01 00:00:00+00:00
BHV-005795,CUST-000580,unusual_location,0.0,share foreign-country tx,LOW,own_history_12m,12 months,2026-10-01 00:00:00+00:00
BHV-005796,CUST-000580,failed_transaction_rate,0.056,failed/all,LOW,own_history_12m,12 months,2026-10-01 00:00:00+00:00
BHV-005797,CUST-000580,spending_pattern_change,,last30 avg / prior90 avg,LOW,own_history_12m,12 months,2026-10-01 00:00:00+00:00
BHV-005798,CUST-000580,transaction_burst,0,bursts (4 tx/15 min),LOW,own_history_12m,12 months,2026-10-01 00:00:00+00:00
BHV-005799,CUST-000580,account_age,358,days,LOW,own_history_12m,12 months,2026-10-01 00:00:00+00:00
BHV-005800,CUST-000580,recent_activity,327,days since last tx,HIGH,own_history_12m,12 months,2026-10-01 00:00:00+00:00
BHV-005801,CUST-000581,transaction_frequency,0.0055,tx/day,LOW,own_history_12m,12 months,2026-10-01 00:00:00+00:00
BHV-005802,CUST-000581,transaction_velocity,1,max tx in 60 min,LOW,own_history_12m,12 months,2026-10-01 00:00:00+00:00
BHV-005803,CUST-000581,amount_deviation,0,|last30/prior90 - 1|,LOW,own_history_12m,12 months,2026-10-01 00:00:00+00:00
BHV-005804,CUST-000581,unusual_timing,0.0,share 00-05 UTC,LOW,own_history_12m,12 months,2026-10-01 00:00:00+00:00
BHV-005805,CUST-000581,unusual_location,0.0,share foreign-country tx,LOW,own_history_12m,12 months,2026-10-01 00:00:00+00:00
BHV-005806,CUST-000581,failed_transaction_rate,0.0,failed/all,LOW,own_history_12m,12 months,2026-10-01 00:00:00+00:00
BHV-005807,CUST-000581,spending_pattern_change,,last30 avg / prior90 avg,LOW,own_history_12m,12 months,2026-10-01 00:00:00+00:00
BHV-005808,CUST-000581,transaction_burst,0,bursts (4 tx/15 min),LOW,own_history_12m,12 months,2026-10-01 00:00:00+00:00
BHV-005809,CUST-000581,account_age,364,days,LOW,own_history_12m,12 months,2026-10-01 00:00:00+00:00
BHV-005810,CUST-000581,recent_activity,285,days since last tx,HIGH,own_history_12m,12 months,2026-10-01 00:00:00+00:00
BHV-005811,CUST-000582,transaction_frequency,0.2308,tx/day,HIGH,own_history_12m,12 months,2026-10-01 00:00:00+00:00
BHV-005812,CUST-000582,transaction_velocity,1,max tx in 60 min,LOW,own_history_12m,12 months,2026-10-01 00:00:00+00:00
BHV-005813,CUST-000582,amount_deviation,0.222,|last30/prior90 - 1|,LOW,own_history_12m,12 months,2026-10-01 00:00:00+00:00
BHV-005814,CUST-000582,unusual_timing,0.852,share 00-05 UTC,HIGH,own_history_12m,12 months,2026-10-01 00:00:00+00:00
BHV-005815,CUST-000582,unusual_location,0.0,share foreign-country tx,LOW,own_history_12m,12 months,2026-10-01 00:00:00+00:00
BHV-005816,CUST-000582,failed_transaction_rate,0.111,failed/all,MEDIUM,own_history_12m,12 months,2026-10-01 00:00:00+00:00
BHV-005817,CUST-000582,spending_pattern_change,1.222,last30 avg / prior90 avg,LOW,own_history_12m,12 months,2026-10-01 00:00:00+00:00
BHV-005818,CUST-000582,transaction_burst,0,bursts (4 tx/15 min),LOW,own_history_12m,12 months,2026-10-01 00:00:00+00:00
BHV-005819,CUST-000582,account_age,117,days,MEDIUM,own_history_12m,12 months,2026-10-01 00:00:00+00:00
BHV-005820,CUST-000582,recent_activity,115,days since last tx,HIGH,own_history_12m,12 months,2026-10-01 00:00:00+00:00
BHV-005821,CUST-000583,transaction_frequency,0.0209,tx/day,MEDIUM,own_history_12m,12 months,2026-10-01 00:00:00+00:00
BHV-005822,CUST-000583,transaction_velocity,1,max tx in 60 min,LOW,own_history_12m,12 months,2026-10-01 00:00:00+00:00
BHV-005823,CUST-000583,amount_deviation,0.0,|last30/prior90 - 1|,LOW,own_history_12m,12 months,2026-10-01 00:00:00+00:00
BHV-005824,CUST-000583,unusual_timing,0.429,share 00-05 UTC,HIGH,own_history_12m,12 months,2026-10-01 00:00:00+00:00
BHV-005825,CUST-000583,unusual_location,0.0,share foreign-country tx,LOW,own_history_12m,12 months,2026-10-01 00:00:00+00:00
BHV-005826,CUST-000583,failed_transaction_rate,0.286,failed/all,MEDIUM,own_history_12m,12 months,2026-10-01 00:00:00+00:00
BHV-005827,CUST-000583,spending_pattern_change,1.0,last30 avg / prior90 avg,LOW,own_history_12m,12 months,2026-10-01 00:00:00+00:00
BHV-005828,CUST-000583,transaction_burst,0,bursts (4 tx/15 min),LOW,own_history_12m,12 months,2026-10-01 00:00:00+00:00
BHV-005829,CUST-000583,account_age,335,days,LOW,own_history_12m,12 months,2026-10-01 00:00:00+00:00
BHV-005830,CUST-000583,recent_activity,287,days since last tx,HIGH,own_history_12m,12 months,2026-10-01 00:00:00+00:00
BHV-005831,CUST-000584,transaction_frequency,0.209,tx/day,HIGH,own_history_12m,12 months,2026-10-01 00:00:00+00:00
BHV-005832,CUST-000584,transaction_velocity,1,max tx in 60 min,LOW,own_history_12m,12 months,2026-10-01 00:00:00+00:00
BHV-005833,CUST-000584,amount_deviation,0.553,|last30/prior90 - 1|,MEDIUM,own_history_12m,12 months,2026-10-01 00:00:00+00:00
BHV-005834,CUST-000584,unusual_timing,0.071,share 00-05 UTC,MEDIUM,own_history_12m,12 months,2026-10-01 00:00:00+00:00
BHV-005835,CUST-000584,unusual_location,0.0,share foreign-country tx,LOW,own_history_12m,12 months,2026-10-01 00:00:00+00:00
BHV-005836,CUST-000584,failed_transaction_rate,0.143,failed/all,MEDIUM,own_history_12m,12 months,2026-10-01 00:00:00+00:00
BHV-005837,CUST-000584,spending_pattern_change,0.447,last30 avg / prior90 avg,MEDIUM,own_history_12m,12 months,2026-10-01 00:00:00+00:00
BHV-005838,CUST-000584,transaction_burst,0,bursts (4 tx/15 min),LOW,own_history_12m,12 months,2026-10-01 00:00:00+00:00
BHV-005839,CUST-000584,account_age,67,days,MEDIUM,own_history_12m,12 months,2026-10-01 00:00:00+00:00
BHV-005840,CUST-000584,recent_activity,55,days since last tx,MEDIUM,own_history_12m,12 months,2026-10-01 00:00:00+00:00
BHV-005841,CUST-000585,transaction_frequency,0.2157,tx/day,HIGH,own_history_12m,12 months,2026-10-01 00:00:00+00:00
BHV-005842,CUST-000585,transaction_velocity,2,max tx in 60 min,MEDIUM,own_history_12m,12 months,2026-10-01 00:00:00+00:00
BHV-005843,CUST-000585,amount_deviation,0.449,|last30/prior90 - 1|,MEDIUM,own_history_12m,12 months,2026-10-01 00:00:00+00:00
BHV-005844,CUST-000585,unusual_timing,0.242,share 00-05 UTC,MEDIUM,own_history_12m,12 months,2026-10-01 00:00:00+00:00
BHV-005845,CUST-000585,unusual_location,0.0,share foreign-country tx,LOW,own_history_12m,12 months,2026-10-01 00:00:00+00:00
BHV-005846,CUST-000585,failed_transaction_rate,0.061,failed/all,LOW,own_history_12m,12 months,2026-10-01 00:00:00+00:00
BHV-005847,CUST-000585,spending_pattern_change,0.551,last30 avg / prior90 avg,MEDIUM,own_history_12m,12 months,2026-10-01 00:00:00+00:00
BHV-005848,CUST-000585,transaction_burst,0,bursts (4 tx/15 min),LOW,own_history_12m,12 months,2026-10-01 00:00:00+00:00
BHV-005849,CUST-000585,account_age,153,days,MEDIUM,own_history_12m,12 months,2026-10-01 00:00:00+00:00
BHV-005850,CUST-000585,recent_activity,150,days since last tx,HIGH,own_history_12m,12 months,2026-10-01 00:00:00+00:00
BHV-005851,CUST-000586,transaction_frequency,0.0739,tx/day,MEDIUM,own_history_12m,12 months,2026-10-01 00:00:00+00:00
BHV-005852,CUST-000586,transaction_velocity,1,max tx in 60 min,LOW,own_history_12m,12 months,2026-10-01 00:00:00+00:00
BHV-005853,CUST-000586,amount_deviation,0.486,|last30/prior90 - 1|,MEDIUM,own_history_12m,12 months,2026-10-01 00:00:00+00:00
BHV-005854,CUST-000586,unusual_timing,0.211,share 00-05 UTC,MEDIUM,own_history_12m,12 months,2026-10-01 00:00:00+00:00
BHV-005855,CUST-000586,unusual_location,0.0,share foreign-country tx,LOW,own_history_12m,12 months,2026-10-01 00:00:00+00:00
BHV-005856,CUST-000586,failed_transaction_rate,0.053,failed/all,LOW,own_history_12m,12 months,2026-10-01 00:00:00+00:00
BHV-005857,CUST-000586,spending_pattern_change,0.514,last30 avg / prior90 avg,MEDIUM,own_history_12m,12 months,2026-10-01 00:00:00+00:00
BHV-005858,CUST-000586,transaction_burst,0,bursts (4 tx/15 min),LOW,own_history_12m,12 months,2026-10-01 00:00:00+00:00
BHV-005859,CUST-000586,account_age,257,days,LOW,own_history_12m,12 months,2026-10-01 00:00:00+00:00
BHV-005860,CUST-000586,recent_activity,256,days since last tx,HIGH,own_history_12m,12 months,2026-10-01 00:00:00+00:00
BHV-005861,CUST-000587,transaction_frequency,0.0663,tx/day,MEDIUM,own_history_12m,12 months,2026-10-01 00:00:00+00:00
BHV-005862,CUST-000587,transaction_velocity,1,max tx in 60 min,LOW,own_history_12m,12 months,2026-10-01 00:00:00+00:00
BHV-005863,CUST-000587,amount_deviation,0.859,|last30/prior90 - 1|,HIGH,own_history_12m,12 months,2026-10-01 00:00:00+00:00
BHV-005864,CUST-000587,unusual_timing,0.308,share 00-05 UTC,HIGH,own_history_12m,12 months,2026-10-01 00:00:00+00:00
BHV-005865,CUST-000587,unusual_location,0.0,share foreign-country tx,LOW,own_history_12m,12 months,2026-10-01 00:00:00+00:00
BHV-005866,CUST-000587,failed_transaction_rate,0.077,failed/all,LOW,own_history_12m,12 months,2026-10-01 00:00:00+00:00
BHV-005867,CUST-000587,spending_pattern_change,1.859,last30 avg / prior90 avg,MEDIUM,own_history_12m,12 months,2026-10-01 00:00:00+00:00
BHV-005868,CUST-000587,transaction_burst,0,bursts (4 tx/15 min),LOW,own_history_12m,12 months,2026-10-01 00:00:00+00:00
BHV-005869,CUST-000587,account_age,196,days,LOW,own_history_12m,12 months,2026-10-01 00:00:00+00:00
BHV-005870,CUST-000587,recent_activity,188,days since last tx,HIGH,own_history_12m,12 months,2026-10-01 00:00:00+00:00
BHV-005871,CUST-000588,transaction_frequency,0.083,tx/day,MEDIUM,own_history_12m,12 months,2026-10-01 00:00:00+00:00
BHV-005872,CUST-000588,transaction_velocity,1,max tx in 60 min,LOW,own_history_12m,12 months,2026-10-01 00:00:00+00:00
BHV-005873,CUST-000588,amount_deviation,3.316,|last30/prior90 - 1|,HIGH,own_history_12m,12 months,2026-10-01 00:00:00+00:00
BHV-005874,CUST-000588,unusual_timing,0.25,share 00-05 UTC,HIGH,own_history_12m,12 months,2026-10-01 00:00:00+00:00
BHV-005875,CUST-000588,unusual_location,0.0,share foreign-country tx,LOW,own_history_12m,12 months,2026-10-01 00:00:00+00:00
BHV-005876,CUST-000588,failed_transaction_rate,0.1,failed/all,MEDIUM,own_history_12m,12 months,2026-10-01 00:00:00+00:00
BHV-005877,CUST-000588,spending_pattern_change,4.316,last30 avg / prior90 avg,HIGH,own_history_12m,12 months,2026-10-01 00:00:00+00:00
BHV-005878,CUST-000588,transaction_burst,0,bursts (4 tx/15 min),LOW,own_history_12m,12 months,2026-10-01 00:00:00+00:00
BHV-005879,CUST-000588,account_age,241,days,LOW,own_history_12m,12 months,2026-10-01 00:00:00+00:00
BHV-005880,CUST-000588,recent_activity,237,days since last tx,HIGH,own_history_12m,12 months,2026-10-01 00:00:00+00:00
BHV-005881,CUST-000589,transaction_frequency,0.0531,tx/day,MEDIUM,own_history_12m,12 months,2026-10-01 00:00:00+00:00
BHV-005882,CUST-000589,transaction_velocity,1,max tx in 60 min,LOW,own_history_12m,12 months,2026-10-01 00:00:00+00:00
BHV-005883,CUST-000589,amount_deviation,0.033,|last30/prior90 - 1|,LOW,own_history_12m,12 months,2026-10-01 00:00:00+00:00
BHV-005884,CUST-000589,unusual_timing,0.278,share 00-05 UTC,HIGH,own_history_12m,12 months,2026-10-01 00:00:00+00:00
BHV-005885,CUST-000589,unusual_location,0.0,share foreign-country tx,LOW,own_history_12m,12 months,2026-10-01 00:00:00+00:00
BHV-005886,CUST-000589,failed_transaction_rate,0.111,failed/all,MEDIUM,own_history_12m,12 months,2026-10-01 00:00:00+00:00
BHV-005887,CUST-000589,spending_pattern_change,1.033,last30 avg / prior90 avg,LOW,own_history_12m,12 months,2026-10-01 00:00:00+00:00
BHV-005888,CUST-000589,transaction_burst,0,bursts (4 tx/15 min),LOW,own_history_12m,12 months,2026-10-01 00:00:00+00:00
BHV-005889,CUST-000589,account_age,339,days,LOW,own_history_12m,12 months,2026-10-01 00:00:00+00:00
BHV-005890,CUST-000589,recent_activity,317,days since last tx,HIGH,own_history_12m,12 months,2026-10-01 00:00:00+00:00
BHV-005891,CUST-000590,transaction_frequency,0.1562,tx/day,HIGH,own_history_12m,12 months,2026-10-01 00:00:00+00:00
BHV-005892,CUST-000590,transaction_velocity,1,max tx in 60 min,LOW,own_history_12m,12 months,2026-10-01 00:00:00+00:00
BHV-005893,CUST-000590,amount_deviation,0.01,|last30/prior90 - 1|,LOW,own_history_12m,12 months,2026-10-01 00:00:00+00:00
BHV-005894,CUST-000590,unusual_timing,0.44,share 00-05 UTC,HIGH,own_history_12m,12 months,2026-10-01 00:00:00+00:00
BHV-005895,CUST-000590,unusual_location,0.0,share foreign-country tx,LOW,own_history_12m,12 months,2026-10-01 00:00:00+00:00
BHV-005896,CUST-000590,failed_transaction_rate,0.12,failed/all,MEDIUM,own_history_12m,12 months,2026-10-01 00:00:00+00:00
BHV-005897,CUST-000590,spending_pattern_change,1.01,last30 avg / prior90 avg,LOW,own_history_12m,12 months,2026-10-01 00:00:00+00:00
BHV-005898,CUST-000590,transaction_burst,0,bursts (4 tx/15 min),LOW,own_history_12m,12 months,2026-10-01 00:00:00+00:00
BHV-005899,CUST-000590,account_age,160,days,MEDIUM,own_history_12m,12 months,2026-10-01 00:00:00+00:00
BHV-005900,CUST-000590,recent_activity,156,days since last tx,HIGH,own_history_12m,12 months,2026-10-01 00:00:00+00:00
BHV-005901,CUST-000591,transaction_frequency,0.0507,tx/day,MEDIUM,own_history_12m,12 months,2026-10-01 00:00:00+00:00
BHV-005902,CUST-000591,transaction_velocity,1,max tx in 60 min,LOW,own_history_12m,12 months,2026-10-01 00:00:00+00:00
BHV-005903,CUST-000591,amount_deviation,0.275,|last30/prior90 - 1|,LOW,own_history_12m,12 months,2026-10-01 00:00:00+00:00
BHV-005904,CUST-000591,unusual_timing,0.182,share 00-05 UTC,MEDIUM,own_history_12m,12 months,2026-10-01 00:00:00+00:00
BHV-005905,CUST-000591,unusual_location,0.0,share foreign-country tx,LOW,own_history_12m,12 months,2026-10-01 00:00:00+00:00
BHV-005906,CUST-000591,failed_transaction_rate,0.182,failed/all,MEDIUM,own_history_12m,12 months,2026-10-01 00:00:00+00:00
BHV-005907,CUST-000591,spending_pattern_change,1.275,last30 avg / prior90 avg,LOW,own_history_12m,12 months,2026-10-01 00:00:00+00:00
BHV-005908,CUST-000591,transaction_burst,0,bursts (4 tx/15 min),LOW,own_history_12m,12 months,2026-10-01 00:00:00+00:00
BHV-005909,CUST-000591,account_age,217,days,LOW,own_history_12m,12 months,2026-10-01 00:00:00+00:00
BHV-005910,CUST-000591,recent_activity,185,days since last tx,HIGH,own_history_12m,12 months,2026-10-01 00:00:00+00:00
BHV-005911,CUST-000592,transaction_frequency,0.0451,tx/day,MEDIUM,own_history_12m,12 months,2026-10-01 00:00:00+00:00
BHV-005912,CUST-000592,transaction_velocity,1,max tx in 60 min,LOW,own_history_12m,12 months,2026-10-01 00:00:00+00:00
BHV-005913,CUST-000592,amount_deviation,0.938,|last30/prior90 - 1|,HIGH,own_history_12m,12 months,2026-10-01 00:00:00+00:00
BHV-005914,CUST-000592,unusual_timing,0.167,share 00-05 UTC,MEDIUM,own_history_12m,12 months,2026-10-01 00:00:00+00:00
BHV-005915,CUST-000592,unusual_location,0.0,share foreign-country tx,LOW,own_history_12m,12 months,2026-10-01 00:00:00+00:00
BHV-005916,CUST-000592,failed_transaction_rate,0.583,failed/all,HIGH,own_history_12m,12 months,2026-10-01 00:00:00+00:00
BHV-005917,CUST-000592,spending_pattern_change,0.062,last30 avg / prior90 avg,MEDIUM,own_history_12m,12 months,2026-10-01 00:00:00+00:00
BHV-005918,CUST-000592,transaction_burst,0,bursts (4 tx/15 min),LOW,own_history_12m,12 months,2026-10-01 00:00:00+00:00
BHV-005919,CUST-000592,account_age,266,days,LOW,own_history_12m,12 months,2026-10-01 00:00:00+00:00
BHV-005920,CUST-000592,recent_activity,232,days since last tx,HIGH,own_history_12m,12 months,2026-10-01 00:00:00+00:00
BHV-005921,CUST-000593,transaction_frequency,0.1579,tx/day,HIGH,own_history_12m,12 months,2026-10-01 00:00:00+00:00
BHV-005922,CUST-000593,transaction_velocity,1,max tx in 60 min,LOW,own_history_12m,12 months,2026-10-01 00:00:00+00:00
BHV-005923,CUST-000593,amount_deviation,0.662,|last30/prior90 - 1|,MEDIUM,own_history_12m,12 months,2026-10-01 00:00:00+00:00
BHV-005924,CUST-000593,unusual_timing,0.267,share 00-05 UTC,HIGH,own_history_12m,12 months,2026-10-01 00:00:00+00:00
BHV-005925,CUST-000593,unusual_location,0.0,share foreign-country tx,LOW,own_history_12m,12 months,2026-10-01 00:00:00+00:00
BHV-005926,CUST-000593,failed_transaction_rate,0.133,failed/all,MEDIUM,own_history_12m,12 months,2026-10-01 00:00:00+00:00
BHV-005927,CUST-000593,spending_pattern_change,0.338,last30 avg / prior90 avg,MEDIUM,own_history_12m,12 months,2026-10-01 00:00:00+00:00
BHV-005928,CUST-000593,transaction_burst,0,bursts (4 tx/15 min),LOW,own_history_12m,12 months,2026-10-01 00:00:00+00:00
BHV-005929,CUST-000593,account_age,190,days,LOW,own_history_12m,12 months,2026-10-01 00:00:00+00:00
BHV-005930,CUST-000593,recent_activity,181,days since last tx,HIGH,own_history_12m,12 months,2026-10-01 00:00:00+00:00
BHV-005931,CUST-000594,transaction_frequency,0.2958,tx/day,HIGH,own_history_12m,12 months,2026-10-01 00:00:00+00:00
BHV-005932,CUST-000594,transaction_velocity,1,max tx in 60 min,LOW,own_history_12m,12 months,2026-10-01 00:00:00+00:00
BHV-005933,CUST-000594,amount_deviation,0.199,|last30/prior90 - 1|,LOW,own_history_12m,12 months,2026-10-01 00:00:00+00:00
BHV-005934,CUST-000594,unusual_timing,0.286,share 00-05 UTC,HIGH,own_history_12m,12 months,2026-10-01 00:00:00+00:00
BHV-005935,CUST-000594,unusual_location,0.0,share foreign-country tx,LOW,own_history_12m,12 months,2026-10-01 00:00:00+00:00
BHV-005936,CUST-000594,failed_transaction_rate,0.095,failed/all,LOW,own_history_12m,12 months,2026-10-01 00:00:00+00:00
BHV-005937,CUST-000594,spending_pattern_change,0.801,last30 avg / prior90 avg,LOW,own_history_12m,12 months,2026-10-01 00:00:00+00:00
BHV-005938,CUST-000594,transaction_burst,0,bursts (4 tx/15 min),LOW,own_history_12m,12 months,2026-10-01 00:00:00+00:00
BHV-005939,CUST-000594,account_age,71,days,MEDIUM,own_history_12m,12 months,2026-10-01 00:00:00+00:00
BHV-005940,CUST-000594,recent_activity,65,days since last tx,MEDIUM,own_history_12m,12 months,2026-10-01 00:00:00+00:00
BHV-005941,CUST-000595,transaction_frequency,0.0474,tx/day,MEDIUM,own_history_12m,12 months,2026-10-01 00:00:00+00:00
BHV-005942,CUST-000595,transaction_velocity,1,max tx in 60 min,LOW,own_history_12m,12 months,2026-10-01 00:00:00+00:00
BHV-005943,CUST-000595,amount_deviation,0.809,|last30/prior90 - 1|,HIGH,own_history_12m,12 months,2026-10-01 00:00:00+00:00
BHV-005944,CUST-000595,unusual_timing,0.167,share 00-05 UTC,MEDIUM,own_history_12m,12 months,2026-10-01 00:00:00+00:00
BHV-005945,CUST-000595,unusual_location,0.0,share foreign-country tx,LOW,own_history_12m,12 months,2026-10-01 00:00:00+00:00
BHV-005946,CUST-000595,failed_transaction_rate,0.0,failed/all,LOW,own_history_12m,12 months,2026-10-01 00:00:00+00:00
BHV-005947,CUST-000595,spending_pattern_change,0.191,last30 avg / prior90 avg,MEDIUM,own_history_12m,12 months,2026-10-01 00:00:00+00:00
BHV-005948,CUST-000595,transaction_burst,0,bursts (4 tx/15 min),LOW,own_history_12m,12 months,2026-10-01 00:00:00+00:00
BHV-005949,CUST-000595,account_age,253,days,LOW,own_history_12m,12 months,2026-10-01 00:00:00+00:00
BHV-005950,CUST-000595,recent_activity,234,days since last tx,HIGH,own_history_12m,12 months,2026-10-01 00:00:00+00:00
BHV-005951,CUST-000596,transaction_frequency,0.2268,tx/day,HIGH,own_history_12m,12 months,2026-10-01 00:00:00+00:00
BHV-005952,CUST-000596,transaction_velocity,1,max tx in 60 min,LOW,own_history_12m,12 months,2026-10-01 00:00:00+00:00
BHV-005953,CUST-000596,amount_deviation,0.447,|last30/prior90 - 1|,MEDIUM,own_history_12m,12 months,2026-10-01 00:00:00+00:00
BHV-005954,CUST-000596,unusual_timing,0.182,share 00-05 UTC,MEDIUM,own_history_12m,12 months,2026-10-01 00:00:00+00:00
BHV-005955,CUST-000596,unusual_location,0.0,share foreign-country tx,LOW,own_history_12m,12 months,2026-10-01 00:00:00+00:00
BHV-005956,CUST-000596,failed_transaction_rate,0.091,failed/all,LOW,own_history_12m,12 months,2026-10-01 00:00:00+00:00
BHV-005957,CUST-000596,spending_pattern_change,0.553,last30 avg / prior90 avg,MEDIUM,own_history_12m,12 months,2026-10-01 00:00:00+00:00
BHV-005958,CUST-000596,transaction_burst,0,bursts (4 tx/15 min),LOW,own_history_12m,12 months,2026-10-01 00:00:00+00:00
BHV-005959,CUST-000596,account_age,97,days,MEDIUM,own_history_12m,12 months,2026-10-01 00:00:00+00:00
BHV-005960,CUST-000596,recent_activity,91,days since last tx,HIGH,own_history_12m,12 months,2026-10-01 00:00:00+00:00
BHV-005961,CUST-000597,transaction_frequency,0.0588,tx/day,MEDIUM,own_history_12m,12 months,2026-10-01 00:00:00+00:00
BHV-005962,CUST-000597,transaction_velocity,1,max tx in 60 min,LOW,own_history_12m,12 months,2026-10-01 00:00:00+00:00
BHV-005963,CUST-000597,amount_deviation,0.872,|last30/prior90 - 1|,HIGH,own_history_12m,12 months,2026-10-01 00:00:00+00:00
BHV-005964,CUST-000597,unusual_timing,0.133,share 00-05 UTC,MEDIUM,own_history_12m,12 months,2026-10-01 00:00:00+00:00
BHV-005965,CUST-000597,unusual_location,0.0,share foreign-country tx,LOW,own_history_12m,12 months,2026-10-01 00:00:00+00:00
BHV-005966,CUST-000597,failed_transaction_rate,0.267,failed/all,MEDIUM,own_history_12m,12 months,2026-10-01 00:00:00+00:00
BHV-005967,CUST-000597,spending_pattern_change,0.128,last30 avg / prior90 avg,MEDIUM,own_history_12m,12 months,2026-10-01 00:00:00+00:00
BHV-005968,CUST-000597,transaction_burst,0,bursts (4 tx/15 min),LOW,own_history_12m,12 months,2026-10-01 00:00:00+00:00
BHV-005969,CUST-000597,account_age,255,days,LOW,own_history_12m,12 months,2026-10-01 00:00:00+00:00
BHV-005970,CUST-000597,recent_activity,252,days since last tx,HIGH,own_history_12m,12 months,2026-10-01 00:00:00+00:00
BHV-005971,CUST-000598,transaction_frequency,0.0906,tx/day,MEDIUM,own_history_12m,12 months,2026-10-01 00:00:00+00:00
BHV-005972,CUST-000598,transaction_velocity,1,max tx in 60 min,LOW,own_history_12m,12 months,2026-10-01 00:00:00+00:00
BHV-005973,CUST-000598,amount_deviation,0.143,|last30/prior90 - 1|,LOW,own_history_12m,12 months,2026-10-01 00:00:00+00:00
BHV-005974,CUST-000598,unusual_timing,0.345,share 00-05 UTC,HIGH,own_history_12m,12 months,2026-10-01 00:00:00+00:00
BHV-005975,CUST-000598,unusual_location,0.0,share foreign-country tx,LOW,own_history_12m,12 months,2026-10-01 00:00:00+00:00
BHV-005976,CUST-000598,failed_transaction_rate,0.172,failed/all,MEDIUM,own_history_12m,12 months,2026-10-01 00:00:00+00:00
BHV-005977,CUST-000598,spending_pattern_change,0.857,last30 avg / prior90 avg,LOW,own_history_12m,12 months,2026-10-01 00:00:00+00:00
BHV-005978,CUST-000598,transaction_burst,0,bursts (4 tx/15 min),LOW,own_history_12m,12 months,2026-10-01 00:00:00+00:00
BHV-005979,CUST-000598,account_age,320,days,LOW,own_history_12m,12 months,2026-10-01 00:00:00+00:00
BHV-005980,CUST-000598,recent_activity,318,days since last tx,HIGH,own_history_12m,12 months,2026-10-01 00:00:00+00:00
BHV-005981,CUST-000599,transaction_frequency,0.0402,tx/day,MEDIUM,own_history_12m,12 months,2026-10-01 00:00:00+00:00
BHV-005982,CUST-000599,transaction_velocity,1,max tx in 60 min,LOW,own_history_12m,12 months,2026-10-01 00:00:00+00:00
BHV-005983,CUST-000599,amount_deviation,0.914,|last30/prior90 - 1|,HIGH,own_history_12m,12 months,2026-10-01 00:00:00+00:00
BHV-005984,CUST-000599,unusual_timing,0.231,share 00-05 UTC,MEDIUM,own_history_12m,12 months,2026-10-01 00:00:00+00:00
BHV-005985,CUST-000599,unusual_location,0.0,share foreign-country tx,LOW,own_history_12m,12 months,2026-10-01 00:00:00+00:00
BHV-005986,CUST-000599,failed_transaction_rate,0.077,failed/all,LOW,own_history_12m,12 months,2026-10-01 00:00:00+00:00
BHV-005987,CUST-000599,spending_pattern_change,0.086,last30 avg / prior90 avg,MEDIUM,own_history_12m,12 months,2026-10-01 00:00:00+00:00
BHV-005988,CUST-000599,transaction_burst,0,bursts (4 tx/15 min),LOW,own_history_12m,12 months,2026-10-01 00:00:00+00:00
BHV-005989,CUST-000599,account_age,323,days,LOW,own_history_12m,12 months,2026-10-01 00:00:00+00:00
BHV-005990,CUST-000599,recent_activity,319,days since last tx,HIGH,own_history_12m,12 months,2026-10-01 00:00:00+00:00
BHV-005991,CUST-000600,transaction_frequency,0.0499,tx/day,MEDIUM,own_history_12m,12 months,2026-10-01 00:00:00+00:00
BHV-005992,CUST-000600,transaction_velocity,1,max tx in 60 min,LOW,own_history_12m,12 months,2026-10-01 00:00:00+00:00
BHV-005993,CUST-000600,amount_deviation,0.008,|last30/prior90 - 1|,LOW,own_history_12m,12 months,2026-10-01 00:00:00+00:00
BHV-005994,CUST-000600,unusual_timing,0.167,share 00-05 UTC,MEDIUM,own_history_12m,12 months,2026-10-01 00:00:00+00:00
BHV-005995,CUST-000600,unusual_location,0.0,share foreign-country tx,LOW,own_history_12m,12 months,2026-10-01 00:00:00+00:00
BHV-005996,CUST-000600,failed_transaction_rate,0.056,failed/all,LOW,own_history_12m,12 months,2026-10-01 00:00:00+00:00
BHV-005997,CUST-000600,spending_pattern_change,1.008,last30 avg / prior90 avg,LOW,own_history_12m,12 months,2026-10-01 00:00:00+00:00
BHV-005998,CUST-000600,transaction_burst,0,bursts (4 tx/15 min),LOW,own_history_12m,12 months,2026-10-01 00:00:00+00:00
BHV-005999,CUST-000600,account_age,361,days,LOW,own_history_12m,12 months,2026-10-01 00:00:00+00:00
BHV-006000,CUST-000600,recent_activity,345,days since last tx,HIGH,own_history_12m,12 months,2026-10-01 00:00:00+00:00
