recovery_id,transaction_id,recovery_required,recovery_reason,recovery_status,recovery_attempts,recovery_decision,recovery_result,verification_status,requested_amount,released_amount,currency,blocked_reason,provider,provider_reference,policy_version,risk_assessment_id,idempotency_key,created_at,completed_at,verified_at
RCV-000001,TXN-0000001,false,settlement confirmed without merchant confirmation,COMPLETED,0,MANUAL_REVIEW,RESOLVED_MANUALLY,REVIEWED,2252.42,,BDT,,,,autonomous-v1,RSA-0000001,d2b2236978812e77180c971409fc9a945d5cff071494cfa2c299d9dfd0b26206,2025-11-10 21:59:12+00:00,,
RCV-000002,TXN-0000020,true,single debit confirmation; settlement not confirmed,BLOCKED,0,NO_ACTION,NOT_EXECUTED,NOT_VERIFIED,9831.98,,BDT,amount above auto-release cap,,,autonomous-v1,RSA-0000020,35bb9f64875fce010074263fadf81bbc6d532e6279382d0e6a95300853540a7e,2026-09-02 13:48:47+00:00,2026-09-02 13:48:47+00:00,
RCV-000003,TXN-0000030,true,single debit confirmation; settlement not confirmed,BLOCKED,0,NO_ACTION,NOT_EXECUTED,NOT_VERIFIED,1022.78,,BDT,,,,autonomous-v1,RSA-0000030,ca20ab114768023963690e8aad7b31949737de62a75ada92fb6a667ee72a577c,2026-08-03 09:21:40+00:00,,
RCV-000004,TXN-0000032,true,single debit confirmation; settlement not confirmed,BLOCKED,0,NO_ACTION,NOT_EXECUTED,NOT_VERIFIED,392.68,,BDT,,,,autonomous-v1,RSA-0000032,c85880e38dba25c935886805e8bb851ce09df8475b17ee61162ef62d31877ac6,2026-08-28 03:29:48+00:00,,
RCV-000005,TXN-0000051,true,single debit confirmation; settlement not confirmed,COMPLETED,0,MANUAL_REVIEW,RESOLVED_MANUALLY,REVIEWED,797.8,,BDT,,,,autonomous-v1,RSA-0000051,3ef5bce3f64f87d5244bf51d84be7f89ccc9f24a35794ffdf66395879710b41a,2026-07-27 04:01:06+00:00,,
RCV-000006,TXN-0000089,false,insufficient payment evidence,BLOCKED,0,NO_ACTION,NOT_EXECUTED,NOT_VERIFIED,1259.5,,BDT,INSUFFICIENT_EVIDENCE,,,autonomous-v1,RSA-0000089,6e07c6ce48e64502dd367cb502f69c3f9f57ed996955c2487104a0db974491a3,2026-09-29 05:41:50+00:00,2026-09-29 05:41:50+00:00,
RCV-000007,TXN-0000093,true,single debit confirmation; settlement not confirmed,BLOCKED,0,NO_ACTION,NOT_EXECUTED,NOT_VERIFIED,1583.35,,BDT,policy block,,,autonomous-v1,RSA-0000093,fcd6f23fda9e1c9e136afe88afebc0b04ab1fa19d8987a1bb3f3139278944317,2026-04-18 01:14:49+00:00,2026-04-18 01:14:49+00:00,
RCV-000008,TXN-0000094,false,insufficient payment evidence,BLOCKED,0,NO_ACTION,NOT_EXECUTED,NOT_VERIFIED,4000.67,,BDT,INSUFFICIENT_EVIDENCE,,,autonomous-v1,RSA-0000094,04b835b578e75a2c16d5961d2a24b53c92e083bd975a3f91f61365220e4b4080,2026-05-13 13:51:01+00:00,2026-05-13 13:51:01+00:00,
RCV-000009,TXN-0000112,true,single debit confirmation; settlement not confirmed,COMPLETED,0,MANUAL_REVIEW,RESOLVED_MANUALLY,REVIEWED,598.81,,BDT,,,,autonomous-v1,RSA-0000112,d5d3f1b25dd713b7a496d5528b466817314cd07dfe1f8d93b4a70012eeffaf0f,2026-06-23 17:34:13+00:00,,
RCV-000010,TXN-0000117,true,single debit confirmation; settlement not confirmed,BLOCKED,0,NO_ACTION,NOT_EXECUTED,NOT_VERIFIED,3363.1,,BDT,amount above auto-release cap,,,autonomous-v1,RSA-0000117,3f7babedab3439efc6acd27c19b9e06790794f3d76d64becee247c6b668dba3b,2026-08-05 08:24:40+00:00,2026-08-05 08:24:40+00:00,
RCV-000011,TXN-0000125,true,single debit confirmation; settlement not confirmed,BLOCKED,0,NO_ACTION,NOT_EXECUTED,NOT_VERIFIED,2647.62,,BDT,amount above auto-release cap,,,autonomous-v1,RSA-0000125,99227e2f0e8ee421733a307b06ceb51cf444778fa04482e16d9da0a53b9e41f4,2026-08-30 13:41:40+00:00,2026-08-30 13:41:40+00:00,
RCV-000012,TXN-0000127,true,single debit confirmation; settlement not confirmed,BLOCKED,0,NO_ACTION,NOT_EXECUTED,NOT_VERIFIED,1335.71,,BDT,policy block,,,autonomous-v1,RSA-0000127,cd861a7562f044f87f2293273741b96c5e95f521bafa2d4ec3827812513f7409,2026-09-09 03:35:22+00:00,2026-09-09 03:35:22+00:00,
RCV-000013,TXN-0000134,false,provider reference shared with another transaction,BLOCKED,0,NO_ACTION,NOT_EXECUTED,NOT_VERIFIED,7668.65,,BDT,,,,autonomous-v1,RSA-0000134,ad014c4e41f6c7770b80fae27e4fc4afae1e3e76a432851dc346425987519829,2025-12-17 03:52:31+00:00,,
RCV-000014,TXN-0000167,false,settlement confirmed without merchant confirmation,PENDING,0,MANUAL_REVIEW,AWAITING_REVIEW,NOT_VERIFIED,1667.83,,BDT,,,,autonomous-v1,RSA-0000167,eee38119329e9bb7fe19614b0f1e0b085d1e797984b6c3025cf417b2df95adbd,2026-06-03 12:09:15+00:00,,
RCV-000015,TXN-0000172,true,single debit confirmation; settlement not confirmed,PENDING,0,MANUAL_REVIEW,AWAITING_REVIEW,NOT_VERIFIED,1494.28,,BDT,,,,autonomous-v1,RSA-0000172,599ea4f373453f9a19261300c9da2710e5d222ecb2666e6c6d0c8c1a1445ecda,2026-07-14 14:11:25+00:00,,
RCV-000016,TXN-0000188,true,single debit confirmation; settlement not confirmed,BLOCKED,0,NO_ACTION,NOT_EXECUTED,NOT_VERIFIED,22769.49,,BDT,amount above auto-release cap,,,autonomous-v1,RSA-0000188,74f29f10acd146bdbed005c18b6607d46c3d9c7a329b0653d51a93d789782393,2025-11-25 12:48:03+00:00,2025-11-25 12:48:03+00:00,
RCV-000017,TXN-0000194,false,settlement confirmed without merchant confirmation,PENDING,0,MANUAL_REVIEW,AWAITING_REVIEW,NOT_VERIFIED,20544.1,,BDT,,,,autonomous-v1,RSA-0000194,336004d3468657a5dc2f6b590894c07056e9ac4f6718407b4e233768bc0c29c3,2026-01-04 21:48:15+00:00,,
RCV-000018,TXN-0000198,true,single debit confirmation; settlement not confirmed,BLOCKED,0,NO_ACTION,NOT_EXECUTED,NOT_VERIFIED,12488.75,,BDT,amount above auto-release cap,,,autonomous-v1,RSA-0000198,c303e97f44c5fa8f97b788b8925df4c9d8d9c69a94420b3ba465d3cb0e8383e5,2026-01-21 18:05:30+00:00,2026-01-21 18:05:30+00:00,
RCV-000019,TXN-0000199,true,single debit confirmation; settlement not confirmed,BLOCKED,0,NO_ACTION,NOT_EXECUTED,NOT_VERIFIED,36074.68,,BDT,policy block,,,autonomous-v1,RSA-0000199,245035fb07a264a5c4643bb4589037ed4f73d0941355964256036d9343592c25,2026-01-21 23:58:53+00:00,2026-01-21 23:58:53+00:00,
RCV-000020,TXN-0000201,false,multiple customer debit confirmations,BLOCKED,0,NO_ACTION,NOT_EXECUTED,NOT_VERIFIED,45693.02,,BDT,DOUBLE_DEDUCTION,,,autonomous-v1,RSA-0000201,ef3efbc820a1c41a41caa093180332c253c0a4f6c9ce7a0167408f509d4d7fad,2026-01-31 07:51:33+00:00,2026-01-31 07:51:33+00:00,
RCV-000021,TXN-0000204,true,single debit confirmation; settlement not confirmed,BLOCKED,0,NO_ACTION,NOT_EXECUTED,NOT_VERIFIED,1631.67,,BDT,policy block,,,autonomous-v1,RSA-0000204,f020d97c37a4a742caf92d6c4ceca1bd7dac1d1e25d992aa64af4375ce54bfed,2026-03-20 12:04:02+00:00,2026-03-20 12:04:02+00:00,
RCV-000022,TXN-0000205,false,multiple customer debit confirmations,BLOCKED,0,NO_ACTION,NOT_EXECUTED,NOT_VERIFIED,4562.42,,BDT,DOUBLE_DEDUCTION,,,autonomous-v1,RSA-0000205,deff2f79706351ea7a6ca1df0350b528973a63bb12ae49b91f1f0ec1ef4eba18,2026-04-03 12:05:01+00:00,2026-04-03 12:05:01+00:00,
RCV-000023,TXN-0000210,false,multiple customer debit confirmations,BLOCKED,0,NO_ACTION,NOT_EXECUTED,NOT_VERIFIED,21594.91,,BDT,DOUBLE_DEDUCTION,,,autonomous-v1,RSA-0000210,705cc5928b199735b159dec4da8d1c0a5c192a0aef08be43960558ebf9cac8c1,2026-05-16 15:44:01+00:00,2026-05-16 15:44:01+00:00,
RCV-000024,TXN-0000213,true,single debit confirmation; settlement not confirmed,BLOCKED,0,NO_ACTION,NOT_EXECUTED,NOT_VERIFIED,84697.39,,BDT,amount above auto-release cap,,,autonomous-v1,RSA-0000213,86b084a868755afa7b162ed22aac673e3a63b70a314dfdfa0e03df0025363648,2026-06-04 20:18:27+00:00,2026-06-04 20:18:27+00:00,
RCV-000025,TXN-0000216,true,single debit confirmation; settlement not confirmed,BLOCKED,0,NO_ACTION,NOT_EXECUTED,NOT_VERIFIED,5443.81,,BDT,amount above auto-release cap,,,autonomous-v1,RSA-0000216,49d59543e50a11c87fa57a22a0a1a6e0a49a07eefde69d44c27ab3812bbaf682,2026-06-12 11:59:34+00:00,2026-06-12 11:59:34+00:00,
RCV-000026,TXN-0000219,true,single debit confirmation; settlement not confirmed,BLOCKED,0,NO_ACTION,NOT_EXECUTED,NOT_VERIFIED,26265.14,,BDT,amount above auto-release cap,,,autonomous-v1,RSA-0000219,af61ad4ee0fcffebe37633eb49a467bbeae17ac77d252aa41a1b425955edd37f,2026-06-29 14:51:35+00:00,2026-06-29 14:51:35+00:00,
RCV-000027,TXN-0000226,false,insufficient payment evidence,BLOCKED,0,NO_ACTION,NOT_EXECUTED,NOT_VERIFIED,8761.68,,BDT,INSUFFICIENT_EVIDENCE,,,autonomous-v1,RSA-0000226,d035a1ba48669879fed610f48a6a78efcaa36fa79fdf1bdc56b16e38806c74d0,2026-06-01 11:23:30+00:00,2026-06-01 11:23:30+00:00,
RCV-000028,TXN-0000230,true,single debit confirmation; settlement not confirmed,BLOCKED,0,NO_ACTION,NOT_EXECUTED,NOT_VERIFIED,365.72,,BDT,,,,autonomous-v1,RSA-0000230,a9c2d44a4578a9b0b6abec0fc37c6c4a486656ee39c056ff90cd07e0cae272b4,2026-08-27 14:23:14+00:00,,
RCV-000029,TXN-0000233,true,single debit confirmation; settlement not confirmed,BLOCKED,0,NO_ACTION,NOT_EXECUTED,NOT_VERIFIED,3119.39,,BDT,amount above auto-release cap,,,autonomous-v1,RSA-0000233,e96da4084d13e00571fb1486a1dd34084cac83e9464249a1a0bf58ddbb79d430,2026-06-09 13:04:49+00:00,2026-06-09 13:04:49+00:00,
RCV-000030,TXN-0000235,false,settlement confirmed without merchant confirmation,PENDING,0,MANUAL_REVIEW,AWAITING_REVIEW,NOT_VERIFIED,2453.56,,BDT,,,,autonomous-v1,RSA-0000235,6f19cb7ddb1eb548fdc3847bb1892e296bdae5aa8d4a7dba7ad21b664ac3f13b,2026-06-15 02:29:44+00:00,,
RCV-000031,TXN-0000252,true,single debit confirmation; settlement not confirmed,COMPLETED,0,MANUAL_REVIEW,RESOLVED_MANUALLY,REVIEWED,322.73,,BDT,,,,autonomous-v1,RSA-0000252,5ecce83b06128c391e5ac35f3cd41fcfa8d5cf74fd21d68c4743acf286dc9157,2026-04-19 20:19:20+00:00,,
RCV-000032,TXN-0000257,true,single debit confirmation; settlement not confirmed,BLOCKED,0,NO_ACTION,NOT_EXECUTED,NOT_VERIFIED,394.23,,BDT,policy block,,,autonomous-v1,RSA-0000257,3d9adafb4f351a87dda6c15c26b7890835ec949a29080e7b842da92853ebfbaa,2026-04-19 02:13:20+00:00,2026-04-19 02:13:20+00:00,
RCV-000033,TXN-0000266,false,multiple customer debit confirmations,BLOCKED,0,NO_ACTION,NOT_EXECUTED,NOT_VERIFIED,2824.31,,BDT,DOUBLE_DEDUCTION,,,autonomous-v1,RSA-0000266,25326aab1a3c951f6426701ec43d2f33968d5666e4ea25c35815619ec41709bc,2026-07-27 08:19:47+00:00,2026-07-27 08:19:47+00:00,
RCV-000034,TXN-0000298,true,single debit confirmation; settlement not confirmed,PENDING,0,MANUAL_REVIEW,AWAITING_REVIEW,NOT_VERIFIED,518.13,,BDT,,,,autonomous-v1,RSA-0000298,dc8dc4e0ef7850b181d99bc97a7fc02f445e70ecec883e817f08b52a41e2eb71,2026-08-02 00:48:36+00:00,,
RCV-000035,TXN-0000302,true,single debit confirmation; settlement not confirmed,BLOCKED,0,NO_ACTION,NOT_EXECUTED,NOT_VERIFIED,1621.89,,BDT,amount above auto-release cap,,,autonomous-v1,RSA-0000302,0d3313636a454845049cdf80f6cba9c840fe8e7a9a272dacceff827085174176,2026-09-04 05:47:41+00:00,2026-09-04 05:47:41+00:00,
RCV-000036,TXN-0000307,true,single debit confirmation; settlement not confirmed,BLOCKED,0,NO_ACTION,NOT_EXECUTED,NOT_VERIFIED,1035.78,,BDT,,,,autonomous-v1,RSA-0000307,4a5ad5a556c5b859afad3315d71feb813458e89d07fc32177e21d0c1cc5d39c6,2025-12-27 19:52:08+00:00,,
RCV-000037,TXN-0000308,false,insufficient payment evidence,BLOCKED,0,NO_ACTION,NOT_EXECUTED,NOT_VERIFIED,2184.36,,BDT,INSUFFICIENT_EVIDENCE,,,autonomous-v1,RSA-0000308,53845c0ae28894b0ddcf49e2d6223d881f1c497a5df6022bc349744093a6b4cb,2026-01-11 21:32:28+00:00,2026-01-11 21:32:28+00:00,
RCV-000038,TXN-0000319,true,single debit confirmation; settlement not confirmed,COMPLETED,0,MANUAL_REVIEW,RESOLVED_MANUALLY,REVIEWED,663.78,,BDT,,,,autonomous-v1,RSA-0000319,9a2d312c6ac5e2c58c4860cfb7b9cc24eb2594b408b04efb7ffe409f6323e846,2026-05-11 12:55:08+00:00,,
RCV-000039,TXN-0000325,true,single debit confirmation; settlement not confirmed,PENDING,0,MANUAL_REVIEW,AWAITING_REVIEW,NOT_VERIFIED,976.46,,BDT,,,,autonomous-v1,RSA-0000325,8cd4efbd535015e2bab1a59554deb988d398f0a513fc07d674fece101bd9f4f9,2026-07-31 12:27:01+00:00,,
RCV-000040,TXN-0000338,true,single debit confirmation; settlement not confirmed,BLOCKED,0,NO_ACTION,NOT_EXECUTED,NOT_VERIFIED,755.72,,BDT,,,,autonomous-v1,RSA-0000338,772e934c40fbd5ec27f232a186e9ba07341cec6b16c0a555dad191c4a8a4589c,2026-02-28 09:27:48+00:00,,
RCV-000041,TXN-0000348,true,single debit confirmation; settlement not confirmed,COMPLETED,0,MANUAL_REVIEW,RESOLVED_MANUALLY,REVIEWED,1224.59,,BDT,,,,autonomous-v1,RSA-0000348,145a59f369adfa8bd0832ebd157685dfa5d239671be3b438c74ed6b1907ec703,2026-06-18 01:06:50+00:00,,
RCV-000042,TXN-0000363,false,evidence contradicts reported failure,BLOCKED,0,NO_ACTION,NOT_EXECUTED,NOT_VERIFIED,1410.86,,BDT,,,,autonomous-v1,RSA-0000363,6278d36647bcc43927fc0f684770b092320f513f723ec2c2486bf53b71515593,2026-04-17 04:20:38+00:00,,
RCV-000043,TXN-0000382,true,single debit confirmation; settlement not confirmed,BLOCKED,0,NO_ACTION,NOT_EXECUTED,NOT_VERIFIED,13450.12,,BDT,amount above auto-release cap,,,autonomous-v1,RSA-0000382,aadbdb4ee856322cd3afe194600a9e9bdd022105b4f863eb97212163379bfd48,2026-06-26 17:23:55+00:00,2026-06-26 17:23:55+00:00,
RCV-000044,TXN-0000393,true,single debit confirmation; settlement not confirmed,BLOCKED,0,NO_ACTION,NOT_EXECUTED,NOT_VERIFIED,776.83,,BDT,policy block,,,autonomous-v1,RSA-0000393,d767ca6a2fb6f0b29b6363dc8379664eae2fa6ecd0b1ab1b07a4901082308080,2026-08-22 12:34:52+00:00,2026-08-22 12:34:52+00:00,
RCV-000045,TXN-0000394,true,single debit confirmation; settlement not confirmed,PENDING,0,MANUAL_REVIEW,AWAITING_REVIEW,NOT_VERIFIED,1117.99,,BDT,,,,autonomous-v1,RSA-0000394,db8ab661674cf8a58f7d94323fd3bf6d72ecb9a8fd0ceffd719ccce5fce78aef,2026-09-08 23:53:47+00:00,,
RCV-000046,TXN-0000413,true,single debit confirmation; settlement not confirmed,BLOCKED,0,NO_ACTION,NOT_EXECUTED,NOT_VERIFIED,4541.82,,BDT,amount above auto-release cap,,,autonomous-v1,RSA-0000413,a9b136bc81df4e47f9207606671e72356f94db1e3dfa06452c6cc87ff29c76c1,2026-06-25 05:32:36+00:00,2026-06-25 05:32:36+00:00,
RCV-000047,TXN-0000414,false,settlement confirmed without merchant confirmation,PENDING,0,MANUAL_REVIEW,AWAITING_REVIEW,NOT_VERIFIED,4669.09,,BDT,,,,autonomous-v1,RSA-0000414,26fe66d6485ff78c9220777d70d1608b6b08263e08d885ed015ceff11c68f1f2,2026-06-30 06:19:39+00:00,,
RCV-000048,TXN-0000415,true,single debit confirmation; settlement not confirmed,PENDING,0,MANUAL_REVIEW,AWAITING_REVIEW,NOT_VERIFIED,359.09,,BDT,,,,autonomous-v1,RSA-0000415,9ab15d8cb2d7fab1c2c77290c01ae7ec64fb8f6310b8e95eafab15204b2d7f91,2026-07-06 01:26:44+00:00,,
RCV-000049,TXN-0000417,true,single debit confirmation; settlement not confirmed,BLOCKED,0,NO_ACTION,NOT_EXECUTED,NOT_VERIFIED,1349.09,,BDT,,,,autonomous-v1,RSA-0000417,f20c769c0e20f37de9b8c1e4186b9aad170b191db3f524804011d853847ec7a3,2026-07-13 14:04:22+00:00,,
RCV-000050,TXN-0000420,false,multiple customer debit confirmations,BLOCKED,0,NO_ACTION,NOT_EXECUTED,NOT_VERIFIED,348.18,,BDT,DOUBLE_DEDUCTION,,,autonomous-v1,RSA-0000420,d8444e0b1ac97564c39ddc36ddb551ae8841910426ae99a4fcacea1e485ba3bd,2026-08-29 11:43:44+00:00,2026-08-29 11:43:44+00:00,
RCV-000051,TXN-0000424,true,single debit confirmation; settlement not confirmed,PENDING,0,MANUAL_REVIEW,AWAITING_REVIEW,NOT_VERIFIED,1177.27,,BDT,,,,autonomous-v1,RSA-0000424,545723893ff5c82b37b155dfd207174a118e60352516bf1c9928ad35a04fb05c,2026-09-28 04:50:05+00:00,,
RCV-000052,TXN-0000434,true,single debit confirmation; settlement not confirmed,BLOCKED,0,NO_ACTION,NOT_EXECUTED,NOT_VERIFIED,258.93,,BDT,policy block,,,autonomous-v1,RSA-0000434,35ae5db3699a9475e1b2548683451ed3c7e54cfcf07af41f1d6c5e3480fbe4f2,2026-08-25 13:31:31+00:00,2026-08-25 13:31:31+00:00,
RCV-000053,TXN-0000445,true,single debit confirmation; settlement not confirmed,BLOCKED,0,NO_ACTION,NOT_EXECUTED,NOT_VERIFIED,1677.42,,BDT,policy block,,,autonomous-v1,RSA-0000445,5c13739d3aeaa563af4f60d9e86a20bc55cfc6e7f857994b10fb4f4daf73a6fb,2026-06-27 13:47:11+00:00,2026-06-27 13:47:11+00:00,
RCV-000054,TXN-0000472,false,settlement confirmed without merchant confirmation,COMPLETED,0,MANUAL_REVIEW,RESOLVED_MANUALLY,REVIEWED,835.42,,BDT,,,,autonomous-v1,RSA-0000472,1b050ade68ef58dbe9b69cead091f3d8d2e34b5ac9977c3c5efdade66d351a00,2026-04-25 16:51:01+00:00,,
RCV-000055,TXN-0000495,false,multiple customer debit confirmations,BLOCKED,0,NO_ACTION,NOT_EXECUTED,NOT_VERIFIED,2316.38,,BDT,DOUBLE_DEDUCTION,,,autonomous-v1,RSA-0000495,721decb2120537a8110c6dc046a3d1a3416ffdb161fd94ad469f96e7e64799a3,2026-09-14 17:45:09+00:00,2026-09-14 17:45:09+00:00,
RCV-000056,TXN-0000505,true,single debit confirmation; settlement not confirmed,BLOCKED,0,NO_ACTION,NOT_EXECUTED,NOT_VERIFIED,11124.34,,BDT,amount above auto-release cap,,,autonomous-v1,RSA-0000505,53d52acdb1c9d26b9d765be2dc6e67f45b74154349f1d1b8a5c3831fa8ddcfc0,2026-02-20 12:55:25+00:00,2026-02-20 12:55:25+00:00,
RCV-000057,TXN-0000508,false,multiple customer debit confirmations,BLOCKED,0,NO_ACTION,NOT_EXECUTED,NOT_VERIFIED,15236.75,,BDT,DOUBLE_DEDUCTION,,,autonomous-v1,RSA-0000508,2db68e6b3983f5777f6dfef93271b67026c4e30c1723e50c514f202e619ac292,2026-03-23 15:39:09+00:00,2026-03-23 15:39:09+00:00,
RCV-000058,TXN-0000511,true,single debit confirmation; settlement not confirmed,BLOCKED,0,NO_ACTION,NOT_EXECUTED,NOT_VERIFIED,25110.78,,BDT,amount above auto-release cap,,,autonomous-v1,RSA-0000511,df0390969d43d81005ee091caf0169e1b4ab74300a1656e1754dbd4a1f1ffe45,2026-04-10 01:48:16+00:00,2026-04-10 01:48:16+00:00,
RCV-000059,TXN-0000529,false,settlement confirmed without merchant confirmation,BLOCKED,0,NO_ACTION,NOT_EXECUTED,NOT_VERIFIED,9651.55,,BDT,,,,autonomous-v1,RSA-0000529,09fce774ff1226133dbfa09346b70763d8cafabbf2c693a4163fa1e8fa0fa4dd,2026-07-26 09:03:58+00:00,,
RCV-000060,TXN-0000530,true,single debit confirmation; settlement not confirmed,BLOCKED,0,NO_ACTION,NOT_EXECUTED,NOT_VERIFIED,3185.32,,BDT,amount above auto-release cap,,,autonomous-v1,RSA-0000530,52a89d9d99d5fe2db1b3c5e67c9a0f01b6f611a2225c03b26e130bb760bbd7d3,2026-07-28 11:49:58+00:00,2026-07-28 11:49:58+00:00,
RCV-000061,TXN-0000537,true,single debit confirmation; settlement not confirmed,COMPLETED,1,RELEASE_LIMIT,RECOVERED,VERIFIED,1262.97,1262.97,BDT,,mock,REL-FA9492C3,autonomous-v1,RSA-0000537,203b13bd97eae6b56afb6eb46aa65dd6ebb4ecbef68196ec3f2ba473ededa2ba,2026-07-13 22:57:25+00:00,2026-07-13 23:10:25+00:00,2026-07-13 23:10:54+00:00
RCV-000062,TXN-0000540,true,single debit confirmation; settlement not confirmed,BLOCKED,0,NO_ACTION,NOT_EXECUTED,NOT_VERIFIED,1687.0,,BDT,amount above auto-release cap,,,autonomous-v1,RSA-0000540,ef36f5e352880c30fbce49915fd5360e27f0836721320a0f2a1719e399e31e10,2026-01-28 05:41:06+00:00,2026-01-28 05:41:06+00:00,
RCV-000063,TXN-0000542,true,single debit confirmation; settlement not confirmed,PENDING,0,MANUAL_REVIEW,AWAITING_REVIEW,NOT_VERIFIED,723.45,,BDT,,,,autonomous-v1,RSA-0000542,b32ef90b23c80ceac5aeacaeb8ade019f3cbee24e6a25717198ac05fdb177810,2026-02-08 12:20:02+00:00,,
RCV-000064,TXN-0000545,true,single debit confirmation; settlement not confirmed,PENDING,0,MANUAL_REVIEW,AWAITING_REVIEW,NOT_VERIFIED,273.07,,BDT,,,,autonomous-v1,RSA-0000545,a599214abf4f4a6c8be82539f6351a8f6f26ed0069f90e88b51c3dc2008c311c,2026-03-08 13:09:23+00:00,,
RCV-000065,TXN-0000551,false,provider reference shared with another transaction,PENDING,0,MANUAL_REVIEW,AWAITING_REVIEW,NOT_VERIFIED,662.58,,BDT,,,,autonomous-v1,RSA-0000551,638658439f5c556dff608c9339054680ab3e3b88b450283f74bea7275265945a,2026-04-18 22:18:46+00:00,,
RCV-000066,TXN-0000559,true,single debit confirmation; settlement not confirmed,COMPLETED,0,MANUAL_REVIEW,RESOLVED_MANUALLY,REVIEWED,635.85,,BDT,,,,autonomous-v1,RSA-0000559,f025338612fde4dc91f8b992b85067eff3f7fc5632067e501a3486629fcebb43,2026-07-01 08:12:40+00:00,,
RCV-000067,TXN-0000583,true,single debit confirmation; settlement not confirmed,COMPLETED,1,RELEASE_LIMIT,RECOVERED,VERIFIED,756.06,756.06,BDT,,mock,REL-728C7C0F,autonomous-v1,RSA-0000583,a77cc69cf875cad5a381b89abffaa0346e75aed416bfe79c2a848a6683f4214d,2026-07-25 11:12:38+00:00,2026-07-25 11:16:38+00:00,2026-07-25 11:16:45+00:00
RCV-000068,TXN-0000605,true,single debit confirmation; settlement not confirmed,COMPLETED,0,MANUAL_REVIEW,RESOLVED_MANUALLY,REVIEWED,405.24,,BDT,,,,autonomous-v1,RSA-0000605,dfc05eed5333dd46fff4fb520d4b0bdbbb9bef3f11738cc2f184d7ad49ef7cc4,2026-08-16 14:42:11+00:00,,
RCV-000069,TXN-0000616,true,single debit confirmation; settlement not confirmed,PENDING,0,MANUAL_REVIEW,AWAITING_REVIEW,NOT_VERIFIED,889.28,,BDT,,,,autonomous-v1,RSA-0000616,0a6e1d3fa72bf0ebfa372d7014e770bf80a0426eb2a0c51e00266731594a2f4d,2026-09-21 03:19:00+00:00,,
RCV-000070,TXN-0000622,false,provider reference shared with another transaction,COMPLETED,0,MANUAL_REVIEW,RESOLVED_MANUALLY,REVIEWED,553.22,,BDT,,,,autonomous-v1,RSA-0000622,50f88a2977b02580a10e58aab3d08d03b8879ef356a65033d7a8bcf59bcaefc2,2026-07-22 05:42:33+00:00,,
RCV-000071,TXN-0000641,true,single debit confirmation; settlement not confirmed,BLOCKED,0,NO_ACTION,NOT_EXECUTED,NOT_VERIFIED,6396.37,,BDT,policy block,,,autonomous-v1,RSA-0000641,14fffa510a9db111ad964911a8f33dbd7f6a0ac71ce21e80961fdbaf2688eb83,2025-12-27 12:52:07+00:00,2025-12-27 12:52:07+00:00,
RCV-000072,TXN-0000642,true,single debit confirmation; settlement not confirmed,COMPLETED,1,RELEASE_LIMIT,RECOVERED,VERIFIED,692.9,692.9,BDT,,mock,REL-0D69FA5C,autonomous-v1,RSA-0000642,0f24162323a2de4fd2e12ed5809d7e10acaf1e8b8e426fd26da02644d1a3787a,2026-01-02 10:32:39+00:00,2026-01-02 10:50:39+00:00,2026-01-02 10:50:46+00:00
RCV-000073,TXN-0000647,false,multiple customer debit confirmations,BLOCKED,0,NO_ACTION,NOT_EXECUTED,NOT_VERIFIED,1979.78,,BDT,DOUBLE_DEDUCTION,,,autonomous-v1,RSA-0000647,f9f4b9472a8808e2877a45c1c87f8fede3e108bbd88eeb776eb80c8676557e46,2026-02-12 08:35:42+00:00,2026-02-12 08:35:42+00:00,
RCV-000074,TXN-0000665,false,multiple customer debit confirmations,BLOCKED,0,NO_ACTION,NOT_EXECUTED,NOT_VERIFIED,32318.59,,BDT,DOUBLE_DEDUCTION,,,autonomous-v1,RSA-0000665,f62f07af3e547ff03e74c00e80517be12786569f995044e5b244cbd033013285,2026-06-08 14:08:58+00:00,2026-06-08 14:08:58+00:00,
RCV-000075,TXN-0000668,true,single debit confirmation; settlement not confirmed,BLOCKED,0,NO_ACTION,NOT_EXECUTED,NOT_VERIFIED,3192.34,,BDT,amount above auto-release cap,,,autonomous-v1,RSA-0000668,aa36b978731a01ec2d3b5e7542732fb2333f992035a5cb0299187c6f146fbb38,2026-06-12 20:27:47+00:00,2026-06-12 20:27:47+00:00,
RCV-000076,TXN-0000672,true,single debit confirmation; settlement not confirmed,PENDING,0,MANUAL_REVIEW,AWAITING_REVIEW,NOT_VERIFIED,586.33,,BDT,,,,autonomous-v1,RSA-0000672,21a54601614d97079c9413c79db92e39adc5c75ffde56a691d7e50f63df7bdc8,2026-07-09 03:31:47+00:00,,
RCV-000077,TXN-0000675,true,single debit confirmation; settlement not confirmed,PENDING,0,MANUAL_REVIEW,AWAITING_REVIEW,NOT_VERIFIED,680.04,,BDT,,,,autonomous-v1,RSA-0000675,edeffbba1e28afd0b6f2f4bf4e9a8428daaa39f0d1d0624b7a41e2eb80823816,2026-07-24 13:03:01+00:00,,
RCV-000078,TXN-0000676,true,single debit confirmation; settlement not confirmed,BLOCKED,0,NO_ACTION,NOT_EXECUTED,NOT_VERIFIED,6426.23,,BDT,amount above auto-release cap,,,autonomous-v1,RSA-0000676,79b2c93a0f96f91c9d56cc574550f3c344391aabb2342e91fdd4b9876d4db157,2026-07-29 22:24:42+00:00,2026-07-29 22:24:42+00:00,
RCV-000079,TXN-0000677,true,single debit confirmation; settlement not confirmed,BLOCKED,0,NO_ACTION,NOT_EXECUTED,NOT_VERIFIED,4460.14,,BDT,amount above auto-release cap,,,autonomous-v1,RSA-0000677,28dd9455e76201b4f60a4af19f01d59a21abf8d62a11e6bb26350bdc32669c8e,2026-08-31 20:46:37+00:00,2026-08-31 20:46:37+00:00,
RCV-000080,TXN-0000679,true,single debit confirmation; settlement not confirmed,BLOCKED,0,NO_ACTION,NOT_EXECUTED,NOT_VERIFIED,2546.66,,BDT,amount above auto-release cap,,,autonomous-v1,RSA-0000679,8c8fac9803e57ae6b4826b2d8ad734e86f36139b613af17db94be305fb19ad5f,2026-09-22 15:06:32+00:00,2026-09-22 15:06:32+00:00,
RCV-000081,TXN-0000680,true,single debit confirmation; settlement not confirmed,BLOCKED,0,NO_ACTION,NOT_EXECUTED,NOT_VERIFIED,13450.33,,BDT,amount above auto-release cap,,,autonomous-v1,RSA-0000680,b3ee5bc6e04e3b028a1e3ea3d406143124e5271c113a84efa7f9196fd8bbe4ea,2026-09-29 10:10:08+00:00,2026-09-29 10:10:08+00:00,
RCV-000082,TXN-0000685,true,single debit confirmation; settlement not confirmed,BLOCKED,0,NO_ACTION,NOT_EXECUTED,NOT_VERIFIED,2466.67,,BDT,amount above auto-release cap,,,autonomous-v1,RSA-0000685,4e6b4b9226277b662d1dcbe90baecdd668e365fdad3fd8971b18c7b09178917f,2026-04-24 07:07:35+00:00,2026-04-24 07:07:35+00:00,
RCV-000083,TXN-0000697,false,insufficient payment evidence,BLOCKED,0,NO_ACTION,NOT_EXECUTED,NOT_VERIFIED,1065.35,,BDT,INSUFFICIENT_EVIDENCE,,,autonomous-v1,RSA-0000697,c269e15de797a67af1415e17aa4d6bcfb8bcc47e6acd0e3406f2b06a12cc68e5,2026-05-24 23:08:15+00:00,2026-05-24 23:08:15+00:00,
RCV-000084,TXN-0000713,true,single debit confirmation; settlement not confirmed,COMPLETED,0,MANUAL_REVIEW,RESOLVED_MANUALLY,REVIEWED,1019.25,,BDT,,,,autonomous-v1,RSA-0000713,f8b22f0a86ae4202e086bceffaa1972c8a6191c29ed01e1827a68ed643afc42e,2025-10-16 19:53:16+00:00,,
RCV-000085,TXN-0000729,true,single debit confirmation; settlement not confirmed,COMPLETED,0,MANUAL_REVIEW,RESOLVED_MANUALLY,REVIEWED,454.74,,BDT,,,,autonomous-v1,RSA-0000729,097c512e101cef8ddcee446f5e85c39cde17aeba88d9bcb66f8414cd506c96f0,2026-05-25 12:07:19+00:00,,
RCV-000086,TXN-0000733,true,single debit confirmation; settlement not confirmed,BLOCKED,0,NO_ACTION,NOT_EXECUTED,NOT_VERIFIED,2128.9,,BDT,amount above auto-release cap,,,autonomous-v1,RSA-0000733,602e3b21eff38d42d1a99750e2f25b47137e5d7cbd1ef0402e52c6f858c2de1e,2026-07-12 03:47:56+00:00,2026-07-12 03:47:56+00:00,
RCV-000087,TXN-0000764,true,single debit confirmation; settlement not confirmed,PENDING,0,MANUAL_REVIEW,AWAITING_REVIEW,NOT_VERIFIED,301.56,,BDT,,,,autonomous-v1,RSA-0000764,308648eecd7bbc34a51876f4169127caf8db66719f8f801580108677edbd74a4,2026-04-08 08:38:03+00:00,,
RCV-000088,TXN-0000781,true,single debit confirmation; settlement not confirmed,BLOCKED,0,NO_ACTION,NOT_EXECUTED,NOT_VERIFIED,454.77,,BDT,policy block,,,autonomous-v1,RSA-0000781,aac8347ae482c616a868c2771be5072a4ea451da7cdfc64225057b8e24bb521c,2026-08-04 12:19:32+00:00,2026-08-04 12:19:32+00:00,
RCV-000089,TXN-0000783,true,single debit confirmation; settlement not confirmed,COMPLETED,1,RELEASE_LIMIT,RECOVERED,VERIFIED,641.2,641.2,BDT,,mock,REL-F9257940,autonomous-v1,RSA-0000783,dd1203e78fe12f97080d6a78ca88f70be1807f9abdc5d8b9dab2096c8464ebbf,2026-08-23 02:27:29+00:00,2026-08-23 02:31:29+00:00,2026-08-23 02:31:31+00:00
RCV-000090,TXN-0000790,true,single debit confirmation; settlement not confirmed,COMPLETED,0,MANUAL_REVIEW,RESOLVED_MANUALLY,REVIEWED,327.4,,BDT,,,,autonomous-v1,RSA-0000790,ff9a1fb6228a155d239ee0418f749bfee4dd89c0d8c7b6f9830fd4e5b53e40fc,2025-12-20 03:25:11+00:00,,
RCV-000091,TXN-0000791,true,single debit confirmation; settlement not confirmed,BLOCKED,0,NO_ACTION,NOT_EXECUTED,NOT_VERIFIED,1710.06,,BDT,amount above auto-release cap,,,autonomous-v1,RSA-0000791,0678ee960fa5d1d4abc3e03e669bb3422d14ef1bc8156bf2a359a26b9d474b06,2026-01-01 18:47:34+00:00,2026-01-01 18:47:34+00:00,
RCV-000092,TXN-0000794,false,insufficient payment evidence,BLOCKED,0,NO_ACTION,NOT_EXECUTED,NOT_VERIFIED,2515.71,,BDT,INSUFFICIENT_EVIDENCE,,,autonomous-v1,RSA-0000794,98f89edd96701985e8be1f024e164a35b80de040a0fd154131e5d0367cd9c2be,2026-02-16 01:42:38+00:00,2026-02-16 01:42:38+00:00,
RCV-000093,TXN-0000795,true,single debit confirmation; settlement not confirmed,COMPLETED,0,MANUAL_REVIEW,RESOLVED_MANUALLY,REVIEWED,405.14,,BDT,,,,autonomous-v1,RSA-0000795,eaaea37cad7c6626a5cd142dff4458a7cda26665d366a387a7827d52fc2746c0,2026-03-19 02:03:19+00:00,,
RCV-000094,TXN-0000796,true,single debit confirmation; settlement not confirmed,BLOCKED,0,NO_ACTION,NOT_EXECUTED,NOT_VERIFIED,1138.92,,BDT,,,,autonomous-v1,RSA-0000796,4f9da1bdb4e129b2f1298ad4bc39d49a9ef977e676b6ddf212c8da1bd5ae1ad7,2026-06-03 00:25:13+00:00,,
RCV-000095,TXN-0000797,true,single debit confirmation; settlement not confirmed,PENDING,0,MANUAL_REVIEW,AWAITING_REVIEW,NOT_VERIFIED,237.44,,BDT,,,,autonomous-v1,RSA-0000797,ddc496d6511d8784eeb582bb61caf9f0cd985dfff61a9cba7ac135b1af81ba9d,2026-06-04 17:27:19+00:00,,
RCV-000096,TXN-0000798,true,single debit confirmation; settlement not confirmed,PENDING,0,MANUAL_REVIEW,AWAITING_REVIEW,NOT_VERIFIED,159.15,,BDT,,,,autonomous-v1,RSA-0000798,a061fca01632bffbb24ede3290844580cb1a701448ab93517a3ffd752e9f01c9,2026-06-19 21:10:04+00:00,,
RCV-000097,TXN-0000801,true,single debit confirmation; settlement not confirmed,BLOCKED,0,NO_ACTION,NOT_EXECUTED,NOT_VERIFIED,669.68,,BDT,,,,autonomous-v1,RSA-0000801,9551469d6246c88c83579019a49155bc5df97475f6e08637801da7ad62d5cc14,2026-07-23 15:20:41+00:00,,
RCV-000098,TXN-0000802,true,single debit confirmation; settlement not confirmed,BLOCKED,0,NO_ACTION,NOT_EXECUTED,NOT_VERIFIED,1516.57,,BDT,amount above auto-release cap,,,autonomous-v1,RSA-0000802,37901fd29f83f5758746dc743e46b226006d2fef5abcbc0b90c5e2480acf5ca2,2026-07-30 09:34:07+00:00,2026-07-30 09:34:07+00:00,
RCV-000099,TXN-0000803,false,insufficient payment evidence,BLOCKED,0,NO_ACTION,NOT_EXECUTED,NOT_VERIFIED,1434.56,,BDT,INSUFFICIENT_EVIDENCE,,,autonomous-v1,RSA-0000803,1cca12bdf4b4d8395a5fc0399b75b27a456bdc1f702c42b7723db1ed9024fc61,2026-08-04 19:07:32+00:00,2026-08-04 19:07:32+00:00,
RCV-000100,TXN-0000804,true,single debit confirmation; settlement not confirmed,PENDING,0,MANUAL_REVIEW,AWAITING_REVIEW,NOT_VERIFIED,1274.99,,BDT,,,,autonomous-v1,RSA-0000804,3ef0138c65b108dad175d29a88eca6107c7c514473053015ffb443f3eeb6aacb,2026-08-20 13:08:47+00:00,,
RCV-000101,TXN-0000816,true,single debit confirmation; settlement not confirmed,BLOCKED,0,NO_ACTION,NOT_EXECUTED,NOT_VERIFIED,22398.12,,BDT,amount above auto-release cap,,,autonomous-v1,RSA-0000816,47dc898d6cff80a1bcde2c1f0495dfe95d9f905c99dcb71c0efa889a8bf77c45,2026-06-10 11:24:35+00:00,2026-06-10 11:24:35+00:00,
RCV-000102,TXN-0000818,true,single debit confirmation; settlement not confirmed,BLOCKED,0,NO_ACTION,NOT_EXECUTED,NOT_VERIFIED,18022.87,,BDT,amount above auto-release cap,,,autonomous-v1,RSA-0000818,e4e4e6630587623cf32904c5f2f069cc336cf9f39df151ef9c6921732f908960,2026-07-08 00:43:20+00:00,2026-07-08 00:43:20+00:00,
RCV-000103,TXN-0000821,false,settlement confirmed without merchant confirmation,PENDING,0,MANUAL_REVIEW,AWAITING_REVIEW,NOT_VERIFIED,58068.15,,BDT,,,,autonomous-v1,RSA-0000821,611297aebb5bdeefcadc1f2ffa15e856a07024389116fcb536f6547abd475e4d,2026-07-29 19:03:55+00:00,,
RCV-000104,TXN-0000834,true,single debit confirmation; settlement not confirmed,BLOCKED,0,NO_ACTION,NOT_EXECUTED,NOT_VERIFIED,2761.01,,BDT,amount above auto-release cap,,,autonomous-v1,RSA-0000834,0a16e603dc086557e66298dd4d5f38a6e5a789197ac1cd52a14df97ad208a9db,2026-04-23 17:21:43+00:00,2026-04-23 17:21:43+00:00,
RCV-000105,TXN-0000843,true,single debit confirmation; settlement not confirmed,COMPLETED,1,RELEASE_LIMIT,RECOVERED,VERIFIED,1010.04,1010.04,BDT,,mock,REL-FF0DEB59,autonomous-v1,RSA-0000843,d85ce2c542e8cd97776e525888e2679d0da34fd904a9f1da5acd459f5498c50d,2026-07-06 11:29:26+00:00,2026-07-06 11:30:26+00:00,2026-07-06 11:30:35+00:00
RCV-000106,TXN-0000846,true,single debit confirmation; settlement not confirmed,PENDING,0,MANUAL_REVIEW,AWAITING_REVIEW,NOT_VERIFIED,1035.82,,BDT,,,,autonomous-v1,RSA-0000846,5a8ead233c07477c0152c44ffd37ef9ec687cd221ff76273a037303e5160606b,2026-07-14 19:11:32+00:00,,
RCV-000107,TXN-0000851,true,single debit confirmation; settlement not confirmed,COMPLETED,0,MANUAL_REVIEW,RESOLVED_MANUALLY,REVIEWED,920.58,,BDT,,,,autonomous-v1,RSA-0000851,e95b99f2d922f24987035316c6977b55e51c201105e52db84809b46c16da1b42,2026-08-29 12:18:09+00:00,,
RCV-000108,TXN-0000870,true,single debit confirmation; settlement not confirmed,BLOCKED,0,NO_ACTION,NOT_EXECUTED,NOT_VERIFIED,7209.82,,BDT,amount above auto-release cap,,,autonomous-v1,RSA-0000870,33999403ed3cae8f70874f854cccb6be4b223f44d25acdbc2621a8e0ec5d7c0c,2026-08-02 20:23:16+00:00,2026-08-02 20:23:16+00:00,
RCV-000109,TXN-0000871,true,single debit confirmation; settlement not confirmed,BLOCKED,0,NO_ACTION,NOT_EXECUTED,NOT_VERIFIED,2856.81,,BDT,amount above auto-release cap,,,autonomous-v1,RSA-0000871,3898f60b962a9e77aebcfae69700b8e5eef63999bb138c83ea9afe78b65eb037,2026-08-07 17:52:32+00:00,2026-08-07 17:52:32+00:00,
RCV-000110,TXN-0000877,true,single debit confirmation; settlement not confirmed,PENDING,0,MANUAL_REVIEW,AWAITING_REVIEW,NOT_VERIFIED,754.71,,BDT,,,,autonomous-v1,RSA-0000877,8da56705f9aac14ebd853dc8287ba8413225f65d8b9f51cfff08385952d1b914,2026-09-07 02:06:54+00:00,,
RCV-000111,TXN-0000881,true,single debit confirmation; settlement not confirmed,BLOCKED,0,NO_ACTION,NOT_EXECUTED,NOT_VERIFIED,8555.95,,BDT,amount above auto-release cap,,,autonomous-v1,RSA-0000881,624790f88227ec13a842cc8da4bdc94c51f36aa6078e9b8226b1689aa5c51449,2026-05-11 03:22:47+00:00,2026-05-11 03:22:47+00:00,
RCV-000112,TXN-0000886,true,single debit confirmation; settlement not confirmed,BLOCKED,0,NO_ACTION,NOT_EXECUTED,NOT_VERIFIED,18030.95,,BDT,policy block,,,autonomous-v1,RSA-0000886,2520bddb28429b2a6e7b84677d71c59b4b5dad2d7a124babeae7e4791049d9eb,2026-06-21 22:56:10+00:00,2026-06-21 22:56:10+00:00,
RCV-000113,TXN-0000893,false,insufficient payment evidence,BLOCKED,0,NO_ACTION,NOT_EXECUTED,NOT_VERIFIED,821.43,,BDT,INSUFFICIENT_EVIDENCE,,,autonomous-v1,RSA-0000893,71f1b0707631a64dcf99f558585bdf06891f5572fda7b5ad40e7d5dc49571d5a,2026-08-24 08:11:49+00:00,2026-08-24 08:11:49+00:00,
RCV-000114,TXN-0000909,false,multiple customer debit confirmations,BLOCKED,0,NO_ACTION,NOT_EXECUTED,NOT_VERIFIED,760.75,,BDT,DOUBLE_DEDUCTION,,,autonomous-v1,RSA-0000909,fafc9b720fcc75712a760583605410df181c464790219f079e95ff33ba538db0,2026-08-13 03:42:17+00:00,2026-08-13 03:42:17+00:00,
RCV-000115,TXN-0000910,true,single debit confirmation; settlement not confirmed,BLOCKED,0,NO_ACTION,NOT_EXECUTED,NOT_VERIFIED,6039.28,,BDT,policy block,,,autonomous-v1,RSA-0000910,a37dd479bf22bbab7ccc7f11edf45ad1852ab8e428709bf313a55e0461be1e0e,2026-08-31 14:52:58+00:00,2026-08-31 14:52:58+00:00,
RCV-000116,TXN-0000929,true,single debit confirmation; settlement not confirmed,BLOCKED,0,NO_ACTION,NOT_EXECUTED,NOT_VERIFIED,24025.68,,BDT,policy block,,,autonomous-v1,RSA-0000929,26f604e9a4c1f8cd610fc9128cc6327c848a2aed0e1700c4d1316b9af2769f90,2026-04-01 20:04:13+00:00,2026-04-01 20:04:13+00:00,
RCV-000117,TXN-0000935,true,single debit confirmation; settlement not confirmed,BLOCKED,0,NO_ACTION,NOT_EXECUTED,NOT_VERIFIED,2408.31,,BDT,amount above auto-release cap,,,autonomous-v1,RSA-0000935,77e27385623237559719560651db4073252c31483b729fc7d733363ed33447ad,2026-06-22 21:29:22+00:00,2026-06-22 21:29:22+00:00,
RCV-000118,TXN-0000943,false,insufficient payment evidence,BLOCKED,0,NO_ACTION,NOT_EXECUTED,NOT_VERIFIED,28068.63,,BDT,INSUFFICIENT_EVIDENCE,,,autonomous-v1,RSA-0000943,dcadbabfd68188f22574578343673d67cbbfb64ec3b8e910fa6b8ade72fe16bd,2026-08-25 05:37:09+00:00,2026-08-25 05:37:09+00:00,
RCV-000119,TXN-0000945,false,multiple customer debit confirmations,BLOCKED,0,NO_ACTION,NOT_EXECUTED,NOT_VERIFIED,4618.99,,BDT,DOUBLE_DEDUCTION,,,autonomous-v1,RSA-0000945,a89e1adb9adc693c73fc7cdb9d8d4303ecc88eedc9e5a3710148cd7d73f4ce91,2026-09-10 09:06:29+00:00,2026-09-10 09:06:29+00:00,
RCV-000120,TXN-0000947,true,single debit confirmation; settlement not confirmed,BLOCKED,0,NO_ACTION,NOT_EXECUTED,NOT_VERIFIED,53141.95,,BDT,amount above auto-release cap,,,autonomous-v1,RSA-0000947,da2a28e005977fbe0c1acf64b8a6b82e5fc7f5ddfa0a5e13d258809fe14d38bb,2026-09-26 20:54:55+00:00,2026-09-26 20:54:55+00:00,
RCV-000121,TXN-0000950,true,single debit confirmation; settlement not confirmed,PENDING,0,MANUAL_REVIEW,AWAITING_REVIEW,NOT_VERIFIED,572.58,,BDT,,,,autonomous-v1,RSA-0000950,aba4e5bdd38eb7ce3efb3610ecd507f344a9cf3523e2b9cce276435f16b6bdca,2026-02-13 09:09:00+00:00,,
RCV-000122,TXN-0000961,true,single debit confirmation; settlement not confirmed,BLOCKED,0,NO_ACTION,NOT_EXECUTED,NOT_VERIFIED,3057.97,,BDT,policy block,,,autonomous-v1,RSA-0000961,e49e2e1113a549d4667db65f08bcc00c86cfcb8e8b933de09c805eb02bd558f5,2026-03-21 01:17:36+00:00,2026-03-21 01:17:36+00:00,
RCV-000123,TXN-0001004,true,single debit confirmation; settlement not confirmed,BLOCKED,0,NO_ACTION,NOT_EXECUTED,NOT_VERIFIED,30696.06,,BDT,amount above auto-release cap,,,autonomous-v1,RSA-0001004,ee7f36a3d26ada09c4d77b11b06d56163dc06053e6a33bb786dbd7c27e2e2872,2026-08-05 15:42:46+00:00,2026-08-05 15:42:46+00:00,
RCV-000124,TXN-0001018,true,single debit confirmation; settlement not confirmed,PENDING,0,MANUAL_REVIEW,AWAITING_REVIEW,NOT_VERIFIED,1121.75,,BDT,,,,autonomous-v1,RSA-0001018,3b9db6d6a42f3a820be7b869f092fc927205af15476c21185bcfe3299523d139,2026-06-03 14:39:52+00:00,,
RCV-000125,TXN-0001030,true,single debit confirmation; settlement not confirmed,BLOCKED,0,NO_ACTION,NOT_EXECUTED,NOT_VERIFIED,2398.44,,BDT,amount above auto-release cap,,,autonomous-v1,RSA-0001030,ec945dfd24161939d8dc37638ec91cb04856052df0bbc45518a6e981d27fa0f2,2026-03-01 12:50:38+00:00,2026-03-01 12:50:38+00:00,
RCV-000126,TXN-0001049,false,insufficient payment evidence,BLOCKED,0,NO_ACTION,NOT_EXECUTED,NOT_VERIFIED,143739.7,,BDT,INSUFFICIENT_EVIDENCE,,,autonomous-v1,RSA-0001049,4ce9eae136deabcadcbfe34980d7316ed558c48904ef881328bf9ed044027090,2026-05-02 14:08:47+00:00,2026-05-02 14:08:47+00:00,
RCV-000127,TXN-0001056,true,single debit confirmation; settlement not confirmed,BLOCKED,0,NO_ACTION,NOT_EXECUTED,NOT_VERIFIED,6647.52,,BDT,amount above auto-release cap,,,autonomous-v1,RSA-0001056,f774ce638e443fcf520fd4114c9a78a69952b85b65b33e1e63dd3a56d0f786b4,2026-06-10 22:50:13+00:00,2026-06-10 22:50:13+00:00,
RCV-000128,TXN-0001084,false,insufficient payment evidence,BLOCKED,0,NO_ACTION,NOT_EXECUTED,NOT_VERIFIED,1652.54,,BDT,INSUFFICIENT_EVIDENCE,,,autonomous-v1,RSA-0001084,cf4448559149d890018c91ecedb974f7fc58d9fc782ac9e80ee077a6ad85d30f,2026-04-30 19:50:37+00:00,2026-04-30 19:50:37+00:00,
RCV-000129,TXN-0001085,true,single debit confirmation; settlement not confirmed,COMPLETED,0,MANUAL_REVIEW,RESOLVED_MANUALLY,REVIEWED,933.37,,BDT,,,,autonomous-v1,RSA-0001085,8337f52e1e5bbeb1bc287fe465ddecf59bf3bfe54dc4bde733b22c05de27a6f7,2026-05-08 19:28:10+00:00,,
RCV-000130,TXN-0001087,true,single debit confirmation; settlement not confirmed,PENDING,0,MANUAL_REVIEW,AWAITING_REVIEW,NOT_VERIFIED,740.52,,BDT,,,,autonomous-v1,RSA-0001087,e5521f6c028cb4d0b962abc518f48d68f189ecac56673dbe083d4cdf7829e766,2026-08-17 01:05:25+00:00,,
RCV-000131,TXN-0001090,true,single debit confirmation; settlement not confirmed,BLOCKED,0,NO_ACTION,NOT_EXECUTED,NOT_VERIFIED,1260.99,,BDT,policy block,,,autonomous-v1,RSA-0001090,f944c14e5dd4cca2122589c6475b24a4ee63a6e1652591b80108abcbeb1f5ab1,2026-04-03 06:09:03+00:00,2026-04-03 06:09:03+00:00,
RCV-000132,TXN-0001093,false,settlement confirmed without merchant confirmation,BLOCKED,0,NO_ACTION,NOT_EXECUTED,NOT_VERIFIED,1623.59,,BDT,,,,autonomous-v1,RSA-0001093,068d5ef89f0899baca4a0af3ce6750a9c478c5dd51c2f2e5d44e53a349151307,2026-04-15 01:06:05+00:00,,
RCV-000133,TXN-0001100,true,single debit confirmation; settlement not confirmed,BLOCKED,0,NO_ACTION,NOT_EXECUTED,NOT_VERIFIED,3029.53,,BDT,amount above auto-release cap,,,autonomous-v1,RSA-0001100,269362d48b9952bd04d28bfb3da9b3875ae43ab1eb16b922adf090153cd75fb7,2026-07-26 05:22:14+00:00,2026-07-26 05:22:14+00:00,
RCV-000134,TXN-0001106,true,single debit confirmation; settlement not confirmed,PENDING,0,MANUAL_REVIEW,AWAITING_REVIEW,NOT_VERIFIED,416.84,,BDT,,,,autonomous-v1,RSA-0001106,dc65b180082f11216c4ec3bf8dc23a1b5c9c56f06f8c9bafed01286b4451667e,2025-12-25 11:59:07+00:00,,
RCV-000135,TXN-0001119,false,evidence contradicts reported failure,BLOCKED,0,NO_ACTION,NOT_EXECUTED,NOT_VERIFIED,2770.51,,BDT,,,,autonomous-v1,RSA-0001119,f6348cb20359052fe11889bbdd18a92af21cd4464135abe1696da97ab5b64625,2026-06-25 16:38:23+00:00,,
RCV-000136,TXN-0001132,false,multiple customer debit confirmations,BLOCKED,0,NO_ACTION,NOT_EXECUTED,NOT_VERIFIED,1142.81,,BDT,DOUBLE_DEDUCTION,,,autonomous-v1,RSA-0001132,06e527f31f72c5864ad223f8696b04b200aa1cb09c61b8ada6866816f5a7bade,2026-06-05 05:44:47+00:00,2026-06-05 05:44:47+00:00,
RCV-000137,TXN-0001136,false,insufficient payment evidence,BLOCKED,0,NO_ACTION,NOT_EXECUTED,NOT_VERIFIED,3347.34,,BDT,INSUFFICIENT_EVIDENCE,,,autonomous-v1,RSA-0001136,24070170ce910fa42888c51a86029f1a3c8d02a007b4c9c52fde3155b0e17dd5,2026-09-16 08:04:57+00:00,2026-09-16 08:04:57+00:00,
RCV-000138,TXN-0001141,true,single debit confirmation; settlement not confirmed,COMPLETED,0,MANUAL_REVIEW,RESOLVED_MANUALLY,REVIEWED,1333.64,,BDT,,,,autonomous-v1,RSA-0001141,4e0de4db41a05ddb63a1976cdb1ebfb923a97735fae76a25cdbfa66750bae148,2026-06-03 02:55:37+00:00,,
RCV-000139,TXN-0001146,true,single debit confirmation; settlement not confirmed,COMPLETED,0,MANUAL_REVIEW,RESOLVED_MANUALLY,REVIEWED,860.91,,BDT,,,,autonomous-v1,RSA-0001146,88c61bc6d38cc2f4594f946e725a4b18e3407b53743dd495983ef45360471009,2026-07-02 05:20:58+00:00,,
RCV-000140,TXN-0001159,true,single debit confirmation; settlement not confirmed,PENDING,0,MANUAL_REVIEW,AWAITING_REVIEW,NOT_VERIFIED,831.85,,BDT,,,,autonomous-v1,RSA-0001159,524976085c2803d48288370e291db7fa8b3ff9a5fd13073e336e880d26f64b83,2025-10-15 00:47:52+00:00,,
RCV-000141,TXN-0001161,true,single debit confirmation; settlement not confirmed,PENDING,0,MANUAL_REVIEW,AWAITING_REVIEW,NOT_VERIFIED,498.28,,BDT,,,,autonomous-v1,RSA-0001161,66153d938d04fd1c3483b207d0cd4cb36839dcd52dac5f7f0c35e23a5dcbe696,2025-11-06 11:33:55+00:00,,
RCV-000142,TXN-0001170,true,single debit confirmation; settlement not confirmed,BLOCKED,0,NO_ACTION,NOT_EXECUTED,NOT_VERIFIED,652.38,,BDT,policy block,,,autonomous-v1,RSA-0001170,b48c46cd0d219565de72384938985b59c758dbb63937952d98588fd77c9d998a,2026-05-13 13:59:33+00:00,2026-05-13 13:59:33+00:00,
RCV-000143,TXN-0001193,true,single debit confirmation; settlement not confirmed,BLOCKED,0,NO_ACTION,NOT_EXECUTED,NOT_VERIFIED,37325.94,,BDT,amount above auto-release cap,,,autonomous-v1,RSA-0001193,1b383f82a158639c0f50f39ba1f60f908bebf752b592bdf46acc5eed1b2788cc,2026-06-10 21:47:07+00:00,2026-06-10 21:47:07+00:00,
RCV-000144,TXN-0001195,true,single debit confirmation; settlement not confirmed,PENDING,0,MANUAL_REVIEW,AWAITING_REVIEW,NOT_VERIFIED,1234.54,,BDT,,,,autonomous-v1,RSA-0001195,2ac369fa996668884a2c1d5ab2f32baab5ba1c25657144125d9fdc2400b80bf8,2026-06-16 03:58:23+00:00,,
RCV-000145,TXN-0001206,true,single debit confirmation; settlement not confirmed,BLOCKED,0,NO_ACTION,NOT_EXECUTED,NOT_VERIFIED,13868.07,,BDT,amount above auto-release cap,,,autonomous-v1,RSA-0001206,cbf6fcae9d78dd0ee77020ebba3eb4e1ea87907248500835bfb57f2e72ea3d52,2026-08-20 14:20:10+00:00,2026-08-20 14:20:10+00:00,
RCV-000146,TXN-0001211,true,single debit confirmation; settlement not confirmed,BLOCKED,0,NO_ACTION,NOT_EXECUTED,NOT_VERIFIED,21646.81,,BDT,amount above auto-release cap,,,autonomous-v1,RSA-0001211,1e72f73aadf6aa336a035f5f34279efd8e2aa2303d994322cce6b376cd338cc3,2026-09-16 10:13:31+00:00,2026-09-16 10:13:31+00:00,
RCV-000147,TXN-0001230,false,insufficient payment evidence,BLOCKED,0,NO_ACTION,NOT_EXECUTED,NOT_VERIFIED,595.58,,BDT,INSUFFICIENT_EVIDENCE,,,autonomous-v1,RSA-0001230,0cb16daa884a49a3b146eb081e1e9560587fe249da63547a9e3ff81e4f586c2f,2026-07-24 05:24:07+00:00,2026-07-24 05:24:07+00:00,
RCV-000148,TXN-0001233,true,single debit confirmation; settlement not confirmed,BLOCKED,0,NO_ACTION,NOT_EXECUTED,NOT_VERIFIED,5503.4,,BDT,amount above auto-release cap,,,autonomous-v1,RSA-0001233,38fc15f982bf3fece5f475e0fa18ea394ae13eb567daccf6686acc2129a11aba,2026-08-02 00:31:02+00:00,2026-08-02 00:31:02+00:00,
RCV-000149,TXN-0001240,true,single debit confirmation; settlement not confirmed,COMPLETED,1,RELEASE_LIMIT,RECOVERED,VERIFIED,377.76,377.76,BDT,,mock,REL-1CE8BE59,autonomous-v1,RSA-0001240,758462adc333026c1be5459e41b65eb742f72384c794e93b50885f8da97808c6,2026-08-29 19:46:27+00:00,2026-08-29 20:06:27+00:00,2026-08-29 20:06:54+00:00
RCV-000150,TXN-0001246,true,single debit confirmation; settlement not confirmed,PENDING,0,MANUAL_REVIEW,AWAITING_REVIEW,NOT_VERIFIED,612.54,,BDT,,,,autonomous-v1,RSA-0001246,8fb8e656442e1a59d49ece979d0492dbb9f5f0fe1d65d48ba9ca716c413988ff,2026-07-13 14:52:25+00:00,,
RCV-000151,TXN-0001262,true,single debit confirmation; settlement not confirmed,BLOCKED,0,NO_ACTION,NOT_EXECUTED,NOT_VERIFIED,701.49,,BDT,policy block,,,autonomous-v1,RSA-0001262,e928ca5c6811644fbe996e28510e829149d199f5ceef232c05100247409ca0fa,2026-09-08 08:04:17+00:00,2026-09-08 08:04:17+00:00,
RCV-000152,TXN-0001274,false,settlement confirmed without merchant confirmation,PENDING,0,MANUAL_REVIEW,AWAITING_REVIEW,NOT_VERIFIED,952.82,,BDT,,,,autonomous-v1,RSA-0001274,ddc62194f908bbe74ba849fa8418d1071ae53cc77a0a3a6b2a8bb9988ab30202,2026-05-26 00:59:03+00:00,,
RCV-000153,TXN-0001278,true,single debit confirmation; settlement not confirmed,BLOCKED,0,NO_ACTION,NOT_EXECUTED,NOT_VERIFIED,2298.7,,BDT,amount above auto-release cap,,,autonomous-v1,RSA-0001278,7682151970b029256636ac9c496f8671346a9db1f57ddc891668a6a4918845ab,2026-07-08 14:55:52+00:00,2026-07-08 14:55:52+00:00,
RCV-000154,TXN-0001281,true,single debit confirmation; settlement not confirmed,BLOCKED,0,NO_ACTION,NOT_EXECUTED,NOT_VERIFIED,3168.87,,BDT,amount above auto-release cap,,,autonomous-v1,RSA-0001281,301f81a3567c63a5298f33c1ac9292862fee07f0175d8639cbb74b9e2d95213c,2026-08-23 20:36:52+00:00,2026-08-23 20:36:52+00:00,
RCV-000155,TXN-0001287,true,single debit confirmation; settlement not confirmed,COMPLETED,0,MANUAL_REVIEW,RESOLVED_MANUALLY,REVIEWED,1430.95,,BDT,,,,autonomous-v1,RSA-0001287,570380f349806a81f9cc3e05671f3d9797d1956bd3621142b6dada923c0ce974,2026-01-13 03:09:22+00:00,,
RCV-000156,TXN-0001314,true,single debit confirmation; settlement not confirmed,BLOCKED,0,NO_ACTION,NOT_EXECUTED,NOT_VERIFIED,1983.51,,BDT,amount above auto-release cap,,,autonomous-v1,RSA-0001314,5527bfe7d43e2735aca4c29f370ed32a21ecb9457cf71c94caf647d2e712f998,2026-08-23 12:47:36+00:00,2026-08-23 12:47:36+00:00,
RCV-000157,TXN-0001318,true,single debit confirmation; settlement not confirmed,BLOCKED,0,NO_ACTION,NOT_EXECUTED,NOT_VERIFIED,2320.64,,BDT,policy block,,,autonomous-v1,RSA-0001318,cf6a21941010e4da67f607ff717bb14a695092f183ec9477d88ad6b466da47ba,2026-08-30 22:02:25+00:00,2026-08-30 22:02:25+00:00,
RCV-000158,TXN-0001322,true,single debit confirmation; settlement not confirmed,BLOCKED,0,NO_ACTION,NOT_EXECUTED,NOT_VERIFIED,3104.96,,BDT,amount above auto-release cap,,,autonomous-v1,RSA-0001322,435288b3f8687f23c6e06ecc756bebc0f45639e4b1d65372c6bc0e52c6a701fd,2026-09-25 04:38:31+00:00,2026-09-25 04:38:31+00:00,
RCV-000159,TXN-0001336,true,single debit confirmation; settlement not confirmed,COMPLETED,0,MANUAL_REVIEW,RESOLVED_MANUALLY,REVIEWED,655.6,,BDT,,,,autonomous-v1,RSA-0001336,4d8d568828b69a1c3e3abab69b2bdc8e4107868e98e532413d52e5e79d193753,2026-08-29 16:29:49+00:00,,
RCV-000160,TXN-0001337,true,single debit confirmation; settlement not confirmed,BLOCKED,0,NO_ACTION,NOT_EXECUTED,NOT_VERIFIED,220879.19,,BDT,policy block,,,autonomous-v1,RSA-0001337,6bcb215d864ebb0129c12fba8ddbdbd3447119f5c3157eec80923ec127013bac,2026-09-01 15:01:08+00:00,2026-09-01 15:01:08+00:00,
RCV-000161,TXN-0001350,false,insufficient payment evidence,BLOCKED,0,NO_ACTION,NOT_EXECUTED,NOT_VERIFIED,9323.99,,BDT,INSUFFICIENT_EVIDENCE,,,autonomous-v1,RSA-0001350,d20acc3475e6bed1bea611b0bf7913e469c81c89f0a6521f105b226cc342551b,2026-01-25 12:17:24+00:00,2026-01-25 12:17:24+00:00,
RCV-000162,TXN-0001352,true,single debit confirmation; settlement not confirmed,BLOCKED,0,NO_ACTION,NOT_EXECUTED,NOT_VERIFIED,2054.59,,BDT,amount above auto-release cap,,,autonomous-v1,RSA-0001352,604e02ed619c09177925ed16d61f4e48bd4fd6e2077818b76f5b108240a8cf21,2026-02-19 18:51:10+00:00,2026-02-19 18:51:10+00:00,
RCV-000163,TXN-0001378,true,single debit confirmation; settlement not confirmed,BLOCKED,0,NO_ACTION,NOT_EXECUTED,NOT_VERIFIED,35840.91,,BDT,policy block,,,autonomous-v1,RSA-0001378,0b0fa6707e72986d6ff656ab1d54a31fa9be31cbe8919ccc8cce3bd86606e855,2026-05-30 19:05:03+00:00,2026-05-30 19:05:03+00:00,
RCV-000164,TXN-0001387,false,provider reference shared with another transaction,PENDING,0,MANUAL_REVIEW,AWAITING_REVIEW,NOT_VERIFIED,3357.27,,BDT,,,,autonomous-v1,RSA-0001387,f5db23cfd299a120e272c986a37a294eddb6d8841ffdf524108c6fbd32f9d960,2026-08-10 17:26:30+00:00,,
RCV-000165,TXN-0001392,true,single debit confirmation; settlement not confirmed,PENDING,0,MANUAL_REVIEW,AWAITING_REVIEW,NOT_VERIFIED,620.31,,BDT,,,,autonomous-v1,RSA-0001392,60e5d7829166e1c76ab52192614d2ff00ed004c5c64657ff47c3d05384643bcd,2025-12-24 16:35:20+00:00,,
RCV-000166,TXN-0001394,true,single debit confirmation; settlement not confirmed,BLOCKED,0,NO_ACTION,NOT_EXECUTED,NOT_VERIFIED,197.22,,BDT,,,,autonomous-v1,RSA-0001394,0b34759c15a4e65e6d81791ad37fc23941e5334504ad52c1fe178eb54046105d,2026-01-20 21:07:53+00:00,,
RCV-000167,TXN-0001407,false,insufficient payment evidence,BLOCKED,0,NO_ACTION,NOT_EXECUTED,NOT_VERIFIED,829.59,,BDT,INSUFFICIENT_EVIDENCE,,,autonomous-v1,RSA-0001407,957bcddbef98480a82579d21aa7ff452faac3ab262fd2c0a91e956f836f96468,2026-06-06 17:15:07+00:00,2026-06-06 17:15:07+00:00,
RCV-000168,TXN-0001412,true,single debit confirmation; settlement not confirmed,BLOCKED,0,NO_ACTION,NOT_EXECUTED,NOT_VERIFIED,656.95,,BDT,policy block,,,autonomous-v1,RSA-0001412,a65caba0a53948fff735577e774b91ba60ee2b503e63470b8001c0f0704d4f22,2026-07-10 21:53:44+00:00,2026-07-10 21:53:44+00:00,
RCV-000169,TXN-0001427,true,single debit confirmation; settlement not confirmed,BLOCKED,0,NO_ACTION,NOT_EXECUTED,NOT_VERIFIED,3440.5,,BDT,amount above auto-release cap,,,autonomous-v1,RSA-0001427,d1042c350dd44acb1dd8c27f1962c0493f39b0cd1631a6c05ad7dc9889cdba83,2026-08-31 16:56:49+00:00,2026-08-31 16:56:49+00:00,
RCV-000170,TXN-0001430,true,single debit confirmation; settlement not confirmed,COMPLETED,1,RELEASE_LIMIT,RECOVERED,VERIFIED,1347.89,1347.89,BDT,,mock,REL-81AC3AEC,autonomous-v1,RSA-0001430,2186d55c5f788b2e21592dbeb526f6ca7397685c3e9d07ace541bdbd6e1bbfd2,2026-09-13 23:55:43+00:00,2026-09-14 00:14:43+00:00,2026-09-14 00:15:00+00:00
RCV-000171,TXN-0001451,true,single debit confirmation; settlement not confirmed,BLOCKED,0,NO_ACTION,NOT_EXECUTED,NOT_VERIFIED,10896.52,,BDT,amount above auto-release cap,,,autonomous-v1,RSA-0001451,5fe9acdc5d70fe4f0c962e2679229956d37388b484476bf2061ceb5c86931297,2026-09-01 16:58:46+00:00,2026-09-01 16:58:46+00:00,
RCV-000172,TXN-0001452,true,single debit confirmation; settlement not confirmed,COMPLETED,0,MANUAL_REVIEW,RESOLVED_MANUALLY,REVIEWED,875.69,,BDT,,,,autonomous-v1,RSA-0001452,a4a43940612064d9ce65520281aaa685d3c510df729ff6ae0ff61822c6bd96d3,2026-05-10 00:05:26+00:00,,
RCV-000173,TXN-0001468,true,single debit confirmation; settlement not confirmed,COMPLETED,0,MANUAL_REVIEW,RESOLVED_MANUALLY,REVIEWED,383.56,,BDT,,,,autonomous-v1,RSA-0001468,372676cb8bfef3f39ec332329313847e52795efc157ef6865c6f96c4b73ffa49,2026-07-29 18:13:37+00:00,,
RCV-000174,TXN-0001470,true,single debit confirmation; settlement not confirmed,BLOCKED,0,NO_ACTION,NOT_EXECUTED,NOT_VERIFIED,4844.95,,BDT,amount above auto-release cap,,,autonomous-v1,RSA-0001470,a9d678cd1183bcd1f7f4bdb1aefc76f0071592caaca162eaf40fbabbccabbb04,2026-08-11 19:21:49+00:00,2026-08-11 19:21:49+00:00,
RCV-000175,TXN-0001471,true,single debit confirmation; settlement not confirmed,BLOCKED,0,NO_ACTION,NOT_EXECUTED,NOT_VERIFIED,1223.75,,BDT,,,,autonomous-v1,RSA-0001471,d02a4b6d9d33e8c980de63818964fa32380042bdec4048e9a4e7ce15831ba084,2026-08-12 11:54:00+00:00,,
RCV-000176,TXN-0001496,true,single debit confirmation; settlement not confirmed,BLOCKED,0,NO_ACTION,NOT_EXECUTED,NOT_VERIFIED,388.46,,BDT,,,,autonomous-v1,RSA-0001496,6dde620d6fc4a5c235d4efed87c17c87d79719cb2607b8555603f151d2fa6619,2026-03-17 17:18:32+00:00,,
RCV-000177,TXN-0001515,true,single debit confirmation; settlement not confirmed,BLOCKED,0,NO_ACTION,NOT_EXECUTED,NOT_VERIFIED,698.65,,BDT,policy block,,,autonomous-v1,RSA-0001515,e9c46086c755b9cb774abeefb9c87d7e0fabb9dea146faa2430a2a9cdc9b5ede,2026-09-08 21:12:29+00:00,2026-09-08 21:12:29+00:00,
RCV-000178,TXN-0001517,true,single debit confirmation; settlement not confirmed,COMPLETED,1,RELEASE_LIMIT,RECOVERED,VERIFIED,445.1,445.1,BDT,,mock,REL-0D73E5B8,autonomous-v1,RSA-0001517,354d81cfb524416da9cd8ce4e06defa0ba3865296ee73c3c19cb7758294246b7,2026-09-22 17:06:18+00:00,2026-09-22 17:17:18+00:00,2026-09-22 17:17:42+00:00
RCV-000179,TXN-0001529,true,single debit confirmation; settlement not confirmed,PENDING,0,MANUAL_REVIEW,AWAITING_REVIEW,NOT_VERIFIED,389.08,,BDT,,,,autonomous-v1,RSA-0001529,615d2e36d1bacf6fd62127576e1464c1873be3b3412673c110344e529b40a194,2026-06-21 01:57:53+00:00,,
RCV-000180,TXN-0001537,true,single debit confirmation; settlement not confirmed,PENDING,0,MANUAL_REVIEW,AWAITING_REVIEW,NOT_VERIFIED,316.3,,BDT,,,,autonomous-v1,RSA-0001537,878582e639e0f65b2e1c2202b6cd3e52c0057f67f4abd616609ae3ebfae0ee7c,2026-08-05 18:56:42+00:00,,
RCV-000181,TXN-0001542,false,settlement confirmed without merchant confirmation,COMPLETED,0,MANUAL_REVIEW,RESOLVED_MANUALLY,REVIEWED,3240.54,,BDT,,,,autonomous-v1,RSA-0001542,c00e5f21dcef6e2cfa257b5a8225783cc4cc6d3a671cda5d3a3fa401c4cb60bf,2026-08-23 16:07:15+00:00,,
RCV-000182,TXN-0001551,false,multiple customer debit confirmations,BLOCKED,0,NO_ACTION,NOT_EXECUTED,NOT_VERIFIED,2151.91,,BDT,DOUBLE_DEDUCTION,,,autonomous-v1,RSA-0001551,a78cb7ef2bd98bfe39e3262c23559dd82964005227bd0eb0a2432698d4329494,2026-06-16 07:57:41+00:00,2026-06-16 07:57:41+00:00,
RCV-000183,TXN-0001564,true,single debit confirmation; settlement not confirmed,BLOCKED,0,NO_ACTION,NOT_EXECUTED,NOT_VERIFIED,260.99,,BDT,,,,autonomous-v1,RSA-0001564,149af03a039cb7e92861be9ef39ab07c83d0b48289ce7caab1a27820c1dec891,2026-09-08 20:02:19+00:00,,
RCV-000184,TXN-0001588,false,insufficient payment evidence,BLOCKED,0,NO_ACTION,NOT_EXECUTED,NOT_VERIFIED,5477.73,,BDT,INSUFFICIENT_EVIDENCE,,,autonomous-v1,RSA-0001588,857f64c0f77758c476cc1aca538dc4be2d2e8a91a9c94a0e0081082f04d1d879,2025-10-25 22:28:41+00:00,2025-10-25 22:28:41+00:00,
RCV-000185,TXN-0001597,true,single debit confirmation; settlement not confirmed,BLOCKED,0,NO_ACTION,NOT_EXECUTED,NOT_VERIFIED,2095.11,,BDT,amount above auto-release cap,,,autonomous-v1,RSA-0001597,b08fe7560be79f8166720fff233bd5ebe682dc54a418a88fa4db1b596006b607,2026-06-27 08:41:53+00:00,2026-06-27 08:41:53+00:00,
RCV-000186,TXN-0001599,true,single debit confirmation; settlement not confirmed,BLOCKED,0,NO_ACTION,NOT_EXECUTED,NOT_VERIFIED,178.07,,BDT,,,,autonomous-v1,RSA-0001599,481f06bc9bd42c4c43174035d6e223fa204ac14eeb10af3a69750dd8566d582c,2025-11-26 14:34:12+00:00,,
RCV-000187,TXN-0001624,false,insufficient payment evidence,BLOCKED,0,NO_ACTION,NOT_EXECUTED,NOT_VERIFIED,562.32,,BDT,INSUFFICIENT_EVIDENCE,,,autonomous-v1,RSA-0001624,052092c8743cbe8c4f2d0cdd426ad21a264eb1f6da98f799b93233273dc67811,2026-09-05 09:19:00+00:00,2026-09-05 09:19:00+00:00,
RCV-000188,TXN-0001636,false,provider reference shared with another transaction,COMPLETED,0,MANUAL_REVIEW,RESOLVED_MANUALLY,REVIEWED,5934.91,,BDT,,,,autonomous-v1,RSA-0001636,5d7f50b8cbce198574f27d23562f346c8e040cc1e4be34e3421d836e9988e533,2026-08-01 02:53:23+00:00,,
RCV-000189,TXN-0001638,false,multiple customer debit confirmations,BLOCKED,0,NO_ACTION,NOT_EXECUTED,NOT_VERIFIED,5648.76,,BDT,DOUBLE_DEDUCTION,,,autonomous-v1,RSA-0001638,2ba6d7fb3c2498f6f8d9b6e01b4119fffe5fd60b5c254ad5c936c1551aa8b512,2026-08-04 23:25:25+00:00,2026-08-04 23:25:25+00:00,
RCV-000190,TXN-0001639,true,single debit confirmation; settlement not confirmed,BLOCKED,0,NO_ACTION,NOT_EXECUTED,NOT_VERIFIED,451.55,,BDT,,,,autonomous-v1,RSA-0001639,0181dc0b5a5408b93d434e0e672047b90921e47d96db99c44fbcc0741f9af0f4,2026-08-10 07:10:56+00:00,,
RCV-000191,TXN-0001640,true,single debit confirmation; settlement not confirmed,COMPLETED,1,RELEASE_LIMIT,RECOVERED,VERIFIED,407.73,407.73,BDT,,mock,REL-DBAC166F,autonomous-v1,RSA-0001640,3b28193a92fc7e61d5387a3c4e82b6fdc18b7cc281bc2e59cce573533669458e,2026-08-15 23:22:29+00:00,2026-08-15 23:41:29+00:00,2026-08-15 23:41:37+00:00
RCV-000192,TXN-0001642,true,single debit confirmation; settlement not confirmed,BLOCKED,0,NO_ACTION,NOT_EXECUTED,NOT_VERIFIED,985.09,,BDT,policy block,,,autonomous-v1,RSA-0001642,05cd8346a9d2f29f697dbf5e8d9fe373108dfe1ae1492d5ca844b446f19e2244,2026-09-05 20:29:40+00:00,2026-09-05 20:29:40+00:00,
RCV-000193,TXN-0001643,false,multiple customer debit confirmations,BLOCKED,0,NO_ACTION,NOT_EXECUTED,NOT_VERIFIED,31795.58,,BDT,DOUBLE_DEDUCTION,,,autonomous-v1,RSA-0001643,07417a4ace2f0a8fdc3a5883d796f9cd6803702f511a21b825fcd5e91f734a6b,2026-09-17 16:52:10+00:00,2026-09-17 16:52:10+00:00,
RCV-000194,TXN-0001646,false,provider reference shared with another transaction,COMPLETED,0,MANUAL_REVIEW,RESOLVED_MANUALLY,REVIEWED,162.75,,BDT,,,,autonomous-v1,RSA-0001646,498857cdcd6270f105b7efedd1d9134382e7b36d6738a036f079b345c43754d0,2026-09-29 07:01:56+00:00,,
RCV-000195,TXN-0001647,true,single debit confirmation; settlement not confirmed,BLOCKED,0,NO_ACTION,NOT_EXECUTED,NOT_VERIFIED,1061.03,,BDT,policy block,,,autonomous-v1,RSA-0001647,787987e72fc4af494fc5eb291a9afec12ad7cc6a553c2fe179c9c0815e3ca553,2025-10-23 04:56:39+00:00,2025-10-23 04:56:39+00:00,
RCV-000196,TXN-0001685,true,single debit confirmation; settlement not confirmed,BLOCKED,0,NO_ACTION,NOT_EXECUTED,NOT_VERIFIED,2429.55,,BDT,amount above auto-release cap,,,autonomous-v1,RSA-0001685,675ea35d83900d0946db65e9969fbed0e90335f387e1b94abf976151c1856af8,2026-05-27 20:23:20+00:00,2026-05-27 20:23:20+00:00,
RCV-000197,TXN-0001729,false,insufficient payment evidence,BLOCKED,0,NO_ACTION,NOT_EXECUTED,NOT_VERIFIED,11739.74,,BDT,INSUFFICIENT_EVIDENCE,,,autonomous-v1,RSA-0001729,e038d411b6d3297772ecabf56b0590e5886879c25702ad3830a5fd6d6be1b8ad,2025-11-07 13:46:58+00:00,2025-11-07 13:46:58+00:00,
RCV-000198,TXN-0001731,false,insufficient payment evidence,BLOCKED,0,NO_ACTION,NOT_EXECUTED,NOT_VERIFIED,1267.03,,BDT,INSUFFICIENT_EVIDENCE,,,autonomous-v1,RSA-0001731,6e4e9253c6b46688122f360d63d43b05f404682b2051a1dbc24868e1dde6ab09,2025-12-01 20:15:53+00:00,2025-12-01 20:15:53+00:00,
RCV-000199,TXN-0001737,false,settlement confirmed without merchant confirmation,PENDING,0,MANUAL_REVIEW,AWAITING_REVIEW,NOT_VERIFIED,2156.12,,BDT,,,,autonomous-v1,RSA-0001737,ca5ef36d85aa3d4be1547ec0526e59f0f4edb52dd93d82b20cefd7aa0058dd0a,2026-01-03 21:57:21+00:00,,
RCV-000200,TXN-0001767,true,single debit confirmation; settlement not confirmed,PENDING,0,MANUAL_REVIEW,AWAITING_REVIEW,NOT_VERIFIED,452.34,,BDT,,,,autonomous-v1,RSA-0001767,908ff18ef5ebd5f9122fbd7cf83d7cf4ab7814521bafd03ad55774d89a60b6ec,2026-08-14 02:29:58+00:00,,
RCV-000201,TXN-0001770,true,single debit confirmation; settlement not confirmed,BLOCKED,0,NO_ACTION,NOT_EXECUTED,NOT_VERIFIED,14306.68,,BDT,amount above auto-release cap,,,autonomous-v1,RSA-0001770,ff15f0c6b1bf91cb6c45c31d7133eb2b519af4b3a7203f76ec98754f39d7c64d,2026-09-10 02:04:06+00:00,2026-09-10 02:04:06+00:00,
RCV-000202,TXN-0001772,true,single debit confirmation; settlement not confirmed,BLOCKED,0,NO_ACTION,NOT_EXECUTED,NOT_VERIFIED,37238.42,,BDT,amount above auto-release cap,,,autonomous-v1,RSA-0001772,6d71a73b82b283baaa6b75b47d6e0b5872f276f052c840e7a817ffa2e8d5bd7a,2026-09-24 04:14:31+00:00,2026-09-24 04:14:31+00:00,
RCV-000203,TXN-0001773,true,single debit confirmation; settlement not confirmed,BLOCKED,0,NO_ACTION,NOT_EXECUTED,NOT_VERIFIED,1489.06,,BDT,policy block,,,autonomous-v1,RSA-0001773,25ba2484c9f3c14452b9368c6b8278d754f8b59560e16f31215a716deb7e2a66,2026-05-06 15:35:13+00:00,2026-05-06 15:35:13+00:00,
RCV-000204,TXN-0001804,false,insufficient payment evidence,BLOCKED,0,NO_ACTION,NOT_EXECUTED,NOT_VERIFIED,183.33,,BDT,INSUFFICIENT_EVIDENCE,,,autonomous-v1,RSA-0001804,e82e676ba5b6e20cd4d89a178b9b8b3abe3e40ead75b466d53dbc3d396a8d647,2026-05-30 03:49:31+00:00,2026-05-30 03:49:31+00:00,
RCV-000205,TXN-0001840,true,single debit confirmation; settlement not confirmed,BLOCKED,0,NO_ACTION,NOT_EXECUTED,NOT_VERIFIED,2118.82,,BDT,amount above auto-release cap,,,autonomous-v1,RSA-0001840,9582368a32f75a81d0deeeb71dbdfd51d7e59242b25214c0ea1c74286b60ba98,2026-07-03 14:05:40+00:00,2026-07-03 14:05:40+00:00,
RCV-000206,TXN-0001861,false,settlement confirmed without merchant confirmation,PENDING,0,MANUAL_REVIEW,AWAITING_REVIEW,NOT_VERIFIED,37992.91,,BDT,,,,autonomous-v1,RSA-0001861,6f0b63f25fe15da9a5716289fd98a58dceec5b07bea874e11ec09dbf5b489345,2026-06-03 22:59:26+00:00,,
RCV-000207,TXN-0001875,true,single debit confirmation; settlement not confirmed,BLOCKED,0,NO_ACTION,NOT_EXECUTED,NOT_VERIFIED,999.07,,BDT,policy block,,,autonomous-v1,RSA-0001875,127ffa9cfcdbfefa863064283c6d953b744d694184d036b89de7c54defb2e89a,2026-07-18 17:29:21+00:00,2026-07-18 17:29:21+00:00,
RCV-000208,TXN-0001880,true,single debit confirmation; settlement not confirmed,BLOCKED,0,NO_ACTION,NOT_EXECUTED,NOT_VERIFIED,987.67,,BDT,policy block,,,autonomous-v1,RSA-0001880,ecffbf73780f5bff8aa9044f68808376f8bc50007462f2b5b873fe2e91cec5a9,2026-09-07 01:14:39+00:00,2026-09-07 01:14:39+00:00,
RCV-000209,TXN-0001893,true,single debit confirmation; settlement not confirmed,BLOCKED,0,NO_ACTION,NOT_EXECUTED,NOT_VERIFIED,2605.62,,BDT,amount above auto-release cap,,,autonomous-v1,RSA-0001893,39d61a452f4d9fa8c28b16b8fb0e6772cf6bdc6189772f562400fe56d962758b,2026-05-20 03:47:18+00:00,2026-05-20 03:47:18+00:00,
RCV-000210,TXN-0001916,true,single debit confirmation; settlement not confirmed,PENDING,0,MANUAL_REVIEW,AWAITING_REVIEW,NOT_VERIFIED,459.92,,BDT,,,,autonomous-v1,RSA-0001916,626e2ba594742c6fe92f28df46c9f81f814240343265d0ff4d5ae34cd89c9cba,2026-01-06 17:26:51+00:00,,
RCV-000211,TXN-0001922,true,single debit confirmation; settlement not confirmed,COMPLETED,0,MANUAL_REVIEW,RESOLVED_MANUALLY,REVIEWED,242.94,,BDT,,,,autonomous-v1,RSA-0001922,1f9505fe47bf90fa2fd91bb73f9ed02d283c13a59f76ce4a607517ef02674b1d,2026-04-07 21:17:52+00:00,,
RCV-000212,TXN-0001926,true,single debit confirmation; settlement not confirmed,BLOCKED,0,NO_ACTION,NOT_EXECUTED,NOT_VERIFIED,8159.66,,BDT,amount above auto-release cap,,,autonomous-v1,RSA-0001926,c8567426c400f0785e77ab20dcfa60c0314f2a901251e0c5b037ae4b2573665b,2026-07-17 10:50:35+00:00,2026-07-17 10:50:35+00:00,
RCV-000213,TXN-0001957,true,single debit confirmation; settlement not confirmed,BLOCKED,0,NO_ACTION,NOT_EXECUTED,NOT_VERIFIED,445.22,,BDT,policy block,,,autonomous-v1,RSA-0001957,87f11b52b16adb06055cfb31a35dec2b644a812dfe3c50b0dd6db8ed595648c7,2026-06-08 00:50:59+00:00,2026-06-08 00:50:59+00:00,
RCV-000214,TXN-0001981,false,provider reference shared with another transaction,COMPLETED,0,MANUAL_REVIEW,RESOLVED_MANUALLY,REVIEWED,1149.49,,BDT,,,,autonomous-v1,RSA-0001981,423eef5fda5c0a436d2eeb0c445ea3b7078a9a18cde7a2e3a912dcb97d81d14f,2026-01-20 02:27:31+00:00,,
RCV-000215,TXN-0002007,true,single debit confirmation; settlement not confirmed,BLOCKED,0,NO_ACTION,NOT_EXECUTED,NOT_VERIFIED,547.17,,BDT,policy block,,,autonomous-v1,RSA-0002007,06828a1589c17db67647ea380b9e4ad773232e49e32c0ca37760f3dfaab7b9cf,2026-03-01 04:49:14+00:00,2026-03-01 04:49:14+00:00,
RCV-000216,TXN-0002017,true,single debit confirmation; settlement not confirmed,BLOCKED,0,NO_ACTION,NOT_EXECUTED,NOT_VERIFIED,4889.56,,BDT,policy block,,,autonomous-v1,RSA-0002017,57f40a750d1a2ecbd36a386b68f84ef3578d632365f13e9dc5dee63aefe99b80,2026-08-08 19:15:03+00:00,2026-08-08 19:15:03+00:00,
RCV-000217,TXN-0002022,true,single debit confirmation; settlement not confirmed,PENDING,0,MANUAL_REVIEW,AWAITING_REVIEW,NOT_VERIFIED,389.39,,BDT,,,,autonomous-v1,RSA-0002022,dcd7f4f812d457c22d7f9fc8dd9d6ee3850752f5fdfb690737ea6dd44c5d6ca0,2026-03-26 12:00:17+00:00,,
RCV-000218,TXN-0002052,true,single debit confirmation; settlement not confirmed,BLOCKED,0,NO_ACTION,NOT_EXECUTED,NOT_VERIFIED,2275.28,,BDT,amount above auto-release cap,,,autonomous-v1,RSA-0002052,5d08d8ce70b80bb91fa84282d342c7a464449e972ebc561e70f9171ae4a27e53,2026-05-28 09:25:13+00:00,2026-05-28 09:25:13+00:00,
RCV-000219,TXN-0002056,false,insufficient payment evidence,BLOCKED,0,NO_ACTION,NOT_EXECUTED,NOT_VERIFIED,359.76,,BDT,INSUFFICIENT_EVIDENCE,,,autonomous-v1,RSA-0002056,5205840e662f8b76dba926d8a30891dc219357e51d137087e6c3012d5331dc25,2026-07-22 12:31:33+00:00,2026-07-22 12:31:33+00:00,
RCV-000220,TXN-0002057,true,single debit confirmation; settlement not confirmed,BLOCKED,0,NO_ACTION,NOT_EXECUTED,NOT_VERIFIED,2371.57,,BDT,amount above auto-release cap,,,autonomous-v1,RSA-0002057,05df737b72a2c1d1bbbe16ca036e1ec54965978ba7476f77ea5abfc39ee717a5,2026-08-18 12:07:54+00:00,2026-08-18 12:07:54+00:00,
RCV-000221,TXN-0002058,true,single debit confirmation; settlement not confirmed,COMPLETED,0,MANUAL_REVIEW,RESOLVED_MANUALLY,REVIEWED,1387.98,,BDT,,,,autonomous-v1,RSA-0002058,76b32cc98aa184e11b43d2d53f0f0e70f743a5db7895cb73f7def712236edd55,2026-08-28 15:29:32+00:00,,
RCV-000222,TXN-0002104,true,single debit confirmation; settlement not confirmed,BLOCKED,0,NO_ACTION,NOT_EXECUTED,NOT_VERIFIED,1649.46,,BDT,amount above auto-release cap,,,autonomous-v1,RSA-0002104,534b9652055572bee9862d7f55920bec9ee1ba1cfa939d2241c1b979c08985b9,2026-08-23 05:37:14+00:00,2026-08-23 05:37:14+00:00,
RCV-000223,TXN-0002116,true,single debit confirmation; settlement not confirmed,BLOCKED,0,NO_ACTION,NOT_EXECUTED,NOT_VERIFIED,44342.87,,BDT,amount above auto-release cap,,,autonomous-v1,RSA-0002116,a53f1f497eceddf2fcd335baab4acad008ef5c012e5612b9fb1c7146ede0254e,2026-07-17 04:08:22+00:00,2026-07-17 04:08:22+00:00,
RCV-000224,TXN-0002127,false,settlement confirmed without merchant confirmation,COMPLETED,0,MANUAL_REVIEW,RESOLVED_MANUALLY,REVIEWED,10560.93,,BDT,,,,autonomous-v1,RSA-0002127,878a4cd4a6463f962f469f6554af5f39503d343613bb2d6a7d600ccc812cfc01,2026-08-13 09:06:20+00:00,,
RCV-000225,TXN-0002136,true,single debit confirmation; settlement not confirmed,BLOCKED,0,NO_ACTION,NOT_EXECUTED,NOT_VERIFIED,25816.73,,BDT,amount above auto-release cap,,,autonomous-v1,RSA-0002136,8fd2f38841e8e9cca8090c2cf5a70a12839df017acc2f78bd49c2d11cb36977e,2026-09-04 09:12:09+00:00,2026-09-04 09:12:09+00:00,
RCV-000226,TXN-0002191,true,single debit confirmation; settlement not confirmed,BLOCKED,0,NO_ACTION,NOT_EXECUTED,NOT_VERIFIED,163223.55,,BDT,policy block,,,autonomous-v1,RSA-0002191,acfa12c5418f53fb28314288b744996330e4c1d0d9cd9c6b70c59db285f0ad9c,2026-07-02 12:08:56+00:00,2026-07-02 12:08:56+00:00,
RCV-000227,TXN-0002228,true,single debit confirmation; settlement not confirmed,BLOCKED,0,NO_ACTION,NOT_EXECUTED,NOT_VERIFIED,1822.07,,BDT,amount above auto-release cap,,,autonomous-v1,RSA-0002228,d6e0cddc22be51318758af4664abbdc885ace550113b5ac544566249dfde26db,2026-02-10 19:26:07+00:00,2026-02-10 19:26:07+00:00,
RCV-000228,TXN-0002230,true,single debit confirmation; settlement not confirmed,COMPLETED,0,MANUAL_REVIEW,RESOLVED_MANUALLY,REVIEWED,379.57,,BDT,,,,autonomous-v1,RSA-0002230,aa3aa0ba444a64b57ea2f9ded58a46a64ad63a9796f83cffa3187d9f92d12eaf,2026-02-18 15:39:39+00:00,,
RCV-000229,TXN-0002238,false,multiple customer debit confirmations,BLOCKED,0,NO_ACTION,NOT_EXECUTED,NOT_VERIFIED,1556.75,,BDT,DOUBLE_DEDUCTION,,,autonomous-v1,RSA-0002238,c8c692e8e03c407155a637679b4487dc51805535d3e83dd206e8853755d078d0,2026-06-28 05:09:03+00:00,2026-06-28 05:09:03+00:00,
RCV-000230,TXN-0002241,false,insufficient payment evidence,BLOCKED,0,NO_ACTION,NOT_EXECUTED,NOT_VERIFIED,559.77,,BDT,INSUFFICIENT_EVIDENCE,,,autonomous-v1,RSA-0002241,cee919d5e589bc746e3a485c1a5e8f984beff8376b843c46efd9fd11a6e69107,2026-07-24 13:14:45+00:00,2026-07-24 13:14:45+00:00,
RCV-000231,TXN-0002243,true,single debit confirmation; settlement not confirmed,PENDING,0,MANUAL_REVIEW,AWAITING_REVIEW,NOT_VERIFIED,343.99,,BDT,,,,autonomous-v1,RSA-0002243,b842597f41a01a04d9db5c43e6ec96cc9faec7d05659f82019eb0338d83ecdaf,2026-08-16 00:31:58+00:00,,
RCV-000232,TXN-0002248,true,single debit confirmation; settlement not confirmed,PENDING,0,MANUAL_REVIEW,AWAITING_REVIEW,NOT_VERIFIED,168.92,,BDT,,,,autonomous-v1,RSA-0002248,fd290814fc8c30ea7bab59ed073d76d80eceacb4cfd0373c080fee990990805b,2026-05-05 17:08:00+00:00,,
RCV-000233,TXN-0002262,true,single debit confirmation; settlement not confirmed,BLOCKED,0,NO_ACTION,NOT_EXECUTED,NOT_VERIFIED,1759.1,,BDT,amount above auto-release cap,,,autonomous-v1,RSA-0002262,26da8f91dad99b80c14b81d7b6b6fa56b0441633a07677fa0e9579c1ac3163f0,2026-05-03 05:24:18+00:00,2026-05-03 05:24:18+00:00,
RCV-000234,TXN-0002264,false,multiple customer debit confirmations,BLOCKED,0,NO_ACTION,NOT_EXECUTED,NOT_VERIFIED,2639.62,,BDT,DOUBLE_DEDUCTION,,,autonomous-v1,RSA-0002264,cc8dc507e52c96ed98893e9f22e21a1037da8321215b9f3f421f6b1297394dc4,2026-05-18 05:52:00+00:00,2026-05-18 05:52:00+00:00,
RCV-000235,TXN-0002271,true,single debit confirmation; settlement not confirmed,BLOCKED,0,NO_ACTION,NOT_EXECUTED,NOT_VERIFIED,2576.31,,BDT,amount above auto-release cap,,,autonomous-v1,RSA-0002271,5af6b2a053799325eca65c4baf88eb8f0db282cd3a69edfc93ba5b5216439a03,2026-07-11 04:44:44+00:00,2026-07-11 04:44:44+00:00,
RCV-000236,TXN-0002304,true,single debit confirmation; settlement not confirmed,BLOCKED,0,NO_ACTION,NOT_EXECUTED,NOT_VERIFIED,3867.21,,BDT,amount above auto-release cap,,,autonomous-v1,RSA-0002304,919cf526d65423c47a7fd73b55b3bfce46da55234bd8d351c4dcbf520e62f571,2026-05-17 16:24:25+00:00,2026-05-17 16:24:25+00:00,
RCV-000237,TXN-0002313,false,unusual pattern; manual review,BLOCKED,0,NO_ACTION,NOT_EXECUTED,NOT_VERIFIED,52210.21,,BDT,unusual retry/attempt pattern without a determinable payment outcome,,,autonomous-v1,RSA-0002313,60ab320bc818ac832534d0ce134f7f9e3f4dfd6a2cf9e78e2f0e55310a75877a,2026-06-03 05:43:01+00:00,2026-06-03 05:43:01+00:00,
RCV-000238,TXN-0002319,true,single debit confirmation; settlement not confirmed,BLOCKED,0,NO_ACTION,NOT_EXECUTED,NOT_VERIFIED,6617.99,,BDT,amount above auto-release cap,,,autonomous-v1,RSA-0002319,23056043571d9d4211433e2141344df7fd52936ab8e1777677eadb329632cb58,2026-06-13 07:03:42+00:00,2026-06-13 07:03:42+00:00,
RCV-000239,TXN-0002321,false,evidence contradicts reported failure,BLOCKED,0,NO_ACTION,NOT_EXECUTED,NOT_VERIFIED,596.46,,BDT,,,,autonomous-v1,RSA-0002321,cd36ef41c1e7e55713e22cf30ba184556d2a45d1bc888d6f53d6c6a21bcc1b8a,2026-06-14 01:03:54+00:00,,
RCV-000240,TXN-0002322,true,single debit confirmation; settlement not confirmed,BLOCKED,0,NO_ACTION,NOT_EXECUTED,NOT_VERIFIED,997.47,,BDT,policy block,,,autonomous-v1,RSA-0002322,01f4e8475fb2e75392752f296729757c76443372b48f81127c9ebd9ac33e0cd3,2026-06-15 05:34:17+00:00,2026-06-15 05:34:17+00:00,
RCV-000241,TXN-0002324,true,single debit confirmation; settlement not confirmed,BLOCKED,0,NO_ACTION,NOT_EXECUTED,NOT_VERIFIED,10810.35,,BDT,amount above auto-release cap,,,autonomous-v1,RSA-0002324,759d350a9c94985af7cf52be148b75171a540458c74110bad99b6c04acee9ead,2026-06-26 04:58:52+00:00,2026-06-26 04:58:52+00:00,
RCV-000242,TXN-0002338,true,single debit confirmation; settlement not confirmed,BLOCKED,0,NO_ACTION,NOT_EXECUTED,NOT_VERIFIED,1015531.67,,BDT,amount above auto-release cap,,,autonomous-v1,RSA-0002338,7ff32d74406b8e76dad9de1e03100015730b8242b2bcae24c0d8c50a9bb1faf5,2026-07-04 14:04:30+00:00,2026-07-04 14:04:30+00:00,
RCV-000243,TXN-0002344,false,settlement confirmed without merchant confirmation,PENDING,0,MANUAL_REVIEW,AWAITING_REVIEW,NOT_VERIFIED,23127.85,,BDT,,,,autonomous-v1,RSA-0002344,a7e237ef23876649cfd1456ee0e7988db9cd1566b0004c31cb57d91445863b58,2026-08-22 03:02:27+00:00,,
RCV-000244,TXN-0002360,true,single debit confirmation; settlement not confirmed,BLOCKED,0,NO_ACTION,NOT_EXECUTED,NOT_VERIFIED,3282.63,,BDT,amount above auto-release cap,,,autonomous-v1,RSA-0002360,a8c87771a1a792a129a9d690d82a37ed0cc8bf5fbdce19d3602739f38a4076f2,2026-08-06 15:46:16+00:00,2026-08-06 15:46:16+00:00,
RCV-000245,TXN-0002362,true,single debit confirmation; settlement not confirmed,BLOCKED,0,NO_ACTION,NOT_EXECUTED,NOT_VERIFIED,2423.6,,BDT,policy block,,,autonomous-v1,RSA-0002362,372c382a683dde8bf4fe6eaab69053c3dbe4a83dbe0d35953eebf2f7139c689a,2026-08-11 08:30:59+00:00,2026-08-11 08:30:59+00:00,
RCV-000246,TXN-0002370,true,single debit confirmation; settlement not confirmed,BLOCKED,0,NO_ACTION,NOT_EXECUTED,NOT_VERIFIED,11705.71,,BDT,amount above auto-release cap,,,autonomous-v1,RSA-0002370,e3ccd983fca62a78d6d6d7012d205f38c0aa457794247c4f6acb9bf0ed729631,2026-09-08 03:08:00+00:00,2026-09-08 03:08:00+00:00,
RCV-000247,TXN-0002374,true,single debit confirmation; settlement not confirmed,BLOCKED,0,NO_ACTION,NOT_EXECUTED,NOT_VERIFIED,3934.07,,BDT,amount above auto-release cap,,,autonomous-v1,RSA-0002374,46f373d0343868f13e6cf2c6a5160719ed43bef4816600f8a3c47a9b58a0a902,2026-09-18 20:16:46+00:00,2026-09-18 20:16:46+00:00,
RCV-000248,TXN-0002380,true,single debit confirmation; settlement not confirmed,BLOCKED,0,NO_ACTION,NOT_EXECUTED,NOT_VERIFIED,1364.32,,BDT,,,,autonomous-v1,RSA-0002380,b741909cb136364ddb46789d1ff2585a65439c964e329749eaceca2e138b973e,2026-04-12 05:22:38+00:00,,
RCV-000249,TXN-0002395,true,single debit confirmation; settlement not confirmed,BLOCKED,0,NO_ACTION,NOT_EXECUTED,NOT_VERIFIED,1002.34,,BDT,policy block,,,autonomous-v1,RSA-0002395,d3b7dc0eff02ceb2180f12bd77940038758dd6daf3e2df4e3c906b08bf5c838e,2026-08-28 23:56:29+00:00,2026-08-28 23:56:29+00:00,
RCV-000250,TXN-0002398,true,single debit confirmation; settlement not confirmed,BLOCKED,0,NO_ACTION,NOT_EXECUTED,NOT_VERIFIED,8834.38,,BDT,amount above auto-release cap,,,autonomous-v1,RSA-0002398,3a5431e7c7c4d03a781f81850ebbc63764b4f9155ccad2fc312f9857444192f2,2025-11-25 15:59:18+00:00,2025-11-25 15:59:18+00:00,
RCV-000251,TXN-0002408,false,insufficient payment evidence,BLOCKED,0,NO_ACTION,NOT_EXECUTED,NOT_VERIFIED,3926.92,,BDT,INSUFFICIENT_EVIDENCE,,,autonomous-v1,RSA-0002408,921a74ee78dd9bc0ddce84ce320c59fccc19af383ccf38e6d2fcd20172bf1685,2026-04-22 20:07:28+00:00,2026-04-22 20:07:28+00:00,
RCV-000252,TXN-0002414,true,single debit confirmation; settlement not confirmed,BLOCKED,0,NO_ACTION,NOT_EXECUTED,NOT_VERIFIED,2123.55,,BDT,policy block,,,autonomous-v1,RSA-0002414,3917e60d313f59c9530610c9eb93909c214ef9c8d69685bfd982b7e7b0ed0902,2026-07-23 18:58:27+00:00,2026-07-23 18:58:27+00:00,
RCV-000253,TXN-0002422,false,settlement confirmed without merchant confirmation,PENDING,0,MANUAL_REVIEW,AWAITING_REVIEW,NOT_VERIFIED,43290.46,,BDT,,,,autonomous-v1,RSA-0002422,844a7da502c44ea65b3b8734f80376600cb531ce49f67561ceef604c1a1ada35,2026-08-02 04:26:17+00:00,,
RCV-000254,TXN-0002423,true,single debit confirmation; settlement not confirmed,BLOCKED,0,NO_ACTION,NOT_EXECUTED,NOT_VERIFIED,4013.83,,BDT,amount above auto-release cap,,,autonomous-v1,RSA-0002423,bb515d183f8109abc8354713ab0f4401cc62e3d1ff2b19ba69adb849a1bf141f,2026-08-09 07:10:32+00:00,2026-08-09 07:10:32+00:00,
RCV-000255,TXN-0002434,true,single debit confirmation; settlement not confirmed,PENDING,0,MANUAL_REVIEW,AWAITING_REVIEW,NOT_VERIFIED,1223.25,,BDT,,,,autonomous-v1,RSA-0002434,34053aa71399984507c46efc4190044b2f092f19213809e5ec2ac3a7794f9049,2026-09-24 05:42:49+00:00,,
RCV-000256,TXN-0002451,true,single debit confirmation; settlement not confirmed,BLOCKED,0,NO_ACTION,NOT_EXECUTED,NOT_VERIFIED,1141.26,,BDT,,,,autonomous-v1,RSA-0002451,61e51d9baf1da595469981181196f3575ed276b1eff6673372696c4bfcc6c217,2026-05-13 00:07:08+00:00,,
RCV-000257,TXN-0002452,true,single debit confirmation; settlement not confirmed,COMPLETED,0,MANUAL_REVIEW,RESOLVED_MANUALLY,REVIEWED,884.87,,BDT,,,,autonomous-v1,RSA-0002452,4ea4f2d5323d16dd1fcdf23a8bf199cde693caa5cd2c7a90ee2d14c6093ae284,2026-05-14 12:26:41+00:00,,
RCV-000258,TXN-0002453,true,single debit confirmation; settlement not confirmed,BLOCKED,0,NO_ACTION,NOT_EXECUTED,NOT_VERIFIED,2041.22,,BDT,amount above auto-release cap,,,autonomous-v1,RSA-0002453,fb984dbe49e88085da611feada6fe03ec88338e1b1defa69583243706cd43522,2026-05-20 04:24:32+00:00,2026-05-20 04:24:32+00:00,
RCV-000259,TXN-0002455,true,single debit confirmation; settlement not confirmed,BLOCKED,0,NO_ACTION,NOT_EXECUTED,NOT_VERIFIED,4280.8,,BDT,amount above auto-release cap,,,autonomous-v1,RSA-0002455,46dd4f1f7929ac6d2a5788cd530d233c75726fb8f7f00685af004621140cd882,2026-06-05 13:29:56+00:00,2026-06-05 13:29:56+00:00,
RCV-000260,TXN-0002457,false,insufficient payment evidence,BLOCKED,0,NO_ACTION,NOT_EXECUTED,NOT_VERIFIED,6542.96,,BDT,INSUFFICIENT_EVIDENCE,,,autonomous-v1,RSA-0002457,21c53610eca9e7bd923379df7052cb8b3f77ada36ad84d85a9d4fa1c929225c5,2026-06-12 06:54:56+00:00,2026-06-12 06:54:56+00:00,
RCV-000261,TXN-0002458,true,single debit confirmation; settlement not confirmed,PENDING,0,MANUAL_REVIEW,AWAITING_REVIEW,NOT_VERIFIED,243.52,,BDT,,,,autonomous-v1,RSA-0002458,6cc210ba77cafcad41a816c2841462507c84db2fb01a5ec122a6b848874703b8,2026-06-12 20:24:26+00:00,,
RCV-000262,TXN-0002459,true,single debit confirmation; settlement not confirmed,PENDING,0,MANUAL_REVIEW,AWAITING_REVIEW,NOT_VERIFIED,283.11,,BDT,,,,autonomous-v1,RSA-0002459,4c2dd5ed9cca0883d6be39fe23588cd3667741fee97741f79b98ad3db03a0516,2026-06-22 11:07:58+00:00,,
RCV-000263,TXN-0002460,true,single debit confirmation; settlement not confirmed,COMPLETED,0,MANUAL_REVIEW,RESOLVED_MANUALLY,REVIEWED,702.24,,BDT,,,,autonomous-v1,RSA-0002460,89588f21f01c101390a788c9c43ea74b8250aabb8524160993a3a5988e0ccbbc,2026-06-22 12:58:14+00:00,,
RCV-000264,TXN-0002461,true,single debit confirmation; settlement not confirmed,BLOCKED,0,NO_ACTION,NOT_EXECUTED,NOT_VERIFIED,2928.8,,BDT,amount above auto-release cap,,,autonomous-v1,RSA-0002461,46c092ac407d544a8e3a03534c4fa50326b538d20e756ee720dac34d6383814e,2026-06-24 13:53:28+00:00,2026-06-24 13:53:28+00:00,
RCV-000265,TXN-0002464,false,settlement confirmed without merchant confirmation,PENDING,0,MANUAL_REVIEW,AWAITING_REVIEW,NOT_VERIFIED,327.83,,BDT,,,,autonomous-v1,RSA-0002464,956416b0c73c21b63aa7fd506dd1d8fb0e9334b47f674589f98b3289575b7f21,2026-07-11 12:32:53+00:00,,
RCV-000266,TXN-0002467,true,single debit confirmation; settlement not confirmed,PENDING,0,MANUAL_REVIEW,AWAITING_REVIEW,NOT_VERIFIED,959.06,,BDT,,,,autonomous-v1,RSA-0002467,175e7745a2ef3326ada0301688e5cd8f75536d0396009eb5d551cef0eac088ca,2026-08-13 17:06:18+00:00,,
RCV-000267,TXN-0002471,true,single debit confirmation; settlement not confirmed,PENDING,0,MANUAL_REVIEW,AWAITING_REVIEW,NOT_VERIFIED,1106.86,,BDT,,,,autonomous-v1,RSA-0002471,c77d95d2a8130e67643a5ee01c1f44414179fe02998fd0e3ab70218baed621e9,2026-09-16 23:20:54+00:00,,
RCV-000268,TXN-0002479,false,insufficient payment evidence,BLOCKED,0,NO_ACTION,NOT_EXECUTED,NOT_VERIFIED,789.0,,BDT,INSUFFICIENT_EVIDENCE,,,autonomous-v1,RSA-0002479,b119c2358ea0cf37194e7191b61817be983ca069bde73cc585caf8ddb30ab282,2026-05-24 05:16:49+00:00,2026-05-24 05:16:49+00:00,
RCV-000269,TXN-0002484,true,single debit confirmation; settlement not confirmed,COMPLETED,0,MANUAL_REVIEW,RESOLVED_MANUALLY,REVIEWED,1477.12,,BDT,,,,autonomous-v1,RSA-0002484,2d3b64e66b375642bbe8d17db2d79eca2be0861078416333ee03dc8ccb987cc8,2026-06-26 04:46:00+00:00,,
RCV-000270,TXN-0002507,false,multiple customer debit confirmations,BLOCKED,0,NO_ACTION,NOT_EXECUTED,NOT_VERIFIED,1890.08,,BDT,DOUBLE_DEDUCTION,,,autonomous-v1,RSA-0002507,a215350721fd570cd99ba18fde3b89ff3b9dd35608a9df4d7eda5a204caa9856,2026-09-23 02:38:21+00:00,2026-09-23 02:38:21+00:00,
RCV-000271,TXN-0002510,true,single debit confirmation; settlement not confirmed,BLOCKED,0,NO_ACTION,NOT_EXECUTED,NOT_VERIFIED,6081.84,,BDT,amount above auto-release cap,,,autonomous-v1,RSA-0002510,ebc27350f09abc062cfb198a4d18a8a4605b2f99dbb2bb8eeebab3a16cdeff18,2026-09-29 03:38:25+00:00,2026-09-29 03:38:25+00:00,
RCV-000272,TXN-0002512,false,settlement confirmed without merchant confirmation,PENDING,0,MANUAL_REVIEW,AWAITING_REVIEW,NOT_VERIFIED,7426.55,,BDT,,,,autonomous-v1,RSA-0002512,095fc5ac300492b11ee676d90e0a3e55250c64bb94f4b145b2aeb5e963e770f2,2026-06-18 01:51:16+00:00,,
RCV-000273,TXN-0002519,false,multiple customer debit confirmations,BLOCKED,0,NO_ACTION,NOT_EXECUTED,NOT_VERIFIED,14900.68,,BDT,DOUBLE_DEDUCTION,,,autonomous-v1,RSA-0002519,e0fb8b10f3908f1007161899047c5965291af3ac244e4933451c3e10602eef87,2026-09-12 17:31:47+00:00,2026-09-12 17:31:47+00:00,
RCV-000274,TXN-0002526,true,single debit confirmation; settlement not confirmed,COMPLETED,0,MANUAL_REVIEW,RESOLVED_MANUALLY,REVIEWED,1418.69,,BDT,,,,autonomous-v1,RSA-0002526,0da37b154a2dbe68eae9ecc28b89b9ef3d63aa1e382e0d3be813a1063157a2a9,2026-01-06 22:36:51+00:00,,
RCV-000275,TXN-0002536,true,single debit confirmation; settlement not confirmed,COMPLETED,1,RELEASE_LIMIT,RECOVERED,VERIFIED,876.67,876.67,BDT,,mock,REL-5F3542F8,autonomous-v1,RSA-0002536,e32db793336df77069e08daaa3617d5687f9865d746c34d9a4e895800d7fd3b7,2026-06-02 20:21:33+00:00,2026-06-02 20:37:33+00:00,2026-06-02 20:37:55+00:00
RCV-000276,TXN-0002539,true,single debit confirmation; settlement not confirmed,BLOCKED,0,NO_ACTION,NOT_EXECUTED,NOT_VERIFIED,1400.98,,BDT,,,,autonomous-v1,RSA-0002539,168f6173f4e321bd5a951dfeb73979efb2c266a180f6ed6e475eaa94544919de,2026-07-03 17:53:30+00:00,,
RCV-000277,TXN-0002550,true,single debit confirmation; settlement not confirmed,BLOCKED,0,NO_ACTION,NOT_EXECUTED,NOT_VERIFIED,542.55,,BDT,,,,autonomous-v1,RSA-0002550,3d86637d275a4b913f2875e1bf09af9db2ed2634a09782dc20b4c965f787d969,2026-02-20 15:09:05+00:00,,
RCV-000278,TXN-0002552,false,insufficient payment evidence,BLOCKED,0,NO_ACTION,NOT_EXECUTED,NOT_VERIFIED,1015.58,,BDT,INSUFFICIENT_EVIDENCE,,,autonomous-v1,RSA-0002552,f3478cc3f3c7b425c26d0e7648f89c43236e6b57c99357da49f5d0c9d8867281,2026-03-27 21:05:49+00:00,2026-03-27 21:05:49+00:00,
RCV-000279,TXN-0002561,true,single debit confirmation; settlement not confirmed,BLOCKED,0,NO_ACTION,NOT_EXECUTED,NOT_VERIFIED,1460.85,,BDT,,,,autonomous-v1,RSA-0002561,ae987bec36ac4a90c5abc17aab246d6c1fbd84bc2961382fe81fc0b50c71c62a,2026-07-22 23:51:19+00:00,,
RCV-000280,TXN-0002563,true,single debit confirmation; settlement not confirmed,PENDING,0,MANUAL_REVIEW,AWAITING_REVIEW,NOT_VERIFIED,546.01,,BDT,,,,autonomous-v1,RSA-0002563,fc1e9078eb192cd45fcaf3873337fc2f1d15c397e3cc490fa481183564e00ce3,2026-08-15 03:44:06+00:00,,
RCV-000281,TXN-0002616,false,insufficient payment evidence,BLOCKED,0,NO_ACTION,NOT_EXECUTED,NOT_VERIFIED,19868.03,,BDT,INSUFFICIENT_EVIDENCE,,,autonomous-v1,RSA-0002616,b09e4874ebdf73c8760859cfa776a18c2211ca3eec595cab786a7729afd3d6a9,2026-09-09 09:15:05+00:00,2026-09-09 09:15:05+00:00,
RCV-000282,TXN-0002626,false,multiple customer debit confirmations,BLOCKED,0,NO_ACTION,NOT_EXECUTED,NOT_VERIFIED,12330.84,,BDT,DOUBLE_DEDUCTION,,,autonomous-v1,RSA-0002626,13c51d9ae21f6abe2413af4c578f3da8054622763c8fad21a1a7615b34ce79fb,2026-02-09 16:58:02+00:00,2026-02-09 16:58:02+00:00,
RCV-000283,TXN-0002636,true,single debit confirmation; settlement not confirmed,BLOCKED,0,NO_ACTION,NOT_EXECUTED,NOT_VERIFIED,12890.79,,BDT,policy block,,,autonomous-v1,RSA-0002636,5d7af17cef243631872a9f3ea51d635349d9e5d4c305f1900231d1541a3b1a6f,2026-04-05 02:21:08+00:00,2026-04-05 02:21:08+00:00,
RCV-000284,TXN-0002651,false,provider reference shared with another transaction,PENDING,0,MANUAL_REVIEW,AWAITING_REVIEW,NOT_VERIFIED,2120.9,,BDT,,,,autonomous-v1,RSA-0002651,347e7dbfe9873b4a60c39275f21e9e5d04dda298b170547947573fd1f9ba0c3d,2026-07-03 10:12:44+00:00,,
RCV-000285,TXN-0002652,false,insufficient payment evidence,BLOCKED,0,NO_ACTION,NOT_EXECUTED,NOT_VERIFIED,33333.54,,BDT,INSUFFICIENT_EVIDENCE,,,autonomous-v1,RSA-0002652,9d342b77c3660bc5e07da086ffdbe1c7e219a0acab74cc04646f5eb7f05ae430,2026-07-17 09:44:38+00:00,2026-07-17 09:44:38+00:00,
RCV-000286,TXN-0002654,true,single debit confirmation; settlement not confirmed,BLOCKED,0,NO_ACTION,NOT_EXECUTED,NOT_VERIFIED,33126.7,,BDT,policy block,,,autonomous-v1,RSA-0002654,e3141573a8966c62038fe37bc0c3a8958e1394db5bbfcbf6898a604fb9da3f4f,2026-07-25 23:07:08+00:00,2026-07-25 23:07:08+00:00,
RCV-000287,TXN-0002657,true,single debit confirmation; settlement not confirmed,BLOCKED,0,NO_ACTION,NOT_EXECUTED,NOT_VERIFIED,2153.61,,BDT,amount above auto-release cap,,,autonomous-v1,RSA-0002657,716869024ce5feec3b3a9bc9e16c2bd9ce1fcee2fc00a6607fbaadf04ce373f4,2026-08-09 04:30:23+00:00,2026-08-09 04:30:23+00:00,
RCV-000288,TXN-0002668,true,single debit confirmation; settlement not confirmed,BLOCKED,0,NO_ACTION,NOT_EXECUTED,NOT_VERIFIED,3149.41,,BDT,amount above auto-release cap,,,autonomous-v1,RSA-0002668,9d7014c4eac634b897e7dbd40ddef2c05d3bcf1621db934e10743616b1e5ef47,2026-05-29 03:14:18+00:00,2026-05-29 03:14:18+00:00,
RCV-000289,TXN-0002672,true,single debit confirmation; settlement not confirmed,BLOCKED,0,NO_ACTION,NOT_EXECUTED,NOT_VERIFIED,3364.46,,BDT,amount above auto-release cap,,,autonomous-v1,RSA-0002672,58aceffefee288425bcb410ab24fedb7ec0b2ee22f75639c895baa7edcdfbdc4,2026-03-18 03:44:04+00:00,2026-03-18 03:44:04+00:00,
RCV-000290,TXN-0002677,true,single debit confirmation; settlement not confirmed,BLOCKED,0,NO_ACTION,NOT_EXECUTED,NOT_VERIFIED,12918.41,,BDT,policy block,,,autonomous-v1,RSA-0002677,eb5f2e33486f6fd75b3cdab460ff7b985f6491fc44b9b302bfa66461b47c78cf,2026-05-11 02:31:01+00:00,2026-05-11 02:31:01+00:00,
RCV-000291,TXN-0002680,true,single debit confirmation; settlement not confirmed,BLOCKED,0,NO_ACTION,NOT_EXECUTED,NOT_VERIFIED,599.31,,BDT,policy block,,,autonomous-v1,RSA-0002680,6165b6d3f02b8793df00450c1d43b4a8a9bcde731b103755cc67d60668ad49b7,2026-06-12 08:48:21+00:00,2026-06-12 08:48:21+00:00,
RCV-000292,TXN-0002684,true,single debit confirmation; settlement not confirmed,COMPLETED,0,MANUAL_REVIEW,RESOLVED_MANUALLY,REVIEWED,1077.45,,BDT,,,,autonomous-v1,RSA-0002684,1dae870182bc84980aa9566672f13ac78693987a6fb4ac5043265110fa8d5372,2026-06-30 21:01:48+00:00,,
RCV-000293,TXN-0002689,true,single debit confirmation; settlement not confirmed,BLOCKED,0,NO_ACTION,NOT_EXECUTED,NOT_VERIFIED,8921.43,,BDT,amount above auto-release cap,,,autonomous-v1,RSA-0002689,b09da4309414a4019dffc529e2fc625ea75c136be0976bacf42975fbcd1582f8,2025-11-12 08:13:24+00:00,2025-11-12 08:13:24+00:00,
RCV-000294,TXN-0002696,true,single debit confirmation; settlement not confirmed,BLOCKED,0,NO_ACTION,NOT_EXECUTED,NOT_VERIFIED,6028.57,,BDT,amount above auto-release cap,,,autonomous-v1,RSA-0002696,da49071c304cc708ce9eb2b3187c351b42740d33cee7c0ec304a46f57a061a3d,2026-01-13 14:16:19+00:00,2026-01-13 14:16:19+00:00,
RCV-000295,TXN-0002699,true,single debit confirmation; settlement not confirmed,BLOCKED,0,NO_ACTION,NOT_EXECUTED,NOT_VERIFIED,2502.38,,BDT,amount above auto-release cap,,,autonomous-v1,RSA-0002699,d4ac61f7dda845b0f6344b29cb7f08cead6fc5e16ee5e8e7e2cc7fdd13d409fe,2026-01-30 00:21:38+00:00,2026-01-30 00:21:38+00:00,
RCV-000296,TXN-0002702,true,single debit confirmation; settlement not confirmed,BLOCKED,0,NO_ACTION,NOT_EXECUTED,NOT_VERIFIED,2321.43,,BDT,amount above auto-release cap,,,autonomous-v1,RSA-0002702,b81a6fc4625d359fdf82d8991b24c58b4fe92d3ef9fb9e252d77bdb1a0f9b248,2026-03-02 06:36:55+00:00,2026-03-02 06:36:55+00:00,
RCV-000297,TXN-0002719,true,single debit confirmation; settlement not confirmed,BLOCKED,0,NO_ACTION,NOT_EXECUTED,NOT_VERIFIED,2759.52,,BDT,policy block,,,autonomous-v1,RSA-0002719,320f91a4738d467c5d93c6280a3f1239f24df5c46ca092c392a7b1fc49220ba3,2026-08-24 07:21:48+00:00,2026-08-24 07:21:48+00:00,
RCV-000298,TXN-0002726,true,single debit confirmation; settlement not confirmed,COMPLETED,0,MANUAL_REVIEW,RESOLVED_MANUALLY,REVIEWED,268.77,,BDT,,,,autonomous-v1,RSA-0002726,f206d06f1e96f56dee43d620ed509d7632dbfd499125509e6863f623c4aabeb9,2026-06-15 21:05:03+00:00,,
RCV-000299,TXN-0002739,true,single debit confirmation; settlement not confirmed,BLOCKED,0,NO_ACTION,NOT_EXECUTED,NOT_VERIFIED,1997.65,,BDT,amount above auto-release cap,,,autonomous-v1,RSA-0002739,2a9c9568258c55bf3c38fcef57f20872b99252edde38dc689a905afd98d89b13,2026-06-25 05:24:40+00:00,2026-06-25 05:24:40+00:00,
RCV-000300,TXN-0002766,true,single debit confirmation; settlement not confirmed,PENDING,0,MANUAL_REVIEW,AWAITING_REVIEW,NOT_VERIFIED,298.24,,BDT,,,,autonomous-v1,RSA-0002766,424e88f58ea352123737f29af2f02f66f8ce139354a31a7f3775db0fecb15abf,2026-09-23 12:38:24+00:00,,
RCV-000301,TXN-0002771,true,single debit confirmation; settlement not confirmed,BLOCKED,0,NO_ACTION,NOT_EXECUTED,NOT_VERIFIED,875.1,,BDT,policy block,,,autonomous-v1,RSA-0002771,39746526ce04d83415121ea6a60b1b6c50f20c7b267010aa200cd96fd9472e0e,2026-08-01 04:24:57+00:00,2026-08-01 04:24:57+00:00,
RCV-000302,TXN-0002780,false,settlement confirmed without merchant confirmation,BLOCKED,0,NO_ACTION,NOT_EXECUTED,NOT_VERIFIED,3398.5,,BDT,,,,autonomous-v1,RSA-0002780,b94f5bde85ebe42927e1d0307c481826338fffcbf05cabb3018f5343a5f49e58,2026-09-25 09:50:07+00:00,,
RCV-000303,TXN-0002783,true,single debit confirmation; settlement not confirmed,BLOCKED,0,NO_ACTION,NOT_EXECUTED,NOT_VERIFIED,5978.2,,BDT,amount above auto-release cap,,,autonomous-v1,RSA-0002783,fddd6e9ae3b7a49972151ee0c63f2cf18cf4f13cd772f244d4477facafd774db,2026-02-07 02:41:05+00:00,2026-02-07 02:41:05+00:00,
RCV-000304,TXN-0002784,false,insufficient payment evidence,BLOCKED,0,NO_ACTION,NOT_EXECUTED,NOT_VERIFIED,530.49,,BDT,INSUFFICIENT_EVIDENCE,,,autonomous-v1,RSA-0002784,74c1e2414d19a68377a7b3ee5bd08600c84b36acd2c0861679b708462f2fdc41,2026-02-10 12:01:31+00:00,2026-02-10 12:01:31+00:00,
RCV-000305,TXN-0002785,true,single debit confirmation; settlement not confirmed,BLOCKED,0,NO_ACTION,NOT_EXECUTED,NOT_VERIFIED,4014.58,,BDT,amount above auto-release cap,,,autonomous-v1,RSA-0002785,d08efe3779c044fb427304cb4b60f236953daf26bbff13397be4d4d5b70e1095,2026-03-12 03:11:38+00:00,2026-03-12 03:11:38+00:00,
RCV-000306,TXN-0002786,true,single debit confirmation; settlement not confirmed,PENDING,0,MANUAL_REVIEW,AWAITING_REVIEW,NOT_VERIFIED,120.51,,BDT,,,,autonomous-v1,RSA-0002786,5e1dcfe82a9704ef6e5e639198b9061839026301f92d545bc12504d6f305cf65,2026-03-17 02:16:55+00:00,,
RCV-000307,TXN-0002787,true,single debit confirmation; settlement not confirmed,BLOCKED,0,NO_ACTION,NOT_EXECUTED,NOT_VERIFIED,2336.29,,BDT,amount above auto-release cap,,,autonomous-v1,RSA-0002787,c2fe9e97ea3424bee6040d3d1af70e2e78408fb60b3fa402b208739b512156a8,2026-04-19 16:25:55+00:00,2026-04-19 16:25:55+00:00,
RCV-000308,TXN-0002792,true,single debit confirmation; settlement not confirmed,BLOCKED,0,NO_ACTION,NOT_EXECUTED,NOT_VERIFIED,7187.52,,BDT,amount above auto-release cap,,,autonomous-v1,RSA-0002792,9626f884e327a2db62a9bab794a3401cb0d0e9e90269082c9bb8fe068ea82eaa,2026-09-13 03:44:14+00:00,2026-09-13 03:44:14+00:00,
RCV-000309,TXN-0002793,true,single debit confirmation; settlement not confirmed,BLOCKED,0,NO_ACTION,NOT_EXECUTED,NOT_VERIFIED,3036.31,,BDT,amount above auto-release cap,,,autonomous-v1,RSA-0002793,ac9fafa187c9fff9484b9637d11b72d938832fb0bca29d618e1cd1741d5654ce,2026-09-13 11:23:25+00:00,2026-09-13 11:23:25+00:00,
RCV-000310,TXN-0002794,true,single debit confirmation; settlement not confirmed,PENDING,0,MANUAL_REVIEW,AWAITING_REVIEW,NOT_VERIFIED,378.83,,BDT,,,,autonomous-v1,RSA-0002794,454db1eea55a6c84588ce85ac75362df2c103750b5c818e84a445d5941240725,2026-09-16 09:20:54+00:00,,
RCV-000311,TXN-0002795,true,single debit confirmation; settlement not confirmed,BLOCKED,0,NO_ACTION,NOT_EXECUTED,NOT_VERIFIED,2935.79,,BDT,amount above auto-release cap,,,autonomous-v1,RSA-0002795,4eb57fe5c01ae6632e557a587baa363fa3dca492df08f288a343ef1967ca8560,2026-09-28 05:04:41+00:00,2026-09-28 05:04:41+00:00,
RCV-000312,TXN-0002804,false,insufficient payment evidence,BLOCKED,0,NO_ACTION,NOT_EXECUTED,NOT_VERIFIED,4695.08,,BDT,INSUFFICIENT_EVIDENCE,,,autonomous-v1,RSA-0002804,7972ca9e258cf05518da55636ff8ab1d5c97e8060d772a2e54fa90ab8d416c3c,2026-08-07 03:22:45+00:00,2026-08-07 03:22:45+00:00,
RCV-000313,TXN-0002811,true,single debit confirmation; settlement not confirmed,PENDING,0,MANUAL_REVIEW,AWAITING_REVIEW,NOT_VERIFIED,569.98,,BDT,,,,autonomous-v1,RSA-0002811,22708e04347867f770101ac5a96640e499a40296365e60861a5973448b0cc74d,2026-02-23 06:36:13+00:00,,
RCV-000314,TXN-0002813,true,single debit confirmation; settlement not confirmed,COMPLETED,0,MANUAL_REVIEW,RESOLVED_MANUALLY,REVIEWED,1455.45,,BDT,,,,autonomous-v1,RSA-0002813,df931c77750461acafd950462d728d85df0995b05c840a3c0914796804be2c97,2026-03-24 02:52:47+00:00,,
RCV-000315,TXN-0002814,true,single debit confirmation; settlement not confirmed,PENDING,0,MANUAL_REVIEW,AWAITING_REVIEW,NOT_VERIFIED,249.52,,BDT,,,,autonomous-v1,RSA-0002814,1ebc1d7252012590def6e43b6b53e20cbe602ff32ffb61a36a2eaf0312f2b203,2026-04-01 18:48:51+00:00,,
RCV-000316,TXN-0002818,false,settlement confirmed without merchant confirmation,PENDING,0,MANUAL_REVIEW,AWAITING_REVIEW,NOT_VERIFIED,4022.03,,BDT,,,,autonomous-v1,RSA-0002818,2fee9b09f70e6571c2c60813be3cfe602c9221cf81603ceb59b973c6898526c5,2026-06-17 02:43:34+00:00,,
RCV-000317,TXN-0002819,false,insufficient payment evidence,BLOCKED,0,NO_ACTION,NOT_EXECUTED,NOT_VERIFIED,743.2,,BDT,INSUFFICIENT_EVIDENCE,,,autonomous-v1,RSA-0002819,4cf81ca070d1c204ed200427cbf81ebff93754ceed1aa85f179eb6311685572b,2026-07-18 14:12:49+00:00,2026-07-18 14:12:49+00:00,
RCV-000318,TXN-0002820,true,single debit confirmation; settlement not confirmed,BLOCKED,0,NO_ACTION,NOT_EXECUTED,NOT_VERIFIED,4227.15,,BDT,amount above auto-release cap,,,autonomous-v1,RSA-0002820,5e20a709d4df1f3f59b73464d0c41dab2f177325aa3d8bc519d6265a93399e1b,2026-08-02 23:03:19+00:00,2026-08-02 23:03:19+00:00,
RCV-000319,TXN-0002822,true,single debit confirmation; settlement not confirmed,PENDING,0,MANUAL_REVIEW,AWAITING_REVIEW,NOT_VERIFIED,573.19,,BDT,,,,autonomous-v1,RSA-0002822,45ea9c838953a0c5d7926db7e8d5185f66ac443df1cf5425dad5c38534b1093c,2026-09-21 17:47:25+00:00,,
RCV-000320,TXN-0002832,true,single debit confirmation; settlement not confirmed,BLOCKED,0,NO_ACTION,NOT_EXECUTED,NOT_VERIFIED,2633.44,,BDT,policy block,,,autonomous-v1,RSA-0002832,c981e7d8fe7ca09c1861f62d8b024773b0358ee6a6799b614f5f3f244de52b59,2026-08-12 17:17:08+00:00,2026-08-12 17:17:08+00:00,
RCV-000321,TXN-0002844,false,insufficient payment evidence,BLOCKED,0,NO_ACTION,NOT_EXECUTED,NOT_VERIFIED,3951.97,,BDT,INSUFFICIENT_EVIDENCE,,,autonomous-v1,RSA-0002844,b29048baa44a7bf8f280d82c71b5701060111ccd1cc58e79015d4f155c96c351,2026-09-08 19:29:16+00:00,2026-09-08 19:29:16+00:00,
RCV-000322,TXN-0002867,true,single debit confirmation; settlement not confirmed,PENDING,0,MANUAL_REVIEW,AWAITING_REVIEW,NOT_VERIFIED,518.96,,BDT,,,,autonomous-v1,RSA-0002867,a8650d3fa9c7b6369abceebf80911f85e6702c0fdd73732ac942a65a0a2926d8,2025-11-05 11:15:35+00:00,,
RCV-000323,TXN-0002881,true,single debit confirmation; settlement not confirmed,BLOCKED,0,NO_ACTION,NOT_EXECUTED,NOT_VERIFIED,4212.21,,BDT,amount above auto-release cap,,,autonomous-v1,RSA-0002881,0a81267d9776035a1f7e5367e2877b405b22b871aadd6ce4276f0fc8ab56292a,2026-07-03 02:57:40+00:00,2026-07-03 02:57:40+00:00,
RCV-000324,TXN-0002884,true,single debit confirmation; settlement not confirmed,BLOCKED,0,NO_ACTION,NOT_EXECUTED,NOT_VERIFIED,990.94,,BDT,policy block,,,autonomous-v1,RSA-0002884,1a5bc2e2b1bc93ad464bb51de8d2ead3e951efafbf8358cb2be5e213a2f1f363,2026-08-15 06:22:29+00:00,2026-08-15 06:22:29+00:00,
RCV-000325,TXN-0002903,false,insufficient payment evidence,BLOCKED,0,NO_ACTION,NOT_EXECUTED,NOT_VERIFIED,3007.98,,BDT,INSUFFICIENT_EVIDENCE,,,autonomous-v1,RSA-0002903,5f6636475fb809c3002e0a6fe73e0185065998da04762f6379e5c134ab749c41,2026-07-15 09:09:45+00:00,2026-07-15 09:09:45+00:00,
RCV-000326,TXN-0002904,true,single debit confirmation; settlement not confirmed,BLOCKED,0,NO_ACTION,NOT_EXECUTED,NOT_VERIFIED,4874.95,,BDT,policy block,,,autonomous-v1,RSA-0002904,446d3f13e56483b3c73879c77d7f4f041c75dee185d8d6d8d74c2a3770ad8d13,2026-08-06 12:34:51+00:00,2026-08-06 12:34:51+00:00,
RCV-000327,TXN-0002907,false,multiple customer debit confirmations,BLOCKED,0,NO_ACTION,NOT_EXECUTED,NOT_VERIFIED,70325.08,,BDT,DOUBLE_DEDUCTION,,,autonomous-v1,RSA-0002907,370bdc3444c03b6c4eaa2d7cd01e5723df985da817b96a508e6dd0d2fd211da6,2025-11-15 03:21:35+00:00,2025-11-15 03:21:35+00:00,
RCV-000328,TXN-0002924,true,single debit confirmation; settlement not confirmed,BLOCKED,0,NO_ACTION,NOT_EXECUTED,NOT_VERIFIED,2949.01,,BDT,policy block,,,autonomous-v1,RSA-0002924,51cd22ff260c2fbc25582ca9054ea2dd40367575b91f8ee700db5e5fb36302ab,2026-03-08 11:10:01+00:00,2026-03-08 11:10:01+00:00,
RCV-000329,TXN-0002925,true,single debit confirmation; settlement not confirmed,BLOCKED,0,NO_ACTION,NOT_EXECUTED,NOT_VERIFIED,16795.19,,BDT,policy block,,,autonomous-v1,RSA-0002925,6d343bdf79db96d994c91e59aeacd933e666876c3625f6c85ed0b843a8073a10,2026-03-09 22:38:48+00:00,2026-03-09 22:38:48+00:00,
RCV-000330,TXN-0002944,true,single debit confirmation; settlement not confirmed,BLOCKED,0,NO_ACTION,NOT_EXECUTED,NOT_VERIFIED,1695.3,,BDT,amount above auto-release cap,,,autonomous-v1,RSA-0002944,1db3e73948ef6e970d504bfdecade00d3afa32bebf52887023407dda35444d40,2026-06-29 21:12:06+00:00,2026-06-29 21:12:06+00:00,
RCV-000331,TXN-0002958,true,single debit confirmation; settlement not confirmed,BLOCKED,0,NO_ACTION,NOT_EXECUTED,NOT_VERIFIED,2656.01,,BDT,amount above auto-release cap,,,autonomous-v1,RSA-0002958,61d5394ab65aa9b66304ecc8cc31b64ac5581e5c2b92b788dd3457c5710e7bfb,2026-08-25 17:32:56+00:00,2026-08-25 17:32:56+00:00,
RCV-000332,TXN-0002960,true,single debit confirmation; settlement not confirmed,BLOCKED,0,NO_ACTION,NOT_EXECUTED,NOT_VERIFIED,23737.19,,BDT,policy block,,,autonomous-v1,RSA-0002960,1e953b4f1458b0a4f0171a3863f4c6458d6b918dcea41a550f4addfff32cfe3d,2026-08-29 00:00:33+00:00,2026-08-29 00:00:33+00:00,
RCV-000333,TXN-0002973,false,insufficient payment evidence,BLOCKED,0,NO_ACTION,NOT_EXECUTED,NOT_VERIFIED,8662.58,,BDT,INSUFFICIENT_EVIDENCE,,,autonomous-v1,RSA-0002973,58be9018e66ccd1b3a4c6a3f46f8ea43851b6faffbbb6948d70c0c6786e3dbe5,2026-02-10 04:49:04+00:00,2026-02-10 04:49:04+00:00,
RCV-000334,TXN-0002997,false,insufficient payment evidence,BLOCKED,0,NO_ACTION,NOT_EXECUTED,NOT_VERIFIED,406.15,,BDT,INSUFFICIENT_EVIDENCE,,,autonomous-v1,RSA-0002997,4f1bf5dbea4f7e3b90b54ec7a56743421c50489b00efc0546e6fc2e35f7d525b,2026-08-21 11:34:00+00:00,2026-08-21 11:34:00+00:00,
RCV-000335,TXN-0002998,true,single debit confirmation; settlement not confirmed,BLOCKED,0,NO_ACTION,NOT_EXECUTED,NOT_VERIFIED,1734.87,,BDT,amount above auto-release cap,,,autonomous-v1,RSA-0002998,fa3c3ce22309808edc80ace75b5a9dba9fcc4c1c8fb41ed780762417c7e81588,2026-09-03 15:57:56+00:00,2026-09-03 15:57:56+00:00,
RCV-000336,TXN-0003001,true,single debit confirmation; settlement not confirmed,COMPLETED,0,MANUAL_REVIEW,RESOLVED_MANUALLY,REVIEWED,257.5,,BDT,,,,autonomous-v1,RSA-0003001,581034190d1e2cc9baf00425b965dd711820546cf8296897b51e8c7fbeec22df,2026-03-30 18:11:23+00:00,,
RCV-000337,TXN-0003026,true,single debit confirmation; settlement not confirmed,BLOCKED,0,NO_ACTION,NOT_EXECUTED,NOT_VERIFIED,4475.46,,BDT,policy block,,,autonomous-v1,RSA-0003026,f5dc505d07d1a980a5baf9a2a32101b13cede1472792805918f9df7e9ccdffb9,2026-09-06 18:44:23+00:00,2026-09-06 18:44:23+00:00,
RCV-000338,TXN-0003085,true,single debit confirmation; settlement not confirmed,BLOCKED,0,NO_ACTION,NOT_EXECUTED,NOT_VERIFIED,1985.91,,BDT,amount above auto-release cap,,,autonomous-v1,RSA-0003085,fa8700173333c70a858705544029247290c55adf0e6991a68b035e97849950e8,2026-02-28 02:54:08+00:00,2026-02-28 02:54:08+00:00,
RCV-000339,TXN-0003090,true,single debit confirmation; settlement not confirmed,BLOCKED,0,NO_ACTION,NOT_EXECUTED,NOT_VERIFIED,3141.51,,BDT,amount above auto-release cap,,,autonomous-v1,RSA-0003090,ecbe44374e9bdbc2bdbb5291b6f4eb86672852617521485c9577d3b25352e871,2026-03-26 03:58:01+00:00,2026-03-26 03:58:01+00:00,
RCV-000340,TXN-0003100,true,single debit confirmation; settlement not confirmed,BLOCKED,0,NO_ACTION,NOT_EXECUTED,NOT_VERIFIED,27304.71,,BDT,amount above auto-release cap,,,autonomous-v1,RSA-0003100,af62034323060808e0bfc2c3ffc10b608f785da92d0efcca8d5e58537c9ad196,2026-08-24 07:05:11+00:00,2026-08-24 07:05:11+00:00,
RCV-000341,TXN-0003147,true,single debit confirmation; settlement not confirmed,BLOCKED,0,NO_ACTION,NOT_EXECUTED,NOT_VERIFIED,10759.13,,BDT,amount above auto-release cap,,,autonomous-v1,RSA-0003147,22e076a734015463164adfec21ae7a6425475eb28ab97d12fef35047ad53f737,2026-04-29 22:41:54+00:00,2026-04-29 22:41:54+00:00,
RCV-000342,TXN-0003151,true,single debit confirmation; settlement not confirmed,BLOCKED,0,NO_ACTION,NOT_EXECUTED,NOT_VERIFIED,2431.55,,BDT,amount above auto-release cap,,,autonomous-v1,RSA-0003151,9963313b65c99438653dda125d505f8fae5508e783df52a137bf8bd5ab134dd7,2026-05-22 09:27:06+00:00,2026-05-22 09:27:06+00:00,
RCV-000343,TXN-0003176,true,single debit confirmation; settlement not confirmed,BLOCKED,0,NO_ACTION,NOT_EXECUTED,NOT_VERIFIED,5160.5,,BDT,policy block,,,autonomous-v1,RSA-0003176,3d50d067c21e07f69d95a132d784c62a2e1ab8a8de9a470fdec9d73830e5a37f,2026-04-25 19:15:03+00:00,2026-04-25 19:15:03+00:00,
RCV-000344,TXN-0003180,false,settlement confirmed without merchant confirmation,PENDING,0,MANUAL_REVIEW,AWAITING_REVIEW,NOT_VERIFIED,392.65,,BDT,,,,autonomous-v1,RSA-0003180,0727a817b8566ab8569d3c6a64eda19146437565407f6ba0ae1b24c74fa8c287,2026-06-16 03:15:10+00:00,,
RCV-000345,TXN-0003194,true,single debit confirmation; settlement not confirmed,PENDING,0,MANUAL_REVIEW,AWAITING_REVIEW,NOT_VERIFIED,837.27,,BDT,,,,autonomous-v1,RSA-0003194,47ca6515003c4e2561ce8a9b942e21358c329cff1fd103ff76482d747e4772a8,2026-07-03 13:45:49+00:00,,
RCV-000346,TXN-0003214,false,provider reference shared with another transaction,COMPLETED,0,MANUAL_REVIEW,RESOLVED_MANUALLY,REVIEWED,753.86,,BDT,,,,autonomous-v1,RSA-0003214,ad7c13058db70b5e888f489203ee255f2bf3915bbdace981799c51a558aa41d2,2026-06-12 01:55:27+00:00,,
RCV-000347,TXN-0003223,true,single debit confirmation; settlement not confirmed,BLOCKED,0,NO_ACTION,NOT_EXECUTED,NOT_VERIFIED,906.58,,BDT,,,,autonomous-v1,RSA-0003223,0de4db480829a04e9c7d5d990a0053e0c4c4cae55048aafdc2be9e7eb7d29efe,2026-08-19 10:27:07+00:00,,
RCV-000348,TXN-0003241,true,single debit confirmation; settlement not confirmed,BLOCKED,0,NO_ACTION,NOT_EXECUTED,NOT_VERIFIED,10890.06,,BDT,policy block,,,autonomous-v1,RSA-0003241,7fd8d9efd6c41e4d8635eefd93447702a359ae70cfafac18b1591bc23be51697,2026-08-28 17:20:08+00:00,2026-08-28 17:20:08+00:00,
RCV-000349,TXN-0003254,true,single debit confirmation; settlement not confirmed,COMPLETED,1,RELEASE_LIMIT,RECOVERED,VERIFIED,1401.68,1401.68,BDT,,mock,REL-6AAA1EB0,autonomous-v1,RSA-0003254,8428f0b6942ecb9596aaf4a503f0913a28e97395e535196b82492e965852dee8,2026-07-13 00:18:27+00:00,2026-07-13 00:35:27+00:00,2026-07-13 00:35:41+00:00
RCV-000350,TXN-0003269,true,single debit confirmation; settlement not confirmed,BLOCKED,0,NO_ACTION,NOT_EXECUTED,NOT_VERIFIED,874.78,,BDT,,,,autonomous-v1,RSA-0003269,d874ab33230399051bee42399ddf46218dffdcd0c59e067c217601afa45d3dff,2026-06-21 21:31:06+00:00,,
RCV-000351,TXN-0003270,true,single debit confirmation; settlement not confirmed,BLOCKED,0,NO_ACTION,NOT_EXECUTED,NOT_VERIFIED,3312.82,,BDT,policy block,,,autonomous-v1,RSA-0003270,2221eccc6138d66e678faa1dad2c0945686d24de5a8748df6b0bfcf403506519,2026-07-12 12:42:00+00:00,2026-07-12 12:42:00+00:00,
RCV-000352,TXN-0003271,true,single debit confirmation; settlement not confirmed,BLOCKED,0,NO_ACTION,NOT_EXECUTED,NOT_VERIFIED,867.76,,BDT,,,,autonomous-v1,RSA-0003271,2e4a6c71bb47a76445872209725d0260fcdcea46a170ce3dcdf72bdb8373a8cd,2026-07-16 02:48:41+00:00,,
RCV-000353,TXN-0003273,true,single debit confirmation; settlement not confirmed,BLOCKED,0,NO_ACTION,NOT_EXECUTED,NOT_VERIFIED,1491.32,,BDT,policy block,,,autonomous-v1,RSA-0003273,0737c5774aa77377d67328231611ca4e713a25063053e7db176cb364747dd0ba,2026-07-20 11:56:35+00:00,2026-07-20 11:56:35+00:00,
RCV-000354,TXN-0003282,true,single debit confirmation; settlement not confirmed,BLOCKED,0,NO_ACTION,NOT_EXECUTED,NOT_VERIFIED,11758.71,,BDT,amount above auto-release cap,,,autonomous-v1,RSA-0003282,1ba0e15ba44e4ba9d10f593baf6719ed2f94a8d1dd8d3af5473d6232b38f0702,2026-01-12 15:05:13+00:00,2026-01-12 15:05:13+00:00,
RCV-000355,TXN-0003286,true,single debit confirmation; settlement not confirmed,BLOCKED,0,NO_ACTION,NOT_EXECUTED,NOT_VERIFIED,1907.1,,BDT,amount above auto-release cap,,,autonomous-v1,RSA-0003286,248ac0ccefc5a5fe7684e0b70a6ba69ae43f33749c807942e4e91ffe91b1c7f7,2026-04-28 11:37:52+00:00,2026-04-28 11:37:52+00:00,
RCV-000356,TXN-0003288,true,single debit confirmation; settlement not confirmed,BLOCKED,0,NO_ACTION,NOT_EXECUTED,NOT_VERIFIED,1019.35,,BDT,,,,autonomous-v1,RSA-0003288,88a376a7cbfb98451b7a6dc209db2ed6a0b4683325e6e32454f62a6f34e99553,2026-05-11 01:28:56+00:00,,
RCV-000357,TXN-0003289,false,insufficient payment evidence,BLOCKED,0,NO_ACTION,NOT_EXECUTED,NOT_VERIFIED,1862.26,,BDT,INSUFFICIENT_EVIDENCE,,,autonomous-v1,RSA-0003289,66f4f485a1561d5a98066f408b46952928c7a5d5efddb9495ccb1a498ae77e5d,2026-05-26 13:47:46+00:00,2026-05-26 13:47:46+00:00,
RCV-000358,TXN-0003310,true,single debit confirmation; settlement not confirmed,BLOCKED,0,NO_ACTION,NOT_EXECUTED,NOT_VERIFIED,11081.0,,BDT,amount above auto-release cap,,,autonomous-v1,RSA-0003310,2111d7b96851f10dd973d0c2185652f1c7c16a9f405d66831e2db3a9ec1449d5,2026-08-30 09:43:23+00:00,2026-08-30 09:43:23+00:00,
RCV-000359,TXN-0003322,true,single debit confirmation; settlement not confirmed,COMPLETED,0,MANUAL_REVIEW,RESOLVED_MANUALLY,REVIEWED,474.4,,BDT,,,,autonomous-v1,RSA-0003322,508c6db633110b35c8960b4c2afb8d20f1419be064aebed6a91a6d0ef6160322,2026-04-15 07:51:39+00:00,,
RCV-000360,TXN-0003356,true,single debit confirmation; settlement not confirmed,BLOCKED,0,NO_ACTION,NOT_EXECUTED,NOT_VERIFIED,5836.55,,BDT,amount above auto-release cap,,,autonomous-v1,RSA-0003356,534e2748f8dd2fd0be45e6e38e98c45f791257d1b86aa84a64ea979c8740594b,2025-12-24 16:49:07+00:00,2025-12-24 16:49:07+00:00,
RCV-000361,TXN-0003359,true,single debit confirmation; settlement not confirmed,BLOCKED,0,NO_ACTION,NOT_EXECUTED,NOT_VERIFIED,3155.8,,BDT,amount above auto-release cap,,,autonomous-v1,RSA-0003359,ec05956fc51516f296084aa81281da008648923282a376269ffad2bc189fb2bf,2026-03-17 19:32:45+00:00,2026-03-17 19:32:45+00:00,
RCV-000362,TXN-0003363,true,single debit confirmation; settlement not confirmed,BLOCKED,0,NO_ACTION,NOT_EXECUTED,NOT_VERIFIED,4731.67,,BDT,policy block,,,autonomous-v1,RSA-0003363,abab6cde8ae29f8052aecc38a8df778df33958a99fe19f5528c41c7d34a43e0d,2026-05-12 00:43:41+00:00,2026-05-12 00:43:41+00:00,
RCV-000363,TXN-0003371,true,single debit confirmation; settlement not confirmed,BLOCKED,0,NO_ACTION,NOT_EXECUTED,NOT_VERIFIED,4837.38,,BDT,amount above auto-release cap,,,autonomous-v1,RSA-0003371,7e5d410e93c2b301976398a0ef79eb44e8a0966a928639de97fa8921a60bda4f,2026-08-31 06:31:49+00:00,2026-08-31 06:31:49+00:00,
RCV-000364,TXN-0003378,false,multiple customer debit confirmations,BLOCKED,0,NO_ACTION,NOT_EXECUTED,NOT_VERIFIED,6896.1,,BDT,DOUBLE_DEDUCTION,,,autonomous-v1,RSA-0003378,85cd344c151acbd62eff2887abb069869741811d903470da4ec99d069a35b6e4,2026-04-17 18:57:16+00:00,2026-04-17 18:57:16+00:00,
RCV-000365,TXN-0003380,true,single debit confirmation; settlement not confirmed,BLOCKED,0,NO_ACTION,NOT_EXECUTED,NOT_VERIFIED,1586.53,,BDT,amount above auto-release cap,,,autonomous-v1,RSA-0003380,0e37bd5ae01f45031cc6df55d7e78cf5b91e751d913df801655138f152f6a9d9,2026-05-03 05:09:52+00:00,2026-05-03 05:09:52+00:00,
RCV-000366,TXN-0003382,true,single debit confirmation; settlement not confirmed,BLOCKED,0,NO_ACTION,NOT_EXECUTED,NOT_VERIFIED,16609.01,,BDT,amount above auto-release cap,,,autonomous-v1,RSA-0003382,676fe713247632aaeb17f9c81404a6ba3ef2f5936a2bff15e1c756a6f53236c1,2026-05-13 08:53:30+00:00,2026-05-13 08:53:30+00:00,
RCV-000367,TXN-0003384,true,single debit confirmation; settlement not confirmed,BLOCKED,0,NO_ACTION,NOT_EXECUTED,NOT_VERIFIED,8400.96,,BDT,amount above auto-release cap,,,autonomous-v1,RSA-0003384,2eb148f636d1850c8b7d8d5d46c0c73040d18f0e597013d19f8b029de389333f,2026-06-28 10:24:26+00:00,2026-06-28 10:24:26+00:00,
RCV-000368,TXN-0003396,true,single debit confirmation; settlement not confirmed,COMPLETED,0,MANUAL_REVIEW,RESOLVED_MANUALLY,REVIEWED,648.57,,BDT,,,,autonomous-v1,RSA-0003396,bd4627fcfdbe6f568f516127be8c895cf21bfa69796287fc5f8ea1e2573e7d06,2025-12-14 14:15:28+00:00,,
RCV-000369,TXN-0003400,false,insufficient payment evidence,BLOCKED,0,NO_ACTION,NOT_EXECUTED,NOT_VERIFIED,761.75,,BDT,INSUFFICIENT_EVIDENCE,,,autonomous-v1,RSA-0003400,908c6563219ecd0d944aabaf452a5b1cfb661a2f56496dde766525daeed66e16,2026-02-27 19:03:53+00:00,2026-02-27 19:03:53+00:00,
RCV-000370,TXN-0003404,true,single debit confirmation; settlement not confirmed,BLOCKED,0,NO_ACTION,NOT_EXECUTED,NOT_VERIFIED,2336.96,,BDT,amount above auto-release cap,,,autonomous-v1,RSA-0003404,eead1a7445e318d7fbb47ff8835040950bc7a0f613db8066735aee740e1e7bce,2026-04-08 20:49:30+00:00,2026-04-08 20:49:30+00:00,
RCV-000371,TXN-0003411,true,single debit confirmation; settlement not confirmed,COMPLETED,0,MANUAL_REVIEW,RESOLVED_MANUALLY,REVIEWED,265.06,,BDT,,,,autonomous-v1,RSA-0003411,1b1800c7eaeb6c15e437847cf04fda73a1de2f3bfa29108f4dddefce8fe280e7,2026-05-19 18:26:49+00:00,,
RCV-000372,TXN-0003419,false,insufficient payment evidence,BLOCKED,0,NO_ACTION,NOT_EXECUTED,NOT_VERIFIED,1219.72,,BDT,INSUFFICIENT_EVIDENCE,,,autonomous-v1,RSA-0003419,164a31fa65a2b95bb0bd79184550f49531f04dc58cf19abe3e32a8866c3faca6,2026-08-19 18:08:29+00:00,2026-08-19 18:08:29+00:00,
RCV-000373,TXN-0003420,false,provider reference shared with another transaction,PENDING,0,MANUAL_REVIEW,AWAITING_REVIEW,NOT_VERIFIED,474.11,,BDT,,,,autonomous-v1,RSA-0003420,2a6d254e31f5cf0bdca3ca830d1a1aa0734d028f0ac2fdfa3ff73e130eeb8b11,2026-08-29 20:44:49+00:00,,
RCV-000374,TXN-0003421,false,provider reference shared with another transaction,PENDING,0,MANUAL_REVIEW,AWAITING_REVIEW,NOT_VERIFIED,1914.19,,BDT,,,,autonomous-v1,RSA-0003421,6b528d6d2cbe53dd373bdc9973e33a12c171400152a7da814a9d29d51fbe086b,2026-09-07 11:18:10+00:00,,
RCV-000375,TXN-0003444,true,single debit confirmation; settlement not confirmed,PENDING,0,MANUAL_REVIEW,AWAITING_REVIEW,NOT_VERIFIED,1288.46,,BDT,,,,autonomous-v1,RSA-0003444,1145c0c020c7eb2cd6850855ba6194a2795bfd9c1f5d6e6a6bb7584621ab8df9,2026-08-29 08:29:22+00:00,,
RCV-000376,TXN-0003447,true,single debit confirmation; settlement not confirmed,BLOCKED,0,NO_ACTION,NOT_EXECUTED,NOT_VERIFIED,2954.8,,BDT,amount above auto-release cap,,,autonomous-v1,RSA-0003447,e25bc37eb5e92e81e06090cbf2c9a6d5f6992908ee733232422b3eef0e4583a6,2026-09-05 21:53:24+00:00,2026-09-05 21:53:24+00:00,
RCV-000377,TXN-0003451,true,single debit confirmation; settlement not confirmed,BLOCKED,0,NO_ACTION,NOT_EXECUTED,NOT_VERIFIED,8307.79,,BDT,amount above auto-release cap,,,autonomous-v1,RSA-0003451,ca9a4e3634f9fe4417932c93e243c750795d8e4a94f489bb2efc637e0e448642,2026-02-27 19:54:47+00:00,2026-02-27 19:54:47+00:00,
RCV-000378,TXN-0003467,true,single debit confirmation; settlement not confirmed,BLOCKED,0,NO_ACTION,NOT_EXECUTED,NOT_VERIFIED,10409.57,,BDT,policy block,,,autonomous-v1,RSA-0003467,f5ad6f51bf3dd523a0bc4899668c08d770f79c6f823389309dbb50366fbcb787,2026-08-31 15:18:43+00:00,2026-08-31 15:18:43+00:00,
RCV-000379,TXN-0003483,true,single debit confirmation; settlement not confirmed,COMPLETED,1,RELEASE_LIMIT,RECOVERED,VERIFIED,781.54,781.54,BDT,,mock,REL-2D88547C,autonomous-v1,RSA-0003483,485f69e2ef01a4251268d7b6f49f6be02701a5f918a206d569306d260ee74167,2026-08-09 01:17:08+00:00,2026-08-09 01:18:08+00:00,2026-08-09 01:18:12+00:00
RCV-000380,TXN-0003492,true,single debit confirmation; settlement not confirmed,BLOCKED,0,NO_ACTION,NOT_EXECUTED,NOT_VERIFIED,2213.24,,BDT,policy block,,,autonomous-v1,RSA-0003492,6c514b3f1257660a1aabfe52c7caaba5300ec5ee6c6f411904a7e39b430320b1,2026-09-07 08:10:17+00:00,2026-09-07 08:10:17+00:00,
RCV-000381,TXN-0003495,false,insufficient payment evidence,BLOCKED,0,NO_ACTION,NOT_EXECUTED,NOT_VERIFIED,1252.79,,BDT,INSUFFICIENT_EVIDENCE,,,autonomous-v1,RSA-0003495,fd7b6f6d0a8e428bbeb40f0c781dd551d4ca17712779a5d7b2e32f89cf94f471,2026-09-14 18:00:36+00:00,2026-09-14 18:00:36+00:00,
RCV-000382,TXN-0003500,false,late settlement changed the evidence,BLOCKED,0,NO_ACTION,NOT_EXECUTED,NOT_VERIFIED,655.38,,BDT,NEW_SUCCESSFUL_SETTLEMENT,,,autonomous-v1,RSA-0003500,ae5ebacefea13b2b8b24d8e4186c155e55fa52fca9f5af5f458f810ff18f828c,2026-03-26 14:37:35+00:00,2026-03-26 14:37:35+00:00,
RCV-000383,TXN-0003504,false,multiple customer debit confirmations,BLOCKED,0,NO_ACTION,NOT_EXECUTED,NOT_VERIFIED,1313.19,,BDT,DOUBLE_DEDUCTION,,,autonomous-v1,RSA-0003504,64e4ba0fd22e7079eb7da214b9719151d0d6125fb6bf830a96dedc9a9be23b9b,2026-04-29 04:22:57+00:00,2026-04-29 04:22:57+00:00,
RCV-000384,TXN-0003510,false,multiple customer debit confirmations,BLOCKED,0,NO_ACTION,NOT_EXECUTED,NOT_VERIFIED,1194.82,,BDT,DOUBLE_DEDUCTION,,,autonomous-v1,RSA-0003510,fb9043a4834f219986f87e2015ccf3867346ecaa80341f9a1413f21ff4e788a9,2026-07-12 00:39:58+00:00,2026-07-12 00:39:58+00:00,
RCV-000385,TXN-0003513,true,single debit confirmation; settlement not confirmed,BLOCKED,0,NO_ACTION,NOT_EXECUTED,NOT_VERIFIED,1936.24,,BDT,amount above auto-release cap,,,autonomous-v1,RSA-0003513,466646a1aca9dc0ca8533498771049fe21dd23811906c0704516080b2e21ab86,2026-08-11 21:51:07+00:00,2026-08-11 21:51:07+00:00,
RCV-000386,TXN-0003521,true,single debit confirmation; settlement not confirmed,BLOCKED,0,NO_ACTION,NOT_EXECUTED,NOT_VERIFIED,579.5,,BDT,policy block,,,autonomous-v1,RSA-0003521,7b708f989c22c6609a196de151c2a1721a9c4fd6a23c97ac50eea6358e4f7de7,2026-07-01 18:54:15+00:00,2026-07-01 18:54:15+00:00,
RCV-000387,TXN-0003526,true,single debit confirmation; settlement not confirmed,BLOCKED,0,NO_ACTION,NOT_EXECUTED,NOT_VERIFIED,366.28,,BDT,policy block,,,autonomous-v1,RSA-0003526,e380b039cff8b66665fb22129d98bfc13d31a9f8f9ee295c0ef7aca6d47e3648,2026-07-31 08:22:46+00:00,2026-07-31 08:22:46+00:00,
RCV-000388,TXN-0003528,true,single debit confirmation; settlement not confirmed,BLOCKED,0,NO_ACTION,NOT_EXECUTED,NOT_VERIFIED,273.59,,BDT,,,,autonomous-v1,RSA-0003528,ac8457991465ce16380fb272858f450153c8457b74f7f8fb32a6a0800a39fa9b,2026-08-03 13:42:12+00:00,,
RCV-000389,TXN-0003535,true,single debit confirmation; settlement not confirmed,PENDING,0,MANUAL_REVIEW,AWAITING_REVIEW,NOT_VERIFIED,223.92,,BDT,,,,autonomous-v1,RSA-0003535,b7ad5dcc12edcf23e5c729b04c2ef9310d737e3b9d96e8dace7d6745e9470bc9,2026-07-10 07:52:00+00:00,,
RCV-000390,TXN-0003538,true,single debit confirmation; settlement not confirmed,PENDING,0,MANUAL_REVIEW,AWAITING_REVIEW,NOT_VERIFIED,514.78,,BDT,,,,autonomous-v1,RSA-0003538,d21a6db92b2cf1341c26b8b70cdde003cdb15cbc70a535041ba8cdf974cd45ec,2026-07-20 16:42:21+00:00,,
RCV-000391,TXN-0003539,true,single debit confirmation; settlement not confirmed,COMPLETED,0,MANUAL_REVIEW,RESOLVED_MANUALLY,REVIEWED,1361.01,,BDT,,,,autonomous-v1,RSA-0003539,4f8923789bbba84d9b642ca48ea929877fe69845170f3b1008ed9b9ab3818161,2026-07-21 06:20:50+00:00,,
RCV-000392,TXN-0003542,true,single debit confirmation; settlement not confirmed,PENDING,0,MANUAL_REVIEW,AWAITING_REVIEW,NOT_VERIFIED,912.94,,BDT,,,,autonomous-v1,RSA-0003542,d0c880480244c2c8ae964001352de05a47bb267fe14ad88306a6d728898f9322,2026-07-26 08:34:40+00:00,,
RCV-000393,TXN-0003545,true,single debit confirmation; settlement not confirmed,BLOCKED,0,NO_ACTION,NOT_EXECUTED,NOT_VERIFIED,1511.5,,BDT,policy block,,,autonomous-v1,RSA-0003545,78f84a6f49449363d39f41e926b64e6477568c4c31ad33f1e2c6201523249ede,2026-08-14 01:26:15+00:00,2026-08-14 01:26:15+00:00,
RCV-000394,TXN-0003547,false,provider reference shared with another transaction,PENDING,0,MANUAL_REVIEW,AWAITING_REVIEW,NOT_VERIFIED,6262.83,,BDT,,,,autonomous-v1,RSA-0003547,8a47fa3acc6e8ee37f97dbea0f93ce14676537157fa217dfd265b2c9b5d4b935,2026-09-07 00:29:58+00:00,,
RCV-000395,TXN-0003548,true,single debit confirmation; settlement not confirmed,COMPLETED,0,MANUAL_REVIEW,RESOLVED_MANUALLY,REVIEWED,728.53,,BDT,,,,autonomous-v1,RSA-0003548,ed1208075446f73c9298c2f4c817d429c84400d4903ac9818bfbdde33b7bbd2b,2026-09-07 07:55:17+00:00,,
RCV-000396,TXN-0003550,false,settlement confirmed without merchant confirmation,PENDING,0,MANUAL_REVIEW,AWAITING_REVIEW,NOT_VERIFIED,6461.7,,BDT,,,,autonomous-v1,RSA-0003550,5587eb74d848aac1a7f99004f78305d3e3fcfa872d5fc0605e37a3c61bf28100,2026-09-14 11:37:04+00:00,,
RCV-000397,TXN-0003602,true,single debit confirmation; settlement not confirmed,PENDING,0,MANUAL_REVIEW,AWAITING_REVIEW,NOT_VERIFIED,1359.86,,BDT,,,,autonomous-v1,RSA-0003602,5682ecdeb34fd5878201ef7972329530c9310d0daf6a7212b38a0714af31792e,2026-08-13 06:17:36+00:00,,
RCV-000398,TXN-0003631,true,single debit confirmation; settlement not confirmed,BLOCKED,0,NO_ACTION,NOT_EXECUTED,NOT_VERIFIED,1026.58,,BDT,,,,autonomous-v1,RSA-0003631,c9334ee400a2f359e27b0963ec2732f14bf35d4334e5ab73870e198a0fce0cc0,2025-11-14 12:28:33+00:00,,
RCV-000399,TXN-0003638,true,single debit confirmation; settlement not confirmed,BLOCKED,0,NO_ACTION,NOT_EXECUTED,NOT_VERIFIED,2188.71,,BDT,amount above auto-release cap,,,autonomous-v1,RSA-0003638,17d6fc815b835dd1704b2aba589a0306a7eeb428867579451ed63ea5fc83ab07,2026-04-17 04:28:46+00:00,2026-04-17 04:28:46+00:00,
RCV-000400,TXN-0003643,true,single debit confirmation; settlement not confirmed,BLOCKED,0,NO_ACTION,NOT_EXECUTED,NOT_VERIFIED,1904.57,,BDT,amount above auto-release cap,,,autonomous-v1,RSA-0003643,3422d91da9db59b3dd4d5dd0e6ab28580ad264154e9ec8cce3f6ed8db1fc7ead,2026-07-07 16:28:23+00:00,2026-07-07 16:28:23+00:00,
RCV-000401,TXN-0003646,true,single debit confirmation; settlement not confirmed,BLOCKED,0,NO_ACTION,NOT_EXECUTED,NOT_VERIFIED,4164.1,,BDT,amount above auto-release cap,,,autonomous-v1,RSA-0003646,5c466be9612d94335a9b57cbbf4f8654be971862c38637490d254ab3e73b77b6,2026-07-18 02:44:43+00:00,2026-07-18 02:44:43+00:00,
RCV-000402,TXN-0003659,true,single debit confirmation; settlement not confirmed,BLOCKED,0,NO_ACTION,NOT_EXECUTED,NOT_VERIFIED,3391.67,,BDT,amount above auto-release cap,,,autonomous-v1,RSA-0003659,cf3bcb4cc3390107eed041dd9dcc18100735803960d8c6476313b28920e52949,2026-05-04 01:03:01+00:00,2026-05-04 01:03:01+00:00,
RCV-000403,TXN-0003661,false,multiple customer debit confirmations,BLOCKED,0,NO_ACTION,NOT_EXECUTED,NOT_VERIFIED,1380.95,,BDT,DOUBLE_DEDUCTION,,,autonomous-v1,RSA-0003661,eb3904b9bd6eaf02f379b2ebd17e9189b7fed575ede77eb036426dcbd6781be1,2026-06-02 04:05:46+00:00,2026-06-02 04:05:46+00:00,
RCV-000404,TXN-0003683,false,insufficient payment evidence,BLOCKED,0,NO_ACTION,NOT_EXECUTED,NOT_VERIFIED,262.12,,BDT,INSUFFICIENT_EVIDENCE,,,autonomous-v1,RSA-0003683,3528f6c144579a07ffcad31af40fe5777c8e6a31bb59db532cd6a689b4c82b71,2026-06-30 14:17:37+00:00,2026-06-30 14:17:37+00:00,
RCV-000405,TXN-0003702,true,single debit confirmation; settlement not confirmed,BLOCKED,0,NO_ACTION,NOT_EXECUTED,NOT_VERIFIED,2713.43,,BDT,amount above auto-release cap,,,autonomous-v1,RSA-0003702,f684ce8d4dfc7e6f02865d12d87f5ce8cde3e62bc1fd4fd32112bea1189a3dd6,2026-07-30 02:32:48+00:00,2026-07-30 02:32:48+00:00,
RCV-000406,TXN-0003714,true,single debit confirmation; settlement not confirmed,PENDING,0,MANUAL_REVIEW,AWAITING_REVIEW,NOT_VERIFIED,1176.52,,BDT,,,,autonomous-v1,RSA-0003714,84d1eb0f0ad2ac9b2987fde156d42211b7a78deedebcbc9577860e1128c7c8cf,2026-07-25 03:51:51+00:00,,
RCV-000407,TXN-0003729,true,single debit confirmation; settlement not confirmed,BLOCKED,0,NO_ACTION,NOT_EXECUTED,NOT_VERIFIED,2383.51,,BDT,amount above auto-release cap,,,autonomous-v1,RSA-0003729,9ddf16af06a9d9a399e05161acefd15220d48f3ba9dea7703a99c538a0f22d1d,2026-08-30 13:15:21+00:00,2026-08-30 13:15:21+00:00,
RCV-000408,TXN-0003738,false,evidence contradicts reported failure,PENDING,0,MANUAL_REVIEW,AWAITING_REVIEW,NOT_VERIFIED,211.89,,BDT,,,,autonomous-v1,RSA-0003738,da9fa97be409bb9834be49e4ed33b00d0c574a4c9771c7dd884f287ac0dbd668,2026-09-23 20:27:39+00:00,,
RCV-000409,TXN-0003744,true,single debit confirmation; settlement not confirmed,BLOCKED,0,NO_ACTION,NOT_EXECUTED,NOT_VERIFIED,1638.5,,BDT,policy block,,,autonomous-v1,RSA-0003744,e595bf077dda1f43d9a13075e277b9bdc109830bf092bdd60755e33aee5dbb8f,2026-04-28 10:26:38+00:00,2026-04-28 10:26:38+00:00,
RCV-000410,TXN-0003748,true,single debit confirmation; settlement not confirmed,COMPLETED,0,MANUAL_REVIEW,RESOLVED_MANUALLY,REVIEWED,425.45,,BDT,,,,autonomous-v1,RSA-0003748,306e1966e95142f642b2ce8579f43a6974991deefd983a13afc56c88f1833619,2026-05-12 19:34:35+00:00,,
RCV-000411,TXN-0003758,true,single debit confirmation; settlement not confirmed,BLOCKED,0,NO_ACTION,NOT_EXECUTED,NOT_VERIFIED,315.65,,BDT,previous failures above cap,,,autonomous-v1,RSA-0003758,5b00269cacac7807e1aec17ceabd93a2e01120aa2fb3ede210a471530c761da1,2026-03-09 12:38:52+00:00,2026-03-09 12:38:52+00:00,
RCV-000412,TXN-0003781,true,single debit confirmation; settlement not confirmed,BLOCKED,0,NO_ACTION,NOT_EXECUTED,NOT_VERIFIED,2730.96,,BDT,amount above auto-release cap,,,autonomous-v1,RSA-0003781,06e2adbf919e42df3efccd34179112e972235fc0e9af863dbd21a0743a7e5195,2026-01-25 11:29:05+00:00,2026-01-25 11:29:05+00:00,
RCV-000413,TXN-0003791,true,single debit confirmation; settlement not confirmed,BLOCKED,0,NO_ACTION,NOT_EXECUTED,NOT_VERIFIED,412.92,,BDT,,,,autonomous-v1,RSA-0003791,0118157039e516593c2f433ed085af44d4d37aa46ba4a1b4be63979726e49cc0,2026-05-03 13:50:08+00:00,,
RCV-000414,TXN-0003803,true,single debit confirmation; settlement not confirmed,BLOCKED,0,NO_ACTION,NOT_EXECUTED,NOT_VERIFIED,3196.75,,BDT,amount above auto-release cap,,,autonomous-v1,RSA-0003803,af80d7030340947b833173bd607fc9d2ca8d8d6343f3f0cdfb1b47bd551a43ce,2026-08-22 08:49:34+00:00,2026-08-22 08:49:34+00:00,
RCV-000415,TXN-0003805,true,single debit confirmation; settlement not confirmed,PENDING,0,MANUAL_REVIEW,AWAITING_REVIEW,NOT_VERIFIED,534.31,,BDT,,,,autonomous-v1,RSA-0003805,1ee2f1689ceb108dc1b282a82006b4462708a4685d433d912d93e1b461b06757,2026-09-25 17:43:32+00:00,,
RCV-000416,TXN-0003810,true,single debit confirmation; settlement not confirmed,BLOCKED,0,NO_ACTION,NOT_EXECUTED,NOT_VERIFIED,227.17,,BDT,,,,autonomous-v1,RSA-0003810,e2d205896f9e452ea228bffb749d43e2af7ef2b8f8f4633929d052668b16d665,2026-06-16 11:20:08+00:00,,
RCV-000417,TXN-0003825,false,insufficient payment evidence,BLOCKED,0,NO_ACTION,NOT_EXECUTED,NOT_VERIFIED,14456.69,,BDT,INSUFFICIENT_EVIDENCE,,,autonomous-v1,RSA-0003825,18507d0b9e82cd0d21eab74ae1d767c95eb425e46ca7d81ab022d2ef9499c0b7,2026-06-17 08:12:33+00:00,2026-06-17 08:12:33+00:00,
RCV-000418,TXN-0003851,false,insufficient payment evidence,BLOCKED,0,NO_ACTION,NOT_EXECUTED,NOT_VERIFIED,1260.97,,BDT,INSUFFICIENT_EVIDENCE,,,autonomous-v1,RSA-0003851,c88a8086a79367773054a341a49ff7610b0e88d018aba89e4b5e100f523fc147,2026-09-25 04:28:05+00:00,2026-09-25 04:28:05+00:00,
RCV-000419,TXN-0003861,true,single debit confirmation; settlement not confirmed,BLOCKED,0,NO_ACTION,NOT_EXECUTED,NOT_VERIFIED,659.84,,BDT,previous failures above cap,,,autonomous-v1,RSA-0003861,8b8e3cb50bfb7e18882f29418b0984ed1d25aee6ac0efa5a5d55e60608ed91ec,2026-09-23 11:06:53+00:00,2026-09-23 11:06:53+00:00,
RCV-000420,TXN-0003864,true,single debit confirmation; settlement not confirmed,COMPLETED,0,MANUAL_REVIEW,RESOLVED_MANUALLY,REVIEWED,675.82,,BDT,,,,autonomous-v1,RSA-0003864,558d50c0ed74d39c147b22fe5f039364c839cfbed1a097a51d21d606fba6bf8c,2026-05-11 00:00:00+00:00,,
RCV-000421,TXN-0003865,true,single debit confirmation; settlement not confirmed,BLOCKED,0,NO_ACTION,NOT_EXECUTED,NOT_VERIFIED,241.47,,BDT,,,,autonomous-v1,RSA-0003865,49a681ffdefe14aede1660661a77ed6557f3cae5fc70f70311783037df1d543f,2026-05-22 19:09:19+00:00,,
RCV-000422,TXN-0003866,true,single debit confirmation; settlement not confirmed,BLOCKED,0,NO_ACTION,NOT_EXECUTED,NOT_VERIFIED,487.73,,BDT,,,,autonomous-v1,RSA-0003866,f009035c8eef0f765b0d8652f9eddaf70c25af3acc8b003a3785322975e933aa,2026-05-23 00:50:29+00:00,,
RCV-000423,TXN-0003868,false,insufficient payment evidence,BLOCKED,0,NO_ACTION,NOT_EXECUTED,NOT_VERIFIED,845.61,,BDT,INSUFFICIENT_EVIDENCE,,,autonomous-v1,RSA-0003868,49291c6e2455e8e8421054826a2d2754bc624944fa22af90bdea4cd24bfb9b88,2026-06-02 08:13:10+00:00,2026-06-02 08:13:10+00:00,
RCV-000424,TXN-0003877,true,single debit confirmation; settlement not confirmed,BLOCKED,0,NO_ACTION,NOT_EXECUTED,NOT_VERIFIED,1569.33,,BDT,amount above auto-release cap,,,autonomous-v1,RSA-0003877,3996c787b63db71be11cfb2a7e67869890ff4dc53482ec1e693389c67e9a1f90,2026-07-24 23:41:32+00:00,2026-07-24 23:41:32+00:00,
RCV-000425,TXN-0003878,true,single debit confirmation; settlement not confirmed,BLOCKED,0,NO_ACTION,NOT_EXECUTED,NOT_VERIFIED,14818.05,,BDT,amount above auto-release cap,,,autonomous-v1,RSA-0003878,b14600948be1eeb8672823bb2b51252b93f18f1e7926b4e0fa08b847cc8230ef,2026-08-06 03:27:53+00:00,2026-08-06 03:27:53+00:00,
RCV-000426,TXN-0003881,true,single debit confirmation; settlement not confirmed,BLOCKED,0,NO_ACTION,NOT_EXECUTED,NOT_VERIFIED,3870.75,,BDT,amount above auto-release cap,,,autonomous-v1,RSA-0003881,aa89a334fbe59d5b855c0ed3a27dc7a74a7dd739fae83ad2276f15206fe39096,2026-09-24 19:10:27+00:00,2026-09-24 19:10:27+00:00,
RCV-000427,TXN-0003882,true,single debit confirmation; settlement not confirmed,BLOCKED,0,NO_ACTION,NOT_EXECUTED,NOT_VERIFIED,2950.4,,BDT,amount above auto-release cap,,,autonomous-v1,RSA-0003882,17ba3ed5307388c929bb70471734dbf10584e8d3a3a0277cdee1ebdddabdf26a,2026-09-25 14:17:27+00:00,2026-09-25 14:17:27+00:00,
RCV-000428,TXN-0003883,true,single debit confirmation; settlement not confirmed,COMPLETED,0,MANUAL_REVIEW,RESOLVED_MANUALLY,REVIEWED,507.64,,BDT,,,,autonomous-v1,RSA-0003883,82c8f0dde6e0d068d0ef3f8b6e0d51051f012cefcef27428d0d1770327932cd2,2026-09-28 22:05:11+00:00,,
RCV-000429,TXN-0003897,true,single debit confirmation; settlement not confirmed,BLOCKED,0,NO_ACTION,NOT_EXECUTED,NOT_VERIFIED,2311.48,,BDT,amount above auto-release cap,,,autonomous-v1,RSA-0003897,53f849a09669f92852d1a9f6b47292a564086ce45546c78e761bb2d08736ceb5,2026-03-11 00:32:12+00:00,2026-03-11 00:32:12+00:00,
RCV-000430,TXN-0003954,true,single debit confirmation; settlement not confirmed,BLOCKED,0,NO_ACTION,NOT_EXECUTED,NOT_VERIFIED,2289.34,,BDT,amount above auto-release cap,,,autonomous-v1,RSA-0003954,c49ff4d4330d2e332b43f927d8d7527d8b6e520553dd8bb5301bec2ed1a2448c,2026-05-31 20:57:17+00:00,2026-05-31 20:57:17+00:00,
RCV-000431,TXN-0003961,false,insufficient payment evidence,BLOCKED,0,NO_ACTION,NOT_EXECUTED,NOT_VERIFIED,13502.22,,BDT,INSUFFICIENT_EVIDENCE,,,autonomous-v1,RSA-0003961,670616541aa95fa7890254d49d56bbdc51b2619b24565fb07c6900b4cac6d96f,2026-07-28 22:49:19+00:00,2026-07-28 22:49:19+00:00,
RCV-000432,TXN-0003964,false,provider reference shared with another transaction,BLOCKED,0,NO_ACTION,NOT_EXECUTED,NOT_VERIFIED,893.58,,BDT,,,,autonomous-v1,RSA-0003964,81024d4a11831bbeac2cc3a94bffbf8115fc146a40baddcb6d16ec72e6b5ed8b,2026-08-04 17:22:58+00:00,,
RCV-000433,TXN-0003965,true,single debit confirmation; settlement not confirmed,BLOCKED,0,NO_ACTION,NOT_EXECUTED,NOT_VERIFIED,2225.52,,BDT,amount above auto-release cap,,,autonomous-v1,RSA-0003965,6ec55c402ba24e63fcd8e7db67b8b7ec740ca7fadb54c16fc17208e5914104c1,2026-08-18 00:17:02+00:00,2026-08-18 00:17:02+00:00,
RCV-000434,TXN-0003967,true,single debit confirmation; settlement not confirmed,BLOCKED,0,NO_ACTION,NOT_EXECUTED,NOT_VERIFIED,3924.92,,BDT,amount above auto-release cap,,,autonomous-v1,RSA-0003967,ccd774ebc58a926b4f42182201968aecfd132e2c3cf24cc6f912c0a3e541cf5d,2026-09-06 17:03:17+00:00,2026-09-06 17:03:17+00:00,
RCV-000435,TXN-0003988,true,single debit confirmation; settlement not confirmed,BLOCKED,0,NO_ACTION,NOT_EXECUTED,NOT_VERIFIED,5957.88,,BDT,amount above auto-release cap,,,autonomous-v1,RSA-0003988,ab9b2ed2a9815bc3a3956d6f4240753ec7445e35652995d1acf1738ff4cdabd2,2026-07-24 20:56:40+00:00,2026-07-24 20:56:40+00:00,
RCV-000436,TXN-0003989,false,insufficient payment evidence,BLOCKED,0,NO_ACTION,NOT_EXECUTED,NOT_VERIFIED,8127.68,,BDT,INSUFFICIENT_EVIDENCE,,,autonomous-v1,RSA-0003989,7df48093b1effb967e667d3cc2cbf9cacf8da078a39f0fee2a5981ea37e809e2,2026-07-29 08:16:38+00:00,2026-07-29 08:16:38+00:00,
RCV-000437,TXN-0003998,true,single debit confirmation; settlement not confirmed,BLOCKED,0,NO_ACTION,NOT_EXECUTED,NOT_VERIFIED,361.07,,BDT,policy block,,,autonomous-v1,RSA-0003998,a2792cd45f84e1b6cf63508198dc1d6976fcb789992abeb1971cb78da19759e0,2026-04-10 16:34:15+00:00,2026-04-10 16:34:15+00:00,
RCV-000438,TXN-0004004,true,single debit confirmation; settlement not confirmed,BLOCKED,0,NO_ACTION,NOT_EXECUTED,NOT_VERIFIED,2720.42,,BDT,amount above auto-release cap,,,autonomous-v1,RSA-0004004,d0e4a72496aef96a16542bdb4a154d07cead2384833c13cd3856342d5082f5f8,2026-09-03 03:35:14+00:00,2026-09-03 03:35:14+00:00,
RCV-000439,TXN-0004006,false,settlement confirmed without merchant confirmation,PENDING,0,MANUAL_REVIEW,AWAITING_REVIEW,NOT_VERIFIED,1108.86,,BDT,,,,autonomous-v1,RSA-0004006,d79e97f9d05812aa40ef6a9c38178a6e04b08bcc35d8c8d270a1e62fcd9929b9,2026-06-30 19:31:59+00:00,,
RCV-000440,TXN-0004009,true,single debit confirmation; settlement not confirmed,BLOCKED,0,NO_ACTION,NOT_EXECUTED,NOT_VERIFIED,2522.35,,BDT,amount above auto-release cap,,,autonomous-v1,RSA-0004009,78019b5d0e725f8590c9d2c4e9249bb6fa553f6e8228535d0e0c1cb32e4d187a,2025-12-12 06:44:43+00:00,2025-12-12 06:44:43+00:00,
RCV-000441,TXN-0004011,true,single debit confirmation; settlement not confirmed,BLOCKED,0,NO_ACTION,NOT_EXECUTED,NOT_VERIFIED,3838.38,,BDT,amount above auto-release cap,,,autonomous-v1,RSA-0004011,721cb1476642cac7f09395f699cc3481ce51105be1fc378f7dec0301f37d8d29,2025-12-20 16:40:40+00:00,2025-12-20 16:40:40+00:00,
RCV-000442,TXN-0004013,true,single debit confirmation; settlement not confirmed,BLOCKED,0,NO_ACTION,NOT_EXECUTED,NOT_VERIFIED,1581.09,,BDT,amount above auto-release cap,,,autonomous-v1,RSA-0004013,b6fd57bc322dfcf3432e2d4a5db345181eeffb8dc6bb2fdbead186af7aa50c6d,2026-03-16 19:08:07+00:00,2026-03-16 19:08:07+00:00,
RCV-000443,TXN-0004016,false,insufficient payment evidence,BLOCKED,0,NO_ACTION,NOT_EXECUTED,NOT_VERIFIED,1432.93,,BDT,INSUFFICIENT_EVIDENCE,,,autonomous-v1,RSA-0004016,fa6e43e7be47e16cf3f6db390636c94c7f6b3fe8e51e7d5fadc5594739478310,2026-09-06 06:24:45+00:00,2026-09-06 06:24:45+00:00,
RCV-000444,TXN-0004024,false,evidence contradicts reported failure,PENDING,0,MANUAL_REVIEW,AWAITING_REVIEW,NOT_VERIFIED,2624.41,,BDT,,,,autonomous-v1,RSA-0004024,feeb12e084c757598ca69dbb4f9feb193215b17d896b3d4632c9c8217b5b6786,2026-08-17 04:23:25+00:00,,
RCV-000445,TXN-0004044,true,single debit confirmation; settlement not confirmed,BLOCKED,0,NO_ACTION,NOT_EXECUTED,NOT_VERIFIED,19550.18,,BDT,amount above auto-release cap,,,autonomous-v1,RSA-0004044,1e26522d8ab2c7ea1f766c7fafbeb1bc06bfa5344ff9982227ed532e84901d77,2026-03-27 01:36:09+00:00,2026-03-27 01:36:09+00:00,
RCV-000446,TXN-0004046,true,single debit confirmation; settlement not confirmed,BLOCKED,0,NO_ACTION,NOT_EXECUTED,NOT_VERIFIED,461.57,,BDT,policy block,,,autonomous-v1,RSA-0004046,0559d2ff171f0fa36c94c6449c84753dad1dbcb935274ebb0be3d8208872bb12,2026-05-15 04:23:24+00:00,2026-05-15 04:23:24+00:00,
RCV-000447,TXN-0004066,true,single debit confirmation; settlement not confirmed,COMPLETED,0,MANUAL_REVIEW,RESOLVED_MANUALLY,REVIEWED,1166.98,,BDT,,,,autonomous-v1,RSA-0004066,e5aaa5008816b9c5e4cfe4d2397436308405e4fc58b6881fc50be3b294fe078b,2026-07-03 18:42:53+00:00,,
RCV-000448,TXN-0004095,true,single debit confirmation; settlement not confirmed,BLOCKED,0,NO_ACTION,NOT_EXECUTED,NOT_VERIFIED,7314.89,,BDT,amount above auto-release cap,,,autonomous-v1,RSA-0004095,f0ed5b602a78cc067d8e8e5f6d563309757e2a7e2043358333b0e46778a465f3,2026-04-08 14:45:00+00:00,2026-04-08 14:45:00+00:00,
RCV-000449,TXN-0004099,true,single debit confirmation; settlement not confirmed,BLOCKED,0,NO_ACTION,NOT_EXECUTED,NOT_VERIFIED,3267.94,,BDT,amount above auto-release cap,,,autonomous-v1,RSA-0004099,6c099abb3ec5bbf1f5eb5416ab646c70e41209258ba86e76f42570370a45e784,2026-06-04 18:06:45+00:00,2026-06-04 18:06:45+00:00,
RCV-000450,TXN-0004124,true,single debit confirmation; settlement not confirmed,BLOCKED,0,NO_ACTION,NOT_EXECUTED,NOT_VERIFIED,4133.34,,BDT,amount above auto-release cap,,,autonomous-v1,RSA-0004124,a202d01af95802bc03fbf256dfdc35f90baff716e7793b9938bacfd0cd6c6330,2026-03-17 09:07:46+00:00,2026-03-17 09:07:46+00:00,
RCV-000451,TXN-0004132,true,single debit confirmation; settlement not confirmed,BLOCKED,0,NO_ACTION,NOT_EXECUTED,NOT_VERIFIED,2183.63,,BDT,amount above auto-release cap,,,autonomous-v1,RSA-0004132,2318335f8d5d25a7158ddfc1b679617ed110564fdca1299d8fd29232800818e8,2026-06-03 20:45:34+00:00,2026-06-03 20:45:34+00:00,
RCV-000452,TXN-0004139,true,single debit confirmation; settlement not confirmed,BLOCKED,0,NO_ACTION,NOT_EXECUTED,NOT_VERIFIED,5730.01,,BDT,amount above auto-release cap,,,autonomous-v1,RSA-0004139,3b363480e833fd8fcc863ed0d11f17e3b3add62637c96debeedb3a6ae8a5ffff,2026-02-15 19:55:11+00:00,2026-02-15 19:55:11+00:00,
RCV-000453,TXN-0004143,true,single debit confirmation; settlement not confirmed,BLOCKED,0,NO_ACTION,NOT_EXECUTED,NOT_VERIFIED,4739.12,,BDT,amount above auto-release cap,,,autonomous-v1,RSA-0004143,7d6f720ebbe5bc2de62ec65e4b18530cd35d19f0248e8f14c0d0cf0a383d7066,2026-04-10 03:02:12+00:00,2026-04-10 03:02:12+00:00,
RCV-000454,TXN-0004148,true,single debit confirmation; settlement not confirmed,COMPLETED,1,RELEASE_LIMIT,RECOVERED,VERIFIED,935.86,935.86,BDT,,mock,REL-E385A40C,autonomous-v1,RSA-0004148,bf86cb8c7cb80f5c4e6913164f69e185a2aa30b1fe6f1fc66404e55b25cf2a73,2026-06-15 03:05:06+00:00,2026-06-15 03:06:06+00:00,2026-06-15 03:06:17+00:00
RCV-000455,TXN-0004153,false,provider reference shared with another transaction,PENDING,0,MANUAL_REVIEW,AWAITING_REVIEW,NOT_VERIFIED,1022.57,,BDT,,,,autonomous-v1,RSA-0004153,9529e4832fd59a422f92703e9a5ddc36cea42808a69bdc1a57c1c046dd5abe74,2026-07-26 16:39:35+00:00,,
RCV-000456,TXN-0004159,true,single debit confirmation; settlement not confirmed,COMPLETED,0,MANUAL_REVIEW,RESOLVED_MANUALLY,REVIEWED,539.88,,BDT,,,,autonomous-v1,RSA-0004159,5b8f3807f26aa269d861f124dc3cf975e541f086a2af8d7df0758411c8fec2f7,2026-09-08 13:16:26+00:00,,
RCV-000457,TXN-0004173,true,single debit confirmation; settlement not confirmed,COMPLETED,0,MANUAL_REVIEW,RESOLVED_MANUALLY,REVIEWED,852.07,,BDT,,,,autonomous-v1,RSA-0004173,2fad0e07fd617b0057d2967eb0b9cd58337c29d6e530aa718c9cf3d7e9eb56fd,2026-05-12 04:54:25+00:00,,
RCV-000458,TXN-0004174,true,single debit confirmation; settlement not confirmed,BLOCKED,0,NO_ACTION,NOT_EXECUTED,NOT_VERIFIED,3469.49,,BDT,amount above auto-release cap,,,autonomous-v1,RSA-0004174,18f470f379572540f8264edb55ff009956b0fed49ca5035c22d3f1000927934d,2026-06-01 18:29:22+00:00,2026-06-01 18:29:22+00:00,
RCV-000459,TXN-0004181,false,insufficient payment evidence,BLOCKED,0,NO_ACTION,NOT_EXECUTED,NOT_VERIFIED,899.32,,BDT,INSUFFICIENT_EVIDENCE,,,autonomous-v1,RSA-0004181,d75f9a5ca8b6877fe2a054b2581bca343b1176f5550cc979c0d38e8b85006e82,2026-07-01 11:45:17+00:00,2026-07-01 11:45:17+00:00,
RCV-000460,TXN-0004218,false,multiple customer debit confirmations,BLOCKED,0,NO_ACTION,NOT_EXECUTED,NOT_VERIFIED,8616.0,,BDT,DOUBLE_DEDUCTION,,,autonomous-v1,RSA-0004218,c00836fcb53f4ed789ac8f2b0a9185392df4beef8aa530ad54933c18308429b7,2026-07-21 01:57:38+00:00,2026-07-21 01:57:38+00:00,
RCV-000461,TXN-0004230,true,single debit confirmation; settlement not confirmed,COMPLETED,0,MANUAL_REVIEW,RESOLVED_MANUALLY,REVIEWED,248.05,,BDT,,,,autonomous-v1,RSA-0004230,a96f187fe631ccc2a537b446a00ea2e75e63fa8f3ad4ccfbd5f40b48b74cf26c,2026-08-01 05:05:24+00:00,,
RCV-000462,TXN-0004234,false,insufficient payment evidence,BLOCKED,0,NO_ACTION,NOT_EXECUTED,NOT_VERIFIED,217.27,,BDT,INSUFFICIENT_EVIDENCE,,,autonomous-v1,RSA-0004234,f2a2711cd3c42536aaf849755354656503a8cd80c158df773e4502f20c8fd702,2026-08-14 23:07:29+00:00,2026-08-14 23:07:29+00:00,
RCV-000463,TXN-0004238,false,insufficient payment evidence,BLOCKED,0,NO_ACTION,NOT_EXECUTED,NOT_VERIFIED,4510.44,,BDT,INSUFFICIENT_EVIDENCE,,,autonomous-v1,RSA-0004238,04a185834340ccda370effd179c4dc700d542f8387007afc05791206270c27ec,2026-08-25 12:14:50+00:00,2026-08-25 12:14:50+00:00,
RCV-000464,TXN-0004249,true,single debit confirmation; settlement not confirmed,COMPLETED,0,MANUAL_REVIEW,RESOLVED_MANUALLY,REVIEWED,524.62,,BDT,,,,autonomous-v1,RSA-0004249,7e41c58688252367f9a51a7ad37b3a4a164d05bbb934b0b356f670ebe7c1559f,2026-04-09 20:14:14+00:00,,
RCV-000465,TXN-0004250,true,single debit confirmation; settlement not confirmed,COMPLETED,0,MANUAL_REVIEW,RESOLVED_MANUALLY,REVIEWED,1315.9,,BDT,,,,autonomous-v1,RSA-0004250,5574fc83360da30c7e5228065c759e0eea97009820336b195c9a62b8e5a6778c,2026-04-11 21:21:58+00:00,,
RCV-000466,TXN-0004251,false,settlement confirmed without merchant confirmation,PENDING,0,MANUAL_REVIEW,AWAITING_REVIEW,NOT_VERIFIED,2498.46,,BDT,,,,autonomous-v1,RSA-0004251,df2ccd7937fafdb5444b167cc744a272c8807bbe14294e2d69a9c3cb2e5a2b7d,2026-05-02 15:04:37+00:00,,
RCV-000467,TXN-0004253,true,single debit confirmation; settlement not confirmed,BLOCKED,0,NO_ACTION,NOT_EXECUTED,NOT_VERIFIED,1572.05,,BDT,amount above auto-release cap,,,autonomous-v1,RSA-0004253,3445a858f6b0b965d3902eb43149f29219a4ad7706a6a695201059c24a5073ce,2026-05-12 11:06:34+00:00,2026-05-12 11:06:34+00:00,
RCV-000468,TXN-0004256,true,single debit confirmation; settlement not confirmed,PENDING,0,MANUAL_REVIEW,AWAITING_REVIEW,NOT_VERIFIED,1391.28,,BDT,,,,autonomous-v1,RSA-0004256,e8509855b72e7c014642cbdcb54360c6aa364424645641b2c5317614810b1fd8,2026-06-05 04:17:04+00:00,,
RCV-000469,TXN-0004261,true,single debit confirmation; settlement not confirmed,BLOCKED,0,NO_ACTION,NOT_EXECUTED,NOT_VERIFIED,1077.95,,BDT,,,,autonomous-v1,RSA-0004261,c2748a22d354d1ebb73dabef5fe775c2ab31d523322c9829581240a35ec1279f,2026-08-08 15:13:49+00:00,,
RCV-000470,TXN-0004263,true,single debit confirmation; settlement not confirmed,PENDING,0,MANUAL_REVIEW,AWAITING_REVIEW,NOT_VERIFIED,251.54,,BDT,,,,autonomous-v1,RSA-0004263,1cfe36faafbfeafdaf5eb7ae13dcdcd66810368c52c1ad959302acc850bfa8ac,2026-08-17 04:42:00+00:00,,
RCV-000471,TXN-0004264,true,single debit confirmation; settlement not confirmed,PENDING,0,MANUAL_REVIEW,AWAITING_REVIEW,NOT_VERIFIED,397.18,,BDT,,,,autonomous-v1,RSA-0004264,691474f10a9150f87571120b9b1a0cddc363d93a657b9f0e2281cd2bc14865cb,2026-08-17 22:04:05+00:00,,
RCV-000472,TXN-0004265,true,single debit confirmation; settlement not confirmed,BLOCKED,0,NO_ACTION,NOT_EXECUTED,NOT_VERIFIED,1676.92,,BDT,amount above auto-release cap,,,autonomous-v1,RSA-0004265,4a98f79fa0041a2ab40c1b5203c93c3af21ff0b0b6312af05ddb162a0ba75e2b,2026-08-22 22:29:02+00:00,2026-08-22 22:29:02+00:00,
RCV-000473,TXN-0004266,false,multiple customer debit confirmations,BLOCKED,0,NO_ACTION,NOT_EXECUTED,NOT_VERIFIED,953.08,,BDT,DOUBLE_DEDUCTION,,,autonomous-v1,RSA-0004266,76efb70d840a4c96d9fe6d28a046e888755dc5e97b713f97c3e6fb756dcd0f00,2026-08-23 22:55:46+00:00,2026-08-23 22:55:46+00:00,
RCV-000474,TXN-0004271,true,single debit confirmation; settlement not confirmed,BLOCKED,0,NO_ACTION,NOT_EXECUTED,NOT_VERIFIED,1640.23,,BDT,amount above auto-release cap,,,autonomous-v1,RSA-0004271,196dd684d1dd71a226c763e74be348ea3e9b4202d947d7cdededf9edd203ca77,2026-08-07 13:36:58+00:00,2026-08-07 13:36:58+00:00,
RCV-000475,TXN-0004272,true,single debit confirmation; settlement not confirmed,PENDING,0,MANUAL_REVIEW,AWAITING_REVIEW,NOT_VERIFIED,1352.37,,BDT,,,,autonomous-v1,RSA-0004272,661ad8dbb825a9dcb8b57a646bc0ad91e9ec2ffbb504016b3011c520abcd5c5c,2026-08-08 06:36:28+00:00,,
RCV-000476,TXN-0004274,false,settlement confirmed without merchant confirmation,BLOCKED,0,NO_ACTION,NOT_EXECUTED,NOT_VERIFIED,148.4,,BDT,,,,autonomous-v1,RSA-0004274,93f51a617d3dc51b88e2a34fbcbce8c467c31c825c9ce86524d594358a432802,2026-08-15 07:03:52+00:00,,
RCV-000477,TXN-0004276,true,single debit confirmation; settlement not confirmed,PENDING,0,MANUAL_REVIEW,AWAITING_REVIEW,NOT_VERIFIED,588.96,,BDT,,,,autonomous-v1,RSA-0004276,0b5d0a6796b8d32981a674876e5643139021770ce374adf6931ebef2bb9a62d5,2026-08-24 01:33:49+00:00,,
RCV-000478,TXN-0004277,true,single debit confirmation; settlement not confirmed,PENDING,0,MANUAL_REVIEW,AWAITING_REVIEW,NOT_VERIFIED,239.77,,BDT,,,,autonomous-v1,RSA-0004277,fb89f40a265252958e4d55962d50fb5bb055b66e01492dc3fa9535188ef7ba6c,2026-09-04 16:35:25+00:00,,
RCV-000479,TXN-0004278,false,insufficient payment evidence,BLOCKED,0,NO_ACTION,NOT_EXECUTED,NOT_VERIFIED,1336.5,,BDT,INSUFFICIENT_EVIDENCE,,,autonomous-v1,RSA-0004278,ac509c95f9555df18345d92b194d0d877542281162cc970597e8ef1fe415ddd6,2026-09-05 07:21:23+00:00,2026-09-05 07:21:23+00:00,
RCV-000480,TXN-0004279,false,provider reference shared with another transaction,COMPLETED,0,MANUAL_REVIEW,RESOLVED_MANUALLY,REVIEWED,1090.65,,BDT,,,,autonomous-v1,RSA-0004279,b6216ac125e87a7a5fce51f94f21b62cffbbc78fbf39d93372bb96bf55ef78ce,2026-09-06 02:30:11+00:00,,
RCV-000481,TXN-0004281,true,single debit confirmation; settlement not confirmed,COMPLETED,1,RELEASE_LIMIT,RECOVERED,VERIFIED,1153.81,1153.81,BDT,,mock,REL-48A28A48,autonomous-v1,RSA-0004281,6412b8324d94361a0ef496bfee4d7c82f52e05380f39a0d75ffad4967fa3d9a8,2026-09-09 11:46:48+00:00,2026-09-09 11:48:48+00:00,2026-09-09 11:49:08+00:00
RCV-000482,TXN-0004282,true,single debit confirmation; settlement not confirmed,BLOCKED,0,NO_ACTION,NOT_EXECUTED,NOT_VERIFIED,5835.91,,BDT,amount above auto-release cap,,,autonomous-v1,RSA-0004282,54c4413e363ea05742bdefe514ac72772925fec847655efe5db561acabcf79d0,2026-09-12 01:33:33+00:00,2026-09-12 01:33:33+00:00,
RCV-000483,TXN-0004283,true,single debit confirmation; settlement not confirmed,BLOCKED,0,NO_ACTION,NOT_EXECUTED,NOT_VERIFIED,1177.49,,BDT,,,,autonomous-v1,RSA-0004283,6bdc682dc7fd60bbc6861f88d662b9046209ef59f00655921f223a433a612149,2026-09-12 05:33:09+00:00,,
RCV-000484,TXN-0004284,true,single debit confirmation; settlement not confirmed,COMPLETED,1,RELEASE_LIMIT,RECOVERED,VERIFIED,333.11,333.11,BDT,,mock,REL-DA7729B8,autonomous-v1,RSA-0004284,349edad51459e78d86cf791d320a28108877caf4df6fe382a6292872f7412ab2,2026-09-16 12:47:23+00:00,2026-09-16 12:50:23+00:00,2026-09-16 12:50:41+00:00
RCV-000485,TXN-0004285,true,single debit confirmation; settlement not confirmed,PENDING,0,MANUAL_REVIEW,AWAITING_REVIEW,NOT_VERIFIED,527.24,,BDT,,,,autonomous-v1,RSA-0004285,773181c630a2bb7fc6e0b9cc11315d3479d9714bf434894a4b25d0129c2f7420,2026-09-19 01:14:55+00:00,,
RCV-000486,TXN-0004287,true,single debit confirmation; settlement not confirmed,BLOCKED,0,NO_ACTION,NOT_EXECUTED,NOT_VERIFIED,11846.85,,BDT,amount above auto-release cap,,,autonomous-v1,RSA-0004287,f95cff0c6646c128f931c3256eb1cc25e3bebd072a23c628841ae11bb12296cf,2026-09-19 17:04:47+00:00,2026-09-19 17:04:47+00:00,
RCV-000487,TXN-0004290,true,single debit confirmation; settlement not confirmed,BLOCKED,0,NO_ACTION,NOT_EXECUTED,NOT_VERIFIED,556.24,,BDT,,,,autonomous-v1,RSA-0004290,e51f17f09f303732f0a0bd591a2751efcd46b48121421cb48dfef49f85a356c9,2026-09-25 15:11:31+00:00,,
RCV-000488,TXN-0004299,false,multiple customer debit confirmations,BLOCKED,0,NO_ACTION,NOT_EXECUTED,NOT_VERIFIED,1132.24,,BDT,DOUBLE_DEDUCTION,,,autonomous-v1,RSA-0004299,2532f287909fecd237b71bb09dfa78a358e3b49ba372323ce8bc5809ab23572e,2026-09-06 23:58:05+00:00,2026-09-06 23:58:05+00:00,
RCV-000489,TXN-0004312,false,provider reference shared with another transaction,BLOCKED,0,NO_ACTION,NOT_EXECUTED,NOT_VERIFIED,735.14,,BDT,,,,autonomous-v1,RSA-0004312,b895a971411c9f2257cc0b7d948d663620640be11c554afa6f46a1a037eb1e60,2026-05-16 12:38:49+00:00,,
RCV-000490,TXN-0004321,true,single debit confirmation; settlement not confirmed,COMPLETED,0,MANUAL_REVIEW,RESOLVED_MANUALLY,REVIEWED,1031.11,,BDT,,,,autonomous-v1,RSA-0004321,d4d17d5f49a8833a082fc7d6be3c2cbcf14c4c3c6698c196101cef58a667472b,2026-03-26 15:32:51+00:00,,
RCV-000491,TXN-0004333,false,unusual pattern; manual review,BLOCKED,0,NO_ACTION,NOT_EXECUTED,NOT_VERIFIED,3895.24,,BDT,unusual retry/attempt pattern without a determinable payment outcome,,,autonomous-v1,RSA-0004333,bd3d4dea45e71a0a5ca8cac9658778b8cdd6e56886a3534536c2602ff5262a15,2026-04-09 08:49:31+00:00,2026-04-09 08:49:31+00:00,
RCV-000492,TXN-0004334,true,single debit confirmation; settlement not confirmed,BLOCKED,0,NO_ACTION,NOT_EXECUTED,NOT_VERIFIED,1321.43,,BDT,,,,autonomous-v1,RSA-0004334,ceb6bc0e7c125d0162b56cf82b9b0e0e38186144b9105022ac7a866c1f994423,2026-04-16 07:08:57+00:00,,
RCV-000493,TXN-0004335,false,insufficient payment evidence,BLOCKED,0,NO_ACTION,NOT_EXECUTED,NOT_VERIFIED,242.86,,BDT,INSUFFICIENT_EVIDENCE,,,autonomous-v1,RSA-0004335,0414f39a712a985901eabb3594fadfc0fcbb185519f23fcf1dd2b5fe575038a3,2026-04-28 18:00:30+00:00,2026-04-28 18:00:30+00:00,
RCV-000494,TXN-0004336,true,single debit confirmation; settlement not confirmed,BLOCKED,0,NO_ACTION,NOT_EXECUTED,NOT_VERIFIED,4178.57,,BDT,amount above auto-release cap,,,autonomous-v1,RSA-0004336,023f1068b2fa213f8d05d5db1a515ac49d6820175847ea9eb2fd6aa1dfd1b42a,2026-05-05 15:48:54+00:00,2026-05-05 15:48:54+00:00,
RCV-000495,TXN-0004341,true,single debit confirmation; settlement not confirmed,COMPLETED,1,RELEASE_LIMIT,RECOVERED,VERIFIED,171.43,171.43,BDT,,mock,REL-CE776EA6,autonomous-v1,RSA-0004341,1a556f81e210ecf8b7c3b1cb77324c05cee7a21868af6f7a747c9f436224ef41,2026-07-05 00:50:17+00:00,2026-07-05 00:58:17+00:00,2026-07-05 00:58:24+00:00
RCV-000496,TXN-0004360,true,single debit confirmation; settlement not confirmed,BLOCKED,0,NO_ACTION,NOT_EXECUTED,NOT_VERIFIED,1110.42,,BDT,,,,autonomous-v1,RSA-0004360,1310073c5e89846d5ef65387437afd6dfcb50b4cbd15c7b7c65a967d78184636,2026-06-14 08:31:47+00:00,,
RCV-000497,TXN-0004361,true,single debit confirmation; settlement not confirmed,PENDING,0,MANUAL_REVIEW,AWAITING_REVIEW,NOT_VERIFIED,749.53,,BDT,,,,autonomous-v1,RSA-0004361,64f0001bf71a62e265c1f99cc37bc12ec4fe441cd2d5b02c3db62d7e724f77d3,2026-06-14 11:16:42+00:00,,
RCV-000498,TXN-0004403,true,single debit confirmation; settlement not confirmed,BLOCKED,0,NO_ACTION,NOT_EXECUTED,NOT_VERIFIED,8449.89,,BDT,amount above auto-release cap,,,autonomous-v1,RSA-0004403,243f2185ba9da5cda061db410624be4adb093c927848aa814330679d8f747b8e,2026-03-05 08:23:09+00:00,2026-03-05 08:23:09+00:00,
RCV-000499,TXN-0004407,true,single debit confirmation; settlement not confirmed,BLOCKED,0,NO_ACTION,NOT_EXECUTED,NOT_VERIFIED,2466.94,,BDT,amount above auto-release cap,,,autonomous-v1,RSA-0004407,9a7666cb400cc0b23c3d433de5a3f5cecc1d3fcf95970469e3267f439824c6ae,2026-04-09 16:46:39+00:00,2026-04-09 16:46:39+00:00,
RCV-000500,TXN-0004429,true,single debit confirmation; settlement not confirmed,BLOCKED,0,NO_ACTION,NOT_EXECUTED,NOT_VERIFIED,15580.95,,BDT,amount above auto-release cap,,,autonomous-v1,RSA-0004429,8d8ec44f543e63dcfbc589525caa9a419ff19aa999b063c03b3d570297c53c0f,2026-08-20 19:41:15+00:00,2026-08-20 19:41:15+00:00,
RCV-000501,TXN-0004432,true,single debit confirmation; settlement not confirmed,BLOCKED,0,NO_ACTION,NOT_EXECUTED,NOT_VERIFIED,34703.57,,BDT,amount above auto-release cap,,,autonomous-v1,RSA-0004432,c088e4315ce85030e87272c6513ead99cec319b3c4eb2d0cd0719eaac0a42f98,2026-08-27 11:14:10+00:00,2026-08-27 11:14:10+00:00,
RCV-000502,TXN-0004455,true,single debit confirmation; settlement not confirmed,BLOCKED,0,NO_ACTION,NOT_EXECUTED,NOT_VERIFIED,9295.52,,BDT,amount above auto-release cap,,,autonomous-v1,RSA-0004455,402a9d74a3f360d971faa51d68559ccc66ff144a0b9f2111c19ca85825405eca,2026-04-06 06:52:52+00:00,2026-04-06 06:52:52+00:00,
RCV-000503,TXN-0004467,true,single debit confirmation; settlement not confirmed,BLOCKED,0,NO_ACTION,NOT_EXECUTED,NOT_VERIFIED,30167.98,,BDT,amount above auto-release cap,,,autonomous-v1,RSA-0004467,819c1402eba6c2c666f570dbbffbd99953138252c2fa0225c88a0214a57de76d,2026-03-13 03:31:57+00:00,2026-03-13 03:31:57+00:00,
RCV-000504,TXN-0004468,true,single debit confirmation; settlement not confirmed,BLOCKED,0,NO_ACTION,NOT_EXECUTED,NOT_VERIFIED,1695.15,,BDT,amount above auto-release cap,,,autonomous-v1,RSA-0004468,e5ab97b48a64dbad31f6b22983397e627e7528f44f93c136c70d2d85039406c1,2026-04-11 11:31:56+00:00,2026-04-11 11:31:56+00:00,
RCV-000505,TXN-0004474,true,single debit confirmation; settlement not confirmed,BLOCKED,0,NO_ACTION,NOT_EXECUTED,NOT_VERIFIED,2127.71,,BDT,amount above auto-release cap,,,autonomous-v1,RSA-0004474,88cac823d5b1f2e392ad11b071abfa21777e352be362fbee36fbe16104c9795b,2026-09-26 22:52:48+00:00,2026-09-26 22:52:48+00:00,
RCV-000506,TXN-0004478,true,single debit confirmation; settlement not confirmed,COMPLETED,1,RELEASE_LIMIT,RECOVERED,VERIFIED,871.44,871.44,BDT,,mock,REL-A7BAD8B4,autonomous-v1,RSA-0004478,fd7f5867c4a1f51425bdd957773d7581f311a9a7dcfa73fcfa31bfed11580256,2026-04-20 20:44:49+00:00,2026-04-20 20:45:49+00:00,2026-04-20 20:46:06+00:00
RCV-000507,TXN-0004484,true,single debit confirmation; settlement not confirmed,COMPLETED,0,MANUAL_REVIEW,RESOLVED_MANUALLY,REVIEWED,593.63,,BDT,,,,autonomous-v1,RSA-0004484,5f75cd3940fedbf2fd8cfbc2065257a81886aff4eda62251a1b8d75a4fc71445,2026-08-13 16:30:09+00:00,,
RCV-000508,TXN-0004485,true,single debit confirmation; settlement not confirmed,BLOCKED,0,NO_ACTION,NOT_EXECUTED,NOT_VERIFIED,2780.62,,BDT,policy block,,,autonomous-v1,RSA-0004485,611a70f29c3d95f4d3db0c51904853ddaeefce83ebbaa01fc7d69c42a246531e,2026-08-17 16:52:03+00:00,2026-08-17 16:52:03+00:00,
RCV-000509,TXN-0004533,true,single debit confirmation; settlement not confirmed,BLOCKED,0,NO_ACTION,NOT_EXECUTED,NOT_VERIFIED,517.66,,BDT,,,,autonomous-v1,RSA-0004533,b83230e648555990e1adc37c0ceee3780ba79751b458b445b74a84c28332ede8,2026-06-15 15:44:42+00:00,,
RCV-000510,TXN-0004537,false,settlement confirmed without merchant confirmation,PENDING,0,MANUAL_REVIEW,AWAITING_REVIEW,NOT_VERIFIED,715.15,,BDT,,,,autonomous-v1,RSA-0004537,47ab23a8ba5f0c8552111b940e953339611fd681c2bb7ca97a3b5e8b2cf998ca,2026-05-10 23:18:19+00:00,,
RCV-000511,TXN-0004541,true,single debit confirmation; settlement not confirmed,BLOCKED,0,NO_ACTION,NOT_EXECUTED,NOT_VERIFIED,1700.08,,BDT,amount above auto-release cap,,,autonomous-v1,RSA-0004541,fb5a07b075aefdb9280b0da12ced48251911d0d8e47e8315cf88e4a539a0270d,2026-07-21 21:31:20+00:00,2026-07-21 21:31:20+00:00,
RCV-000512,TXN-0004550,true,single debit confirmation; settlement not confirmed,BLOCKED,0,NO_ACTION,NOT_EXECUTED,NOT_VERIFIED,5428.71,,BDT,amount above auto-release cap,,,autonomous-v1,RSA-0004550,9740541dc73b6c46114f7d6839dfc63032cef512c88bc41e046015ce624dddaf,2026-03-24 05:40:46+00:00,2026-03-24 05:40:46+00:00,
RCV-000513,TXN-0004551,true,single debit confirmation; settlement not confirmed,BLOCKED,0,NO_ACTION,NOT_EXECUTED,NOT_VERIFIED,3064.93,,BDT,amount above auto-release cap,,,autonomous-v1,RSA-0004551,d2815dba4cc015c68cae7162df81c34e32d9051d9e190bbb84221c9fb1e06ef0,2026-04-23 21:47:27+00:00,2026-04-23 21:47:27+00:00,
RCV-000514,TXN-0004558,true,single debit confirmation; settlement not confirmed,COMPLETED,0,MANUAL_REVIEW,RESOLVED_MANUALLY,REVIEWED,749.67,,BDT,,,,autonomous-v1,RSA-0004558,d59831c9b81ac99b05dd22c7a146bb715a187e28923e2f00b70e2a9117d1a784,2026-07-26 09:55:06+00:00,,
RCV-000515,TXN-0004562,true,single debit confirmation; settlement not confirmed,BLOCKED,0,NO_ACTION,NOT_EXECUTED,NOT_VERIFIED,1612.53,,BDT,amount above auto-release cap,,,autonomous-v1,RSA-0004562,d1502af856665837580987efc209b78ffb726d3b0ed27373ffacebd6f2526570,2026-08-19 21:37:59+00:00,2026-08-19 21:37:59+00:00,
RCV-000516,TXN-0004566,true,single debit confirmation; settlement not confirmed,BLOCKED,0,NO_ACTION,NOT_EXECUTED,NOT_VERIFIED,28355.77,,BDT,amount above auto-release cap,,,autonomous-v1,RSA-0004566,f9fd465f05a55063feee2bc3e4e6d4536d093958e9a2e80f93d58c79ab467988,2025-12-21 03:26:09+00:00,2025-12-21 03:26:09+00:00,
RCV-000517,TXN-0004568,false,multiple customer debit confirmations,BLOCKED,0,NO_ACTION,NOT_EXECUTED,NOT_VERIFIED,790.04,,BDT,DOUBLE_DEDUCTION,,,autonomous-v1,RSA-0004568,7fd4a21312f74dd08219af42101994c81e80da633214cb92822819eec63f99ef,2026-02-27 10:59:58+00:00,2026-02-27 10:59:58+00:00,
RCV-000518,TXN-0004570,false,insufficient payment evidence,BLOCKED,0,NO_ACTION,NOT_EXECUTED,NOT_VERIFIED,590.62,,BDT,INSUFFICIENT_EVIDENCE,,,autonomous-v1,RSA-0004570,78be435f5d8ee737cdf0d6e1531b006259ba83b8a2cd7e5cd4555834ca6bea84,2026-03-01 16:12:11+00:00,2026-03-01 16:12:11+00:00,
RCV-000519,TXN-0004585,true,single debit confirmation; settlement not confirmed,PENDING,0,MANUAL_REVIEW,AWAITING_REVIEW,NOT_VERIFIED,700.91,,BDT,,,,autonomous-v1,RSA-0004585,c2ff8c5d835cc709357e4a76afd8ebf9dd166cfd53abcc70318fc27be883ac37,2026-08-18 21:04:58+00:00,,
RCV-000520,TXN-0004587,true,single debit confirmation; settlement not confirmed,BLOCKED,0,NO_ACTION,NOT_EXECUTED,NOT_VERIFIED,1304.53,,BDT,,,,autonomous-v1,RSA-0004587,4d3d7b9589bbd0234f3d7780ee7853264b705c335fa4f33af9893b04c9290a36,2026-08-28 05:23:42+00:00,,
RCV-000521,TXN-0004595,true,single debit confirmation; settlement not confirmed,BLOCKED,0,NO_ACTION,NOT_EXECUTED,NOT_VERIFIED,2690.49,,BDT,amount above auto-release cap,,,autonomous-v1,RSA-0004595,e4f7f36ae1e070252c448126572df02bbbe3c7ba3ac78fe7121793aa7a3a90d6,2026-03-11 03:26:42+00:00,2026-03-11 03:26:42+00:00,
RCV-000522,TXN-0004600,true,single debit confirmation; settlement not confirmed,BLOCKED,0,NO_ACTION,NOT_EXECUTED,NOT_VERIFIED,41080.04,,BDT,amount above auto-release cap,,,autonomous-v1,RSA-0004600,cacc943f99e55b4b3ec4be78199026489ab824c0c61df8e27258a5576fc82f42,2026-05-07 06:14:16+00:00,2026-05-07 06:14:16+00:00,
RCV-000523,TXN-0004615,true,single debit confirmation; settlement not confirmed,BLOCKED,0,NO_ACTION,NOT_EXECUTED,NOT_VERIFIED,4010.97,,BDT,amount above auto-release cap,,,autonomous-v1,RSA-0004615,f7ed199cb27b4bf350b1311b736c7158266a67b84bb4f809a8503eed0f7e338d,2026-07-01 05:12:25+00:00,2026-07-01 05:12:25+00:00,
RCV-000524,TXN-0004618,true,single debit confirmation; settlement not confirmed,BLOCKED,0,NO_ACTION,NOT_EXECUTED,NOT_VERIFIED,1991.94,,BDT,amount above auto-release cap,,,autonomous-v1,RSA-0004618,7fb8bcd7a9a37012822a87990bc8547b8b35bb113c461d2a79d403a5bf7dea61,2026-07-11 01:52:08+00:00,2026-07-11 01:52:08+00:00,
RCV-000525,TXN-0004623,false,insufficient payment evidence,BLOCKED,0,NO_ACTION,NOT_EXECUTED,NOT_VERIFIED,19360.0,,BDT,INSUFFICIENT_EVIDENCE,,,autonomous-v1,RSA-0004623,71d5a65187dbe8e1aa6663e2ed73153cfb37f10792e3191571304303a44eddc1,2026-08-02 03:11:37+00:00,2026-08-02 03:11:37+00:00,
RCV-000526,TXN-0004637,true,single debit confirmation; settlement not confirmed,BLOCKED,0,NO_ACTION,NOT_EXECUTED,NOT_VERIFIED,17469.35,,BDT,amount above auto-release cap,,,autonomous-v1,RSA-0004637,0938724f9f9be464701612b0b3d94891370744381c9c37505d1a069da081e612,2026-08-30 06:54:45+00:00,2026-08-30 06:54:45+00:00,
RCV-000527,TXN-0004644,true,single debit confirmation; settlement not confirmed,BLOCKED,0,NO_ACTION,NOT_EXECUTED,NOT_VERIFIED,108.86,,BDT,,,,autonomous-v1,RSA-0004644,574d56617cf2d4305b0b39f224c52ceb3965f6f1a16644a10354347fdb5ca6c4,2026-07-11 07:27:51+00:00,,
RCV-000528,TXN-0004645,true,single debit confirmation; settlement not confirmed,BLOCKED,0,NO_ACTION,NOT_EXECUTED,NOT_VERIFIED,2650.54,,BDT,amount above auto-release cap,,,autonomous-v1,RSA-0004645,423a29af69299bd425b06e2da9107ed00534792dc501c8df7c61c98026d1b51e,2026-07-15 11:41:47+00:00,2026-07-15 11:41:47+00:00,
RCV-000529,TXN-0004651,false,multiple customer debit confirmations,BLOCKED,0,NO_ACTION,NOT_EXECUTED,NOT_VERIFIED,3284.04,,BDT,DOUBLE_DEDUCTION,,,autonomous-v1,RSA-0004651,a900dacba2e8af5e527de5d84514760619232fe8bed19249ca6836c6583e7248,2026-08-31 09:52:38+00:00,2026-08-31 09:52:38+00:00,
RCV-000530,TXN-0004663,true,single debit confirmation; settlement not confirmed,BLOCKED,0,NO_ACTION,NOT_EXECUTED,NOT_VERIFIED,4812.0,,BDT,amount above auto-release cap,,,autonomous-v1,RSA-0004663,775de0dcb3a71e00cfdef15d0b64c535b6b0365efe34b38c9771dc641cbae230,2026-08-18 17:14:15+00:00,2026-08-18 17:14:15+00:00,
RCV-000531,TXN-0004665,true,single debit confirmation; settlement not confirmed,PENDING,0,MANUAL_REVIEW,AWAITING_REVIEW,NOT_VERIFIED,727.92,,BDT,,,,autonomous-v1,RSA-0004665,12b0d14914c8e30899adc519fa78414f7958ae7b6bf809e993055d51d9817a48,2026-08-26 14:30:45+00:00,,
RCV-000532,TXN-0004674,true,single debit confirmation; settlement not confirmed,PENDING,0,MANUAL_REVIEW,AWAITING_REVIEW,NOT_VERIFIED,1289.07,,BDT,,,,autonomous-v1,RSA-0004674,9d242b91c8345a2d511840263c837f64f7c18f45c0781f03941180530c2917d1,2026-06-30 05:02:39+00:00,,
RCV-000533,TXN-0004679,true,single debit confirmation; settlement not confirmed,PENDING,0,MANUAL_REVIEW,AWAITING_REVIEW,NOT_VERIFIED,757.55,,BDT,,,,autonomous-v1,RSA-0004679,bf8fcf90d1819a126579f03dbb9e7488de3c863cc5a1130c686d99e0e98b9bee,2026-08-15 17:09:50+00:00,,
RCV-000534,TXN-0004687,true,single debit confirmation; settlement not confirmed,BLOCKED,0,NO_ACTION,NOT_EXECUTED,NOT_VERIFIED,870.62,,BDT,,,,autonomous-v1,RSA-0004687,1e9fb433c365343ac5b41e499e3d7a631cfe9a37a394aa7acf93562730f60f21,2026-09-21 07:56:25+00:00,,
RCV-000535,TXN-0004694,true,single debit confirmation; settlement not confirmed,BLOCKED,0,NO_ACTION,NOT_EXECUTED,NOT_VERIFIED,1083.85,,BDT,previous failures above cap,,,autonomous-v1,RSA-0004694,fc8d8bda567478b052adde89de2f070fa5b84f8f60dc2829732bf5ddf6cf5252,2026-07-21 07:00:43+00:00,2026-07-21 07:00:43+00:00,
RCV-000536,TXN-0004700,true,single debit confirmation; settlement not confirmed,BLOCKED,0,NO_ACTION,NOT_EXECUTED,NOT_VERIFIED,4924.83,,BDT,amount above auto-release cap,,,autonomous-v1,RSA-0004700,b0f3cc5bcb1c008e8612b6cbba45e1da1d9850b13b48f3efcf340df060fd7571,2026-07-20 12:02:29+00:00,2026-07-20 12:02:29+00:00,
RCV-000537,TXN-0004710,true,single debit confirmation; settlement not confirmed,BLOCKED,0,NO_ACTION,NOT_EXECUTED,NOT_VERIFIED,2107.47,,BDT,amount above auto-release cap,,,autonomous-v1,RSA-0004710,885488164af8901b94e32d6fe5c813be95e4fea56bd8fce5baff0361c5b13410,2026-08-03 11:37:05+00:00,2026-08-03 11:37:05+00:00,
RCV-000538,TXN-0004754,true,single debit confirmation; settlement not confirmed,BLOCKED,0,NO_ACTION,NOT_EXECUTED,NOT_VERIFIED,17006.76,,BDT,policy block,,,autonomous-v1,RSA-0004754,941bf9a9577343ef0ec1ec5bfcb66abbf4b541c791475a40497037d2aa4d36af,2026-09-24 22:33:10+00:00,2026-09-24 22:33:10+00:00,
RCV-000539,TXN-0004758,true,single debit confirmation; settlement not confirmed,BLOCKED,0,NO_ACTION,NOT_EXECUTED,NOT_VERIFIED,4950.17,,BDT,amount above auto-release cap,,,autonomous-v1,RSA-0004758,d7b953f1ce212e4f76383fc39dc7271a8207c045e283febb5cfcce31ed468ad3,2026-09-28 03:34:48+00:00,2026-09-28 03:34:48+00:00,
RCV-000540,TXN-0004760,true,single debit confirmation; settlement not confirmed,BLOCKED,0,NO_ACTION,NOT_EXECUTED,NOT_VERIFIED,271.53,,BDT,policy block,,,autonomous-v1,RSA-0004760,18bd4b5c1b37f03c6b5312021a3d95bf2954b4d52da9603008101b987a7e760b,2026-05-13 00:41:08+00:00,2026-05-13 00:41:08+00:00,
RCV-000541,TXN-0004771,true,single debit confirmation; settlement not confirmed,BLOCKED,0,NO_ACTION,NOT_EXECUTED,NOT_VERIFIED,3481.44,,BDT,policy block,,,autonomous-v1,RSA-0004771,74e9f59356b95b078af3992749dfe0c5852835a4f0a8032e3b25e84c4c0a7c6a,2026-07-13 01:33:29+00:00,2026-07-13 01:33:29+00:00,
RCV-000542,TXN-0004787,false,multiple customer debit confirmations,BLOCKED,0,NO_ACTION,NOT_EXECUTED,NOT_VERIFIED,1025.35,,BDT,DOUBLE_DEDUCTION,,,autonomous-v1,RSA-0004787,bac4e0a4cd62dc1b9edd2845612949a08c6b9a22ae5356e9b72a88e7c9264c03,2026-05-11 16:26:20+00:00,2026-05-11 16:26:20+00:00,
RCV-000543,TXN-0004794,true,single debit confirmation; settlement not confirmed,COMPLETED,0,MANUAL_REVIEW,RESOLVED_MANUALLY,REVIEWED,498.46,,BDT,,,,autonomous-v1,RSA-0004794,8377b00cc92b1105aba34eacacbd906ee5670a4c36bec8a32aad77320dc69370,2026-01-21 06:02:07+00:00,,
RCV-000544,TXN-0004801,false,insufficient payment evidence,BLOCKED,0,NO_ACTION,NOT_EXECUTED,NOT_VERIFIED,1254.97,,BDT,INSUFFICIENT_EVIDENCE,,,autonomous-v1,RSA-0004801,294cef4bc957cf2df4686d3a5516f1ffea1ebd349a44f597784602801c4c0534,2026-05-18 03:30:35+00:00,2026-05-18 03:30:35+00:00,
RCV-000545,TXN-0004835,true,single debit confirmation; settlement not confirmed,BLOCKED,0,NO_ACTION,NOT_EXECUTED,NOT_VERIFIED,572.96,,BDT,policy block,,,autonomous-v1,RSA-0004835,76ddae55eb5c96601a6d81dae34371a8f7aa3930b9eb43f13181442edeeb9bfa,2026-08-11 07:46:51+00:00,2026-08-11 07:46:51+00:00,
RCV-000546,TXN-0004841,true,single debit confirmation; settlement not confirmed,BLOCKED,0,NO_ACTION,NOT_EXECUTED,NOT_VERIFIED,2943.3,,BDT,amount above auto-release cap,,,autonomous-v1,RSA-0004841,217d7c3f31ca99735802396149dfedfcc5c4b09cfa8ab32a59720894bb7927b0,2026-09-26 18:03:36+00:00,2026-09-26 18:03:36+00:00,
RCV-000547,TXN-0004851,false,insufficient payment evidence,BLOCKED,0,NO_ACTION,NOT_EXECUTED,NOT_VERIFIED,461.61,,BDT,INSUFFICIENT_EVIDENCE,,,autonomous-v1,RSA-0004851,6fc0ac7bd2b09a2711ecbbadd3f91339d7bf10ddc8fcde75d17d9c1d6f39071e,2026-07-18 21:04:39+00:00,2026-07-18 21:04:39+00:00,
RCV-000548,TXN-0004855,true,single debit confirmation; settlement not confirmed,BLOCKED,0,NO_ACTION,NOT_EXECUTED,NOT_VERIFIED,2495.13,,BDT,amount above auto-release cap,,,autonomous-v1,RSA-0004855,0fbff369d72b9e2e2b15f8d480b72ace0e594e9a48591b0904bada1d3751d807,2026-05-01 04:50:46+00:00,2026-05-01 04:50:46+00:00,
RCV-000549,TXN-0004880,true,single debit confirmation; settlement not confirmed,BLOCKED,0,NO_ACTION,NOT_EXECUTED,NOT_VERIFIED,3119.21,,BDT,amount above auto-release cap,,,autonomous-v1,RSA-0004880,c7820fc3182649e1fe1a0b2708f4afddaab0764308ef1cb614d38b120ff9e762,2026-09-08 11:58:39+00:00,2026-09-08 11:58:39+00:00,
RCV-000550,TXN-0004889,true,single debit confirmation; settlement not confirmed,BLOCKED,0,NO_ACTION,NOT_EXECUTED,NOT_VERIFIED,690.91,,BDT,policy block,,,autonomous-v1,RSA-0004889,3501eeebf5d21b2e396d63148aab075c8918408793bc4c4440932826b26aa704,2026-06-09 22:34:14+00:00,2026-06-09 22:34:14+00:00,
RCV-000551,TXN-0004900,true,single debit confirmation; settlement not confirmed,BLOCKED,0,NO_ACTION,NOT_EXECUTED,NOT_VERIFIED,240.17,,BDT,policy block,,,autonomous-v1,RSA-0004900,e04b9756c470ded1ad5c6074b93ddab356e16d3880b049f492582d841586f71d,2026-07-31 00:35:43+00:00,2026-07-31 00:35:43+00:00,
RCV-000552,TXN-0004913,true,single debit confirmation; settlement not confirmed,BLOCKED,0,NO_ACTION,NOT_EXECUTED,NOT_VERIFIED,2958.02,,BDT,amount above auto-release cap,,,autonomous-v1,RSA-0004913,37eabec029dc554bd20164b66f30d4ed7c63e6bac09bdc57c8078629bb090dca,2026-09-16 23:57:22+00:00,2026-09-16 23:57:22+00:00,
RCV-000553,TXN-0004920,true,single debit confirmation; settlement not confirmed,BLOCKED,0,NO_ACTION,NOT_EXECUTED,NOT_VERIFIED,651.45,,BDT,policy block,,,autonomous-v1,RSA-0004920,e1ce55f35aa7760a40b149ab96932a66a283b3b71e5a39be3c0b71b2c3b838f3,2026-02-10 10:22:28+00:00,2026-02-10 10:22:28+00:00,
RCV-000554,TXN-0004935,true,single debit confirmation; settlement not confirmed,BLOCKED,0,NO_ACTION,NOT_EXECUTED,NOT_VERIFIED,2691.94,,BDT,policy block,,,autonomous-v1,RSA-0004935,7c06ff45f5da445c076cdae22cd335b8e359ec64c14aa291a482fa64a9a015aa,2026-07-15 07:14:58+00:00,2026-07-15 07:14:58+00:00,
RCV-000555,TXN-0004946,true,single debit confirmation; settlement not confirmed,BLOCKED,0,NO_ACTION,NOT_EXECUTED,NOT_VERIFIED,4277.04,,BDT,amount above auto-release cap,,,autonomous-v1,RSA-0004946,164ee833916af580634c666fba4282d898f2f8b5be1a45615612c2c420c33c2e,2026-01-05 06:04:19+00:00,2026-01-05 06:04:19+00:00,
RCV-000556,TXN-0004947,true,single debit confirmation; settlement not confirmed,COMPLETED,1,RELEASE_LIMIT,RECOVERED,VERIFIED,301.17,301.17,BDT,,mock,REL-ED09B5DF,autonomous-v1,RSA-0004947,904d300b1f15d068a59b4241c2dc9dc3d5053d67e8cdc2a83448bffa156eeb64,2026-01-26 22:44:12+00:00,2026-01-26 22:45:12+00:00,2026-01-26 22:45:16+00:00
RCV-000557,TXN-0004948,true,single debit confirmation; settlement not confirmed,BLOCKED,0,NO_ACTION,NOT_EXECUTED,NOT_VERIFIED,1248.19,,BDT,policy block,,,autonomous-v1,RSA-0004948,4ec8dd02bb81390beb1d7bdce545514b81f9fdc263664e96e31f6d0f2cb400f7,2026-02-20 11:25:01+00:00,2026-02-20 11:25:01+00:00,
RCV-000558,TXN-0004949,true,single debit confirmation; settlement not confirmed,BLOCKED,0,NO_ACTION,NOT_EXECUTED,NOT_VERIFIED,7796.25,,BDT,amount above auto-release cap,,,autonomous-v1,RSA-0004949,dc3fbe8d5b71ab8fcbd509c6a5d39e2486914174961f86fbefeed0eaee1f4079,2026-02-27 11:19:04+00:00,2026-02-27 11:19:04+00:00,
RCV-000559,TXN-0004950,true,single debit confirmation; settlement not confirmed,BLOCKED,0,NO_ACTION,NOT_EXECUTED,NOT_VERIFIED,697.25,,BDT,,,,autonomous-v1,RSA-0004950,4fda1649ca2a2571ff5b21888fc5f8441ba0826c1120eb89d945e0868e33530c,2026-05-24 06:34:58+00:00,,
RCV-000560,TXN-0004951,true,single debit confirmation; settlement not confirmed,PENDING,0,MANUAL_REVIEW,AWAITING_REVIEW,NOT_VERIFIED,1379.43,,BDT,,,,autonomous-v1,RSA-0004951,efe8e271c2521f5d4e3bfcac25096bd7829de3f97e85f1d21cffb81379243036,2026-06-01 13:59:52+00:00,,
RCV-000561,TXN-0004953,true,single debit confirmation; settlement not confirmed,COMPLETED,0,MANUAL_REVIEW,RESOLVED_MANUALLY,REVIEWED,295.88,,BDT,,,,autonomous-v1,RSA-0004953,1dee468d1aecca4906841597c3b3ecbdbaffb8d301791d02cd176b6777db8ae1,2026-06-27 11:57:19+00:00,,
RCV-000562,TXN-0004954,true,single debit confirmation; settlement not confirmed,BLOCKED,0,NO_ACTION,NOT_EXECUTED,NOT_VERIFIED,2692.38,,BDT,amount above auto-release cap,,,autonomous-v1,RSA-0004954,335fa68e162c4887a1cb32092056b543fde7a3e09ecbb53a12f65f1ab6232271,2026-07-25 16:53:47+00:00,2026-07-25 16:53:47+00:00,
RCV-000563,TXN-0004955,true,single debit confirmation; settlement not confirmed,COMPLETED,0,MANUAL_REVIEW,RESOLVED_MANUALLY,REVIEWED,840.65,,BDT,,,,autonomous-v1,RSA-0004955,6286df35949a7538f52316b517fe3cd87ede35a76e889c088e5f25b172ef5d4f,2026-08-07 03:17:06+00:00,,
RCV-000564,TXN-0004957,true,single debit confirmation; settlement not confirmed,BLOCKED,0,NO_ACTION,NOT_EXECUTED,NOT_VERIFIED,2615.45,,BDT,amount above auto-release cap,,,autonomous-v1,RSA-0004957,c310449afba1d3b51812b10940b4aa663398ede847aa8adbe774879154368d11,2026-08-20 07:21:11+00:00,2026-08-20 07:21:11+00:00,
RCV-000565,TXN-0004977,true,single debit confirmation; settlement not confirmed,BLOCKED,0,NO_ACTION,NOT_EXECUTED,NOT_VERIFIED,29910.94,,BDT,amount above auto-release cap,,,autonomous-v1,RSA-0004977,fcb88b271a438c69c68ba9619d9b74576a9ec9fb409bdcbbeee98ff2f57d3908,2026-07-26 15:52:48+00:00,2026-07-26 15:52:48+00:00,
RCV-000566,TXN-0004986,false,multiple customer debit confirmations,BLOCKED,0,NO_ACTION,NOT_EXECUTED,NOT_VERIFIED,4237.33,,BDT,DOUBLE_DEDUCTION,,,autonomous-v1,RSA-0004986,b18fd380437db07ed37ebf07ce95b0c62d13e5d3db69d5b6dc8d9b324e7b8561,2026-08-13 20:29:10+00:00,2026-08-13 20:29:10+00:00,
RCV-000567,TXN-0004998,true,single debit confirmation; settlement not confirmed,BLOCKED,0,NO_ACTION,NOT_EXECUTED,NOT_VERIFIED,2551.71,,BDT,amount above auto-release cap,,,autonomous-v1,RSA-0004998,fc60695364c1e31d67a93d261f24151d20d81edbd9fcb69e06002ef04bd65b65,2026-09-09 15:16:07+00:00,2026-09-09 15:16:07+00:00,
RCV-000568,TXN-0005003,true,single debit confirmation; settlement not confirmed,BLOCKED,0,NO_ACTION,NOT_EXECUTED,NOT_VERIFIED,3562.25,,BDT,amount above auto-release cap,,,autonomous-v1,RSA-0005003,0a0a209dcca1a4620d6a3ce1bbffe19633e3c774e22511091e9a2fdf7cb601fe,2026-09-19 21:17:35+00:00,2026-09-19 21:17:35+00:00,
RCV-000569,TXN-0005004,false,insufficient payment evidence,BLOCKED,0,NO_ACTION,NOT_EXECUTED,NOT_VERIFIED,9296.59,,BDT,INSUFFICIENT_EVIDENCE,,,autonomous-v1,RSA-0005004,39e0fc6ed3e32f30e33660ec60a9eecaf96e7cc57d5e12fcb38caa7fae111843,2026-09-23 11:08:27+00:00,2026-09-23 11:08:27+00:00,
RCV-000570,TXN-0005009,true,single debit confirmation; settlement not confirmed,BLOCKED,0,NO_ACTION,NOT_EXECUTED,NOT_VERIFIED,2698.37,,BDT,amount above auto-release cap,,,autonomous-v1,RSA-0005009,5696c9f97af02f2d579c59f9fb0b08958fa6ed9b454ab9aa33b7c4c40b14adef,2026-09-28 06:10:40+00:00,2026-09-28 06:10:40+00:00,
RCV-000571,TXN-0005018,false,settlement confirmed without merchant confirmation,PENDING,0,MANUAL_REVIEW,AWAITING_REVIEW,NOT_VERIFIED,520.0,,BDT,,,,autonomous-v1,RSA-0005018,14188abf4ccf6e5db7e2dd84d7d476e8543550a27fa716c5a6f17b345bfea7f3,2026-04-06 11:39:57+00:00,,
RCV-000572,TXN-0005032,true,single debit confirmation; settlement not confirmed,BLOCKED,0,NO_ACTION,NOT_EXECUTED,NOT_VERIFIED,6977.87,,BDT,amount above auto-release cap,,,autonomous-v1,RSA-0005032,0f2e9499c7467af3a1c67525755d7eec1bc310f49a19732ecf1c60c31266d48a,2026-02-16 05:39:13+00:00,2026-02-16 05:39:13+00:00,
RCV-000573,TXN-0005058,true,single debit confirmation; settlement not confirmed,BLOCKED,0,NO_ACTION,NOT_EXECUTED,NOT_VERIFIED,3758.18,,BDT,amount above auto-release cap,,,autonomous-v1,RSA-0005058,12ea698d3b35115a018f2c4cb19071c9f35f1e078431f662f998c8aa99d7a085,2026-07-12 03:01:47+00:00,2026-07-12 03:01:47+00:00,
RCV-000574,TXN-0005066,false,insufficient payment evidence,BLOCKED,0,NO_ACTION,NOT_EXECUTED,NOT_VERIFIED,1226.75,,BDT,INSUFFICIENT_EVIDENCE,,,autonomous-v1,RSA-0005066,1afc4024c3ff23d174735ed9f232f696d9719f71ef4a2762470778f6385bce59,2026-05-20 17:46:33+00:00,2026-05-20 17:46:33+00:00,
RCV-000575,TXN-0005069,false,insufficient payment evidence,BLOCKED,0,NO_ACTION,NOT_EXECUTED,NOT_VERIFIED,588.06,,BDT,INSUFFICIENT_EVIDENCE,,,autonomous-v1,RSA-0005069,248fa881de7d04d8e47dd736d07064fb0511a70777155440e53ae2817a58aaca,2026-06-10 14:25:02+00:00,2026-06-10 14:25:02+00:00,
RCV-000576,TXN-0005076,false,multiple customer debit confirmations,BLOCKED,0,NO_ACTION,NOT_EXECUTED,NOT_VERIFIED,1576.62,,BDT,DOUBLE_DEDUCTION,,,autonomous-v1,RSA-0005076,89e8aacd92161d71ed6ee3f64701e61cd11beeca5add014a000ea8b265a6c9aa,2026-08-18 15:39:48+00:00,2026-08-18 15:39:48+00:00,
RCV-000577,TXN-0005091,true,single debit confirmation; settlement not confirmed,BLOCKED,0,NO_ACTION,NOT_EXECUTED,NOT_VERIFIED,361.83,,BDT,policy block,,,autonomous-v1,RSA-0005091,c4e2e13130f224938709f5016cf8dea72b02d866555f5a0d9f0ddae0ed602b93,2026-04-29 09:11:35+00:00,2026-04-29 09:11:35+00:00,
RCV-000578,TXN-0005102,false,insufficient payment evidence,BLOCKED,0,NO_ACTION,NOT_EXECUTED,NOT_VERIFIED,1289.34,,BDT,INSUFFICIENT_EVIDENCE,,,autonomous-v1,RSA-0005102,20349155299245a29f979288feb591a9a27d6ddef9eefdfca6d4f05cca974d62,2026-08-22 23:35:29+00:00,2026-08-22 23:35:29+00:00,
RCV-000579,TXN-0005104,true,single debit confirmation; settlement not confirmed,BLOCKED,0,NO_ACTION,NOT_EXECUTED,NOT_VERIFIED,2614.6,,BDT,amount above auto-release cap,,,autonomous-v1,RSA-0005104,f93cbc9cb1909953cbb01fad5d623627adf0f830242b46c5e160b05c453db211,2026-09-17 07:34:29+00:00,2026-09-17 07:34:29+00:00,
RCV-000580,TXN-0005129,true,single debit confirmation; settlement not confirmed,BLOCKED,0,NO_ACTION,NOT_EXECUTED,NOT_VERIFIED,1617.44,,BDT,amount above auto-release cap,,,autonomous-v1,RSA-0005129,b0228b859bf89d08b070806a70e0e3ccd5c13f8ad8395991c4b03e143411f1f1,2026-08-31 15:09:31+00:00,2026-08-31 15:09:31+00:00,
RCV-000581,TXN-0005146,true,single debit confirmation; settlement not confirmed,PENDING,0,MANUAL_REVIEW,AWAITING_REVIEW,NOT_VERIFIED,445.35,,BDT,,,,autonomous-v1,RSA-0005146,f14850e23e93b29f3bf5a68fc2c3e78754d21a38bcb98472360917ee9ed491d4,2025-10-17 05:27:08+00:00,,
RCV-000582,TXN-0005156,false,insufficient payment evidence,BLOCKED,0,NO_ACTION,NOT_EXECUTED,NOT_VERIFIED,1462.53,,BDT,INSUFFICIENT_EVIDENCE,,,autonomous-v1,RSA-0005156,25e4f8996f99c6f0b4f36abdb3c91602d81a51fae26d2458f6919021baf636fe,2026-03-20 09:37:41+00:00,2026-03-20 09:37:41+00:00,
RCV-000583,TXN-0005157,true,single debit confirmation; settlement not confirmed,BLOCKED,0,NO_ACTION,NOT_EXECUTED,NOT_VERIFIED,1515.41,,BDT,amount above auto-release cap,,,autonomous-v1,RSA-0005157,10df0506d37f155608a91d0b23335c29d91045daf37f222a06cc029c4caec725,2026-03-29 08:20:45+00:00,2026-03-29 08:20:45+00:00,
RCV-000584,TXN-0005170,true,single debit confirmation; settlement not confirmed,COMPLETED,1,RELEASE_LIMIT,RECOVERED,VERIFIED,1292.68,1292.68,BDT,,mock,REL-C00FDA22,autonomous-v1,RSA-0005170,57dc46aff14278a317f284f709b3df273a431a410cf0a776d41d524f4888f0e3,2026-08-03 23:19:22+00:00,2026-08-03 23:25:22+00:00,2026-08-03 23:25:32+00:00
RCV-000585,TXN-0005180,true,single debit confirmation; settlement not confirmed,PENDING,0,MANUAL_REVIEW,AWAITING_REVIEW,NOT_VERIFIED,252.77,,BDT,,,,autonomous-v1,RSA-0005180,48fc45f5683783826fa1820217d2d99ba575d745b1aadcfa037b2eb30a846d4a,2025-12-24 03:37:31+00:00,,
RCV-000586,TXN-0005204,true,single debit confirmation; settlement not confirmed,BLOCKED,0,NO_ACTION,NOT_EXECUTED,NOT_VERIFIED,3168.0,,BDT,amount above auto-release cap,,,autonomous-v1,RSA-0005204,aa588033ceb021e50084c565e869c2d411e834a414ab1a68d9c2efcdd882e82a,2026-07-27 23:10:32+00:00,2026-07-27 23:10:32+00:00,
RCV-000587,TXN-0005217,true,single debit confirmation; settlement not confirmed,BLOCKED,0,NO_ACTION,NOT_EXECUTED,NOT_VERIFIED,1542.61,,BDT,amount above auto-release cap,,,autonomous-v1,RSA-0005217,bfb73360328245d990d9717bb836e5c1b9bc0108c35f7ff7fe1052af453c739d,2026-06-25 21:16:50+00:00,2026-06-25 21:16:50+00:00,
RCV-000588,TXN-0005223,true,single debit confirmation; settlement not confirmed,COMPLETED,1,RELEASE_LIMIT,RECOVERED,VERIFIED,217.58,217.58,BDT,,mock,REL-461DC380,autonomous-v1,RSA-0005223,af60a9eb102638d02a47564824fbbf7eb2490c5eba363af58fc0dacb10e2ed36,2026-08-04 18:54:50+00:00,2026-08-04 19:10:50+00:00,2026-08-04 19:11:15+00:00
RCV-000589,TXN-0005226,true,single debit confirmation; settlement not confirmed,BLOCKED,0,NO_ACTION,NOT_EXECUTED,NOT_VERIFIED,665.7,,BDT,previous failures above cap,,,autonomous-v1,RSA-0005226,80e2e01dd2472c45b0143c56f19b4243d5720192547ceb7fbb96ac880d7d0b3b,2026-08-19 08:36:24+00:00,2026-08-19 08:36:24+00:00,
RCV-000590,TXN-0005242,true,single debit confirmation; settlement not confirmed,BLOCKED,0,NO_ACTION,NOT_EXECUTED,NOT_VERIFIED,1383.75,,BDT,policy block,,,autonomous-v1,RSA-0005242,fc80fc44f0c71dfc43293858d35a3dcd5746f4164310bf83746a3851b1fbdb7d,2026-08-30 03:51:56+00:00,2026-08-30 03:51:56+00:00,
RCV-000591,TXN-0005271,true,single debit confirmation; settlement not confirmed,BLOCKED,0,NO_ACTION,NOT_EXECUTED,NOT_VERIFIED,3230.06,,BDT,policy block,,,autonomous-v1,RSA-0005271,a1623fa858e2ce006ea6e92d3bc9fd36267a5f5cef530a5fb71592017fbc4f71,2026-09-13 18:08:50+00:00,2026-09-13 18:08:50+00:00,
RCV-000592,TXN-0005298,true,single debit confirmation; settlement not confirmed,BLOCKED,0,NO_ACTION,NOT_EXECUTED,NOT_VERIFIED,1774.73,,BDT,amount above auto-release cap,,,autonomous-v1,RSA-0005298,d14b268bb8532a93fcc5a1efd15431385c549f1b03f265cebdf5198f46e7e550,2026-04-07 02:47:49+00:00,2026-04-07 02:47:49+00:00,
RCV-000593,TXN-0005299,true,single debit confirmation; settlement not confirmed,BLOCKED,0,NO_ACTION,NOT_EXECUTED,NOT_VERIFIED,5825.04,,BDT,amount above auto-release cap,,,autonomous-v1,RSA-0005299,d3ce5b34e1f9bfc24cc0c3be16bc94753b3826254c53fcfedbcac4ac5ca679df,2026-05-01 23:21:26+00:00,2026-05-01 23:21:26+00:00,
RCV-000594,TXN-0005303,true,single debit confirmation; settlement not confirmed,BLOCKED,0,NO_ACTION,NOT_EXECUTED,NOT_VERIFIED,219.36,,BDT,,,,autonomous-v1,RSA-0005303,83ad421b980af39f6296696e26fc247d92302b15f680a050283f64e4d9986b2d,2026-06-26 12:26:26+00:00,,
RCV-000595,TXN-0005304,true,single debit confirmation; settlement not confirmed,COMPLETED,0,MANUAL_REVIEW,RESOLVED_MANUALLY,REVIEWED,760.65,,BDT,,,,autonomous-v1,RSA-0005304,ec342fece30128d73b2fc58d8685d946b5f551c62aebff8d3cdb30fbc1a041a1,2026-07-08 23:55:03+00:00,,
RCV-000596,TXN-0005307,true,single debit confirmation; settlement not confirmed,COMPLETED,0,MANUAL_REVIEW,RESOLVED_MANUALLY,REVIEWED,298.76,,BDT,,,,autonomous-v1,RSA-0005307,8e5883cfb5048cbf8aa30e05dd773f237ac48dd04fba5b763ffc75fc34eb8a77,2026-09-13 18:01:39+00:00,,
RCV-000597,TXN-0005308,true,single debit confirmation; settlement not confirmed,COMPLETED,0,MANUAL_REVIEW,RESOLVED_MANUALLY,REVIEWED,570.95,,BDT,,,,autonomous-v1,RSA-0005308,4e0b45b1369c0f4a8924ff5fdcd884e7ea8df73d581da9fce9b2d2f9034b0295,2026-09-29 18:17:53+00:00,,
RCV-000598,TXN-0005318,true,single debit confirmation; settlement not confirmed,BLOCKED,0,NO_ACTION,NOT_EXECUTED,NOT_VERIFIED,2651.19,,BDT,amount above auto-release cap,,,autonomous-v1,RSA-0005318,30cd0268faa7990492955f5b0c27a9f4f240890bf57db92c67ceb3d0d4b842d8,2026-07-24 07:46:02+00:00,2026-07-24 07:46:02+00:00,
RCV-000599,TXN-0005331,true,single debit confirmation; settlement not confirmed,BLOCKED,0,NO_ACTION,NOT_EXECUTED,NOT_VERIFIED,304.65,,BDT,policy block,,,autonomous-v1,RSA-0005331,f24ea43ca0051713dfdd06a920cb948f11101f82137aa2ba3ead95eb0ccf3672,2026-02-10 02:07:04+00:00,2026-02-10 02:07:04+00:00,
RCV-000600,TXN-0005346,false,insufficient payment evidence,BLOCKED,0,NO_ACTION,NOT_EXECUTED,NOT_VERIFIED,1377.86,,BDT,INSUFFICIENT_EVIDENCE,,,autonomous-v1,RSA-0005346,be74e89189f7591847879338b26fac3afef440e7d1efbb2a8eb7a822a5729e3b,2026-08-23 05:22:49+00:00,2026-08-23 05:22:49+00:00,
RCV-000601,TXN-0005375,true,single debit confirmation; settlement not confirmed,COMPLETED,1,RELEASE_LIMIT,RECOVERED,VERIFIED,536.9,536.9,BDT,,mock,REL-63A52E4E,autonomous-v1,RSA-0005375,1f2cf8c1f97a6a1306729262dd11d7773cf3db6db04dec6350a84434987ef87a,2026-07-08 19:05:53+00:00,2026-07-08 19:17:53+00:00,2026-07-08 19:18:06+00:00
RCV-000602,TXN-0005376,true,single debit confirmation; settlement not confirmed,BLOCKED,0,NO_ACTION,NOT_EXECUTED,NOT_VERIFIED,1995.24,,BDT,amount above auto-release cap,,,autonomous-v1,RSA-0005376,c98b6985b13f1459ed54c4adfccc7cf8b8907133e795bc8aae7908b44ee48553,2026-09-20 08:22:39+00:00,2026-09-20 08:22:39+00:00,
RCV-000603,TXN-0005378,true,single debit confirmation; settlement not confirmed,COMPLETED,0,MANUAL_REVIEW,RESOLVED_MANUALLY,REVIEWED,1198.81,,BDT,,,,autonomous-v1,RSA-0005378,f0a9137410c8f9a6d6710b390aa9cd4bed72dcb7dffd2fcc9b376bb2ac639ebb,2026-09-29 06:44:07+00:00,,
RCV-000604,TXN-0005401,false,insufficient payment evidence,BLOCKED,0,NO_ACTION,NOT_EXECUTED,NOT_VERIFIED,56576.41,,BDT,INSUFFICIENT_EVIDENCE,,,autonomous-v1,RSA-0005401,008264ac6f5888fc75126953b2fa4e55b71b30bcede98fca285cecab77003b10,2026-04-30 15:05:13+00:00,2026-04-30 15:05:13+00:00,
RCV-000605,TXN-0005435,true,single debit confirmation; settlement not confirmed,PENDING,0,MANUAL_REVIEW,AWAITING_REVIEW,NOT_VERIFIED,1177.69,,BDT,,,,autonomous-v1,RSA-0005435,2c187eee1237727eaa9dd89986952be15cd1f2d8af377ab1a402a12fcb012f07,2026-09-07 00:14:39+00:00,,
RCV-000606,TXN-0005464,true,single debit confirmation; settlement not confirmed,PENDING,0,MANUAL_REVIEW,AWAITING_REVIEW,NOT_VERIFIED,1153.39,,BDT,,,,autonomous-v1,RSA-0005464,8d85c1c59351edc195fa7495b281e6c765859af28e823eac95fc701cf0be9eae,2025-11-27 07:14:20+00:00,,
RCV-000607,TXN-0005478,true,single debit confirmation; settlement not confirmed,BLOCKED,0,NO_ACTION,NOT_EXECUTED,NOT_VERIFIED,4793.08,,BDT,amount above auto-release cap,,,autonomous-v1,RSA-0005478,cf879a4b20cdb3fbbb176f26f4fcd1c7dbb34e137814c4e80cf86addd3958315,2026-03-10 01:23:35+00:00,2026-03-10 01:23:35+00:00,
RCV-000608,TXN-0005488,true,single debit confirmation; settlement not confirmed,PENDING,0,MANUAL_REVIEW,AWAITING_REVIEW,NOT_VERIFIED,528.27,,BDT,,,,autonomous-v1,RSA-0005488,606398e9d78c115425d5d93698cfff269973ada227f8763f7318d9b89bfbec92,2026-05-16 01:37:27+00:00,,
RCV-000609,TXN-0005496,true,single debit confirmation; settlement not confirmed,BLOCKED,0,NO_ACTION,NOT_EXECUTED,NOT_VERIFIED,1537.33,,BDT,amount above auto-release cap,,,autonomous-v1,RSA-0005496,ecf9e06768fdee8d68fd147e88a7d6c717063fa4dac33b23e7d523e8c6697c15,2026-08-12 04:15:27+00:00,2026-08-12 04:15:27+00:00,
RCV-000610,TXN-0005497,true,single debit confirmation; settlement not confirmed,BLOCKED,0,NO_ACTION,NOT_EXECUTED,NOT_VERIFIED,2688.02,,BDT,amount above auto-release cap,,,autonomous-v1,RSA-0005497,26499aa1902fb3d3d1fcc93675e966c2467c845519a97fa447ab27d22d5faf81,2026-08-13 11:51:50+00:00,2026-08-13 11:51:50+00:00,
RCV-000611,TXN-0005503,true,single debit confirmation; settlement not confirmed,COMPLETED,0,MANUAL_REVIEW,RESOLVED_MANUALLY,REVIEWED,872.33,,BDT,,,,autonomous-v1,RSA-0005503,3b34ae816f653c77639d6facd9076c2f69c1050ddd5a090ee9e1ce19b1cdb94c,2026-09-24 09:19:05+00:00,,
RCV-000612,TXN-0005504,true,single debit confirmation; settlement not confirmed,BLOCKED,0,NO_ACTION,NOT_EXECUTED,NOT_VERIFIED,2364.39,,BDT,policy block,,,autonomous-v1,RSA-0005504,8177b87fa782cb0bfbca208fc337cf95b4775f4f489865358c29449689d2b64d,2025-10-25 12:39:31+00:00,2025-10-25 12:39:31+00:00,
RCV-000613,TXN-0005505,true,single debit confirmation; settlement not confirmed,BLOCKED,0,NO_ACTION,NOT_EXECUTED,NOT_VERIFIED,4620.72,,BDT,amount above auto-release cap,,,autonomous-v1,RSA-0005505,f3d960fde2d11dcaed06a1daaed7f797a5f6e58908ffae89c8b881b4807326d1,2025-11-08 21:27:22+00:00,2025-11-08 21:27:22+00:00,
RCV-000614,TXN-0005506,true,single debit confirmation; settlement not confirmed,PENDING,0,MANUAL_REVIEW,AWAITING_REVIEW,NOT_VERIFIED,1255.48,,BDT,,,,autonomous-v1,RSA-0005506,52634d50561be180bae3dc0e20a13cd7168850b55e15d13b1d4986c022e21c5b,2025-12-20 11:56:03+00:00,,
RCV-000615,TXN-0005507,false,insufficient payment evidence,BLOCKED,0,NO_ACTION,NOT_EXECUTED,NOT_VERIFIED,1620.27,,BDT,INSUFFICIENT_EVIDENCE,,,autonomous-v1,RSA-0005507,654b4efc1d4bbe604591a28845d365ec8414bda16cbf56070f5d162071e0ea32,2025-12-22 02:58:21+00:00,2025-12-22 02:58:21+00:00,
RCV-000616,TXN-0005511,false,settlement confirmed without merchant confirmation,PENDING,0,MANUAL_REVIEW,AWAITING_REVIEW,NOT_VERIFIED,692.41,,BDT,,,,autonomous-v1,RSA-0005511,92959c0013e043f528a6e143322bca38e7bc85aea5b78631126210fdc995aaee,2026-02-17 13:45:48+00:00,,
RCV-000617,TXN-0005512,true,single debit confirmation; settlement not confirmed,COMPLETED,0,MANUAL_REVIEW,RESOLVED_MANUALLY,REVIEWED,1081.53,,BDT,,,,autonomous-v1,RSA-0005512,c5df7dfb00f608aa3c6813d0446d3482f1c7e3dd47052a400bde06a9e0e309f9,2026-03-04 22:11:04+00:00,,
RCV-000618,TXN-0005518,false,multiple customer debit confirmations,BLOCKED,0,NO_ACTION,NOT_EXECUTED,NOT_VERIFIED,2232.01,,BDT,DOUBLE_DEDUCTION,,,autonomous-v1,RSA-0005518,290dda4594d670517d0b3c6d43d288d09948b5e83d43d7be9b7660f61bc7c72c,2026-07-12 04:43:41+00:00,2026-07-12 04:43:41+00:00,
RCV-000619,TXN-0005519,true,single debit confirmation; settlement not confirmed,BLOCKED,0,NO_ACTION,NOT_EXECUTED,NOT_VERIFIED,419.63,,BDT,,,,autonomous-v1,RSA-0005519,554d9f4e39f5c7fc29ecfdea30bbd2093aace1e79ea404a3752ae3b8244bde72,2026-07-17 00:21:50+00:00,,
RCV-000620,TXN-0005521,false,settlement confirmed without merchant confirmation,COMPLETED,0,MANUAL_REVIEW,RESOLVED_MANUALLY,REVIEWED,937.77,,BDT,,,,autonomous-v1,RSA-0005521,e99d377a18e534e027e031b3229db05b8dae76f86b640a5cadd5e10df227d9ac,2026-07-19 02:24:35+00:00,,
RCV-000621,TXN-0005523,true,single debit confirmation; settlement not confirmed,BLOCKED,0,NO_ACTION,NOT_EXECUTED,NOT_VERIFIED,10664.68,,BDT,amount above auto-release cap,,,autonomous-v1,RSA-0005523,a744677880cf3e96274cf7d2cf74d164ad0151e1c3aab41eb3f335cb986b4d99,2025-12-03 17:02:22+00:00,2025-12-03 17:02:22+00:00,
RCV-000622,TXN-0005528,false,insufficient payment evidence,BLOCKED,0,NO_ACTION,NOT_EXECUTED,NOT_VERIFIED,6352.09,,BDT,INSUFFICIENT_EVIDENCE,,,autonomous-v1,RSA-0005528,02725423da7fe5f2247c579899e01fef4c8ad05e81e53fe15689696d35a9b5c7,2026-03-22 05:20:42+00:00,2026-03-22 05:20:42+00:00,
RCV-000623,TXN-0005537,true,single debit confirmation; settlement not confirmed,PENDING,0,MANUAL_REVIEW,AWAITING_REVIEW,NOT_VERIFIED,1189.46,,BDT,,,,autonomous-v1,RSA-0005537,b4cb023d86483605d6b8543319dc8899d3f6097e831d708c33ed45099888e747,2026-08-08 07:55:04+00:00,,
RCV-000624,TXN-0005544,true,single debit confirmation; settlement not confirmed,BLOCKED,0,NO_ACTION,NOT_EXECUTED,NOT_VERIFIED,3353.35,,BDT,amount above auto-release cap,,,autonomous-v1,RSA-0005544,99c6e990d246e62fbe5a7c89a547ec3614c1c7bddeba852518f89f74d2bd5695,2026-07-14 16:09:48+00:00,2026-07-14 16:09:48+00:00,
RCV-000625,TXN-0005546,true,single debit confirmation; settlement not confirmed,BLOCKED,0,NO_ACTION,NOT_EXECUTED,NOT_VERIFIED,3181.77,,BDT,amount above auto-release cap,,,autonomous-v1,RSA-0005546,5ea4a6d1f8aa3084493488222ff139b7ab2df416f77a4d6587629dae10f268d6,2026-07-18 13:05:39+00:00,2026-07-18 13:05:39+00:00,
RCV-000626,TXN-0005550,true,single debit confirmation; settlement not confirmed,BLOCKED,0,NO_ACTION,NOT_EXECUTED,NOT_VERIFIED,10242.82,,BDT,amount above auto-release cap,,,autonomous-v1,RSA-0005550,e38cb01250e8f298cbe7c25ec506fc3b1a22f5274369f6ae323cc9595eed1f5a,2026-08-12 10:57:05+00:00,2026-08-12 10:57:05+00:00,
RCV-000627,TXN-0005553,true,single debit confirmation; settlement not confirmed,BLOCKED,0,NO_ACTION,NOT_EXECUTED,NOT_VERIFIED,1830.87,,BDT,amount above auto-release cap,,,autonomous-v1,RSA-0005553,dae12d5bcd4eed5a8241aa6302bd951bf9ec6c0868fc5d653a7729893ea6beba,2026-08-17 15:55:04+00:00,2026-08-17 15:55:04+00:00,
RCV-000628,TXN-0005581,true,single debit confirmation; settlement not confirmed,BLOCKED,0,NO_ACTION,NOT_EXECUTED,NOT_VERIFIED,8684.08,,BDT,amount above auto-release cap,,,autonomous-v1,RSA-0005581,65761f94f6cc9bf3552c435f957bcb415c5da3209e711be31d3c79662fe62c58,2026-09-25 22:52:21+00:00,2026-09-25 22:52:21+00:00,
RCV-000629,TXN-0005608,true,single debit confirmation; settlement not confirmed,BLOCKED,0,NO_ACTION,NOT_EXECUTED,NOT_VERIFIED,11057.17,,BDT,policy block,,,autonomous-v1,RSA-0005608,cee6bd0065898eb6ed95cf587c36dd6c87150b518eb21fad713e1966cea744f5,2026-06-25 02:35:31+00:00,2026-06-25 02:35:31+00:00,
RCV-000630,TXN-0005661,true,single debit confirmation; settlement not confirmed,BLOCKED,0,NO_ACTION,NOT_EXECUTED,NOT_VERIFIED,1286.53,,BDT,policy block,,,autonomous-v1,RSA-0005661,09d6988e4a1a9c5d56a47c29f783e24c5c39ea876214c414d4eb7f0b79ea67e5,2026-07-05 05:53:58+00:00,2026-07-05 05:53:58+00:00,
RCV-000631,TXN-0005662,true,single debit confirmation; settlement not confirmed,BLOCKED,0,NO_ACTION,NOT_EXECUTED,NOT_VERIFIED,4395.78,,BDT,amount above auto-release cap,,,autonomous-v1,RSA-0005662,16c046f2355134bf5ac862f095891b76784bda9e6424c35edbcc28b2842be3a1,2026-07-10 20:27:27+00:00,2026-07-10 20:27:27+00:00,
RCV-000632,TXN-0005677,true,single debit confirmation; settlement not confirmed,COMPLETED,0,MANUAL_REVIEW,RESOLVED_MANUALLY,REVIEWED,784.22,,BDT,,,,autonomous-v1,RSA-0005677,13a40e3e1430054f6c65ffc786f2fd0c2b8f520d592022d97e642431ee724fbe,2026-05-21 14:51:20+00:00,,
RCV-000633,TXN-0005681,true,single debit confirmation; settlement not confirmed,BLOCKED,0,NO_ACTION,NOT_EXECUTED,NOT_VERIFIED,2510.64,,BDT,policy block,,,autonomous-v1,RSA-0005681,36fcc46cc776568837eb23a8af878cb95f056acf4641833b18feec68f50f50fa,2026-06-10 06:50:30+00:00,2026-06-10 06:50:30+00:00,
RCV-000634,TXN-0005692,true,single debit confirmation; settlement not confirmed,BLOCKED,0,NO_ACTION,NOT_EXECUTED,NOT_VERIFIED,3164.64,,BDT,amount above auto-release cap,,,autonomous-v1,RSA-0005692,65b07d3cd02a428a0166e828e1ce3904b56459e825b75acc1fc1ec88fa0fcd08,2026-08-18 06:24:40+00:00,2026-08-18 06:24:40+00:00,
RCV-000635,TXN-0005729,false,insufficient payment evidence,BLOCKED,0,NO_ACTION,NOT_EXECUTED,NOT_VERIFIED,8309.82,,BDT,INSUFFICIENT_EVIDENCE,,,autonomous-v1,RSA-0005729,98ada9b2625591a2d7fa4b7dc1e010b5833bab79de4d2ffe6ff93a84b14f0742,2026-07-16 00:29:03+00:00,2026-07-16 00:29:03+00:00,
RCV-000636,TXN-0005733,false,insufficient payment evidence,BLOCKED,0,NO_ACTION,NOT_EXECUTED,NOT_VERIFIED,810.35,,BDT,INSUFFICIENT_EVIDENCE,,,autonomous-v1,RSA-0005733,1e9e23cba53924d2ec647965a9d8ec837ef8b2935ca240f9774e169205b55eef,2026-08-01 03:30:44+00:00,2026-08-01 03:30:44+00:00,
RCV-000637,TXN-0005757,true,single debit confirmation; settlement not confirmed,COMPLETED,0,MANUAL_REVIEW,RESOLVED_MANUALLY,REVIEWED,461.21,,BDT,,,,autonomous-v1,RSA-0005757,85da24fb8853d72c7d167f4c9529d3631205da277f1961a60a3ce7bcd7f8840a,2026-07-09 13:15:45+00:00,,
RCV-000638,TXN-0005760,true,single debit confirmation; settlement not confirmed,BLOCKED,0,NO_ACTION,NOT_EXECUTED,NOT_VERIFIED,2326.54,,BDT,amount above auto-release cap,,,autonomous-v1,RSA-0005760,c8d63d85bb019a4d7ab32663c33b5aabb3badc88e1a4315691f86f708b0d8e2a,2026-08-09 00:04:28+00:00,2026-08-09 00:04:28+00:00,
RCV-000639,TXN-0005762,true,single debit confirmation; settlement not confirmed,BLOCKED,0,NO_ACTION,NOT_EXECUTED,NOT_VERIFIED,3353.85,,BDT,amount above auto-release cap,,,autonomous-v1,RSA-0005762,21115011fe7afebcb4d38cdb9d3e06011677ae20652b690c3899f5f96899d0f1,2026-08-17 03:59:29+00:00,2026-08-17 03:59:29+00:00,
RCV-000640,TXN-0005774,true,single debit confirmation; settlement not confirmed,BLOCKED,0,NO_ACTION,NOT_EXECUTED,NOT_VERIFIED,3308.56,,BDT,amount above auto-release cap,,,autonomous-v1,RSA-0005774,c7e2b3d6cad72a91a41e90cdff74e4979124eacd4e06ecb871ef38d3e02d3bae,2026-07-11 19:12:48+00:00,2026-07-11 19:12:48+00:00,
RCV-000641,TXN-0005775,true,single debit confirmation; settlement not confirmed,BLOCKED,0,NO_ACTION,NOT_EXECUTED,NOT_VERIFIED,13624.94,,BDT,amount above auto-release cap,,,autonomous-v1,RSA-0005775,8f31786e97ea09511d956dcc6c78f64516899e71012bfbfce16a0ce7e3747f3e,2026-07-12 01:16:35+00:00,2026-07-12 01:16:35+00:00,
RCV-000642,TXN-0005777,true,single debit confirmation; settlement not confirmed,COMPLETED,0,MANUAL_REVIEW,RESOLVED_MANUALLY,REVIEWED,557.87,,BDT,,,,autonomous-v1,RSA-0005777,c33b572452099a234f4a649473b4ee0e83987c84b8332b7f479c16513aed9e2d,2026-07-21 20:22:44+00:00,,
RCV-000643,TXN-0005778,false,multiple customer debit confirmations,BLOCKED,0,NO_ACTION,NOT_EXECUTED,NOT_VERIFIED,1395.18,,BDT,DOUBLE_DEDUCTION,,,autonomous-v1,RSA-0005778,3047f0c93c8b8d63b913691e23a998545a668e86895ed99575ee38c075bee5b7,2026-07-28 19:54:42+00:00,2026-07-28 19:54:42+00:00,
RCV-000644,TXN-0005779,false,evidence contradicts reported failure,PENDING,0,MANUAL_REVIEW,AWAITING_REVIEW,NOT_VERIFIED,424.75,,BDT,,,,autonomous-v1,RSA-0005779,74ab780ea7521730ee927a16870a79c5a26fd83e046dcccf678cec57ceede1cf,2026-08-01 17:24:27+00:00,,
RCV-000645,TXN-0005787,true,single debit confirmation; settlement not confirmed,COMPLETED,1,RELEASE_LIMIT,RECOVERED,VERIFIED,539.4,539.4,BDT,,mock,REL-E016623F,autonomous-v1,RSA-0005787,29f14fb4f0370461545061caa36ab778bc464461251712ffd163e84bb0d25d28,2026-08-29 11:40:10+00:00,2026-08-29 11:54:10+00:00,2026-08-29 11:54:39+00:00
RCV-000646,TXN-0005789,false,insufficient payment evidence,BLOCKED,0,NO_ACTION,NOT_EXECUTED,NOT_VERIFIED,1594.78,,BDT,INSUFFICIENT_EVIDENCE,,,autonomous-v1,RSA-0005789,2b4a8b05b0a0bc922db473fd9109ba5c68f9af204c24eb43379a166040344ceb,2026-09-02 11:18:50+00:00,2026-09-02 11:18:50+00:00,
RCV-000647,TXN-0005790,true,single debit confirmation; settlement not confirmed,COMPLETED,0,MANUAL_REVIEW,RESOLVED_MANUALLY,REVIEWED,1439.26,,BDT,,,,autonomous-v1,RSA-0005790,06cf528337a3eb94dd31e48d360ea6145b0b228571ea8469972d87db716d2b77,2026-09-06 22:15:31+00:00,,
RCV-000648,TXN-0005791,false,evidence contradicts reported failure,COMPLETED,0,MANUAL_REVIEW,RESOLVED_MANUALLY,REVIEWED,384.98,,BDT,,,,autonomous-v1,RSA-0005791,c5e9ead0789131e288b0e70819fa70872952601e661e584ffcd61107d7f48cff,2026-09-08 10:39:25+00:00,,
RCV-000649,TXN-0005792,true,single debit confirmation; settlement not confirmed,BLOCKED,0,NO_ACTION,NOT_EXECUTED,NOT_VERIFIED,2068.46,,BDT,amount above auto-release cap,,,autonomous-v1,RSA-0005792,bc8cd649f57efa5d7ba865d4e855115c349330e3c7c4553fcec27a859cd58df9,2026-09-15 19:49:25+00:00,2026-09-15 19:49:25+00:00,
RCV-000650,TXN-0005802,true,single debit confirmation; settlement not confirmed,BLOCKED,0,NO_ACTION,NOT_EXECUTED,NOT_VERIFIED,8123.82,,BDT,amount above auto-release cap,,,autonomous-v1,RSA-0005802,615b84af70a0415120070ae5eea64a42bdba3f681edd4882538821604f309a07,2025-12-09 18:14:00+00:00,2025-12-09 18:14:00+00:00,
RCV-000651,TXN-0005808,true,single debit confirmation; settlement not confirmed,BLOCKED,0,NO_ACTION,NOT_EXECUTED,NOT_VERIFIED,2296.27,,BDT,amount above auto-release cap,,,autonomous-v1,RSA-0005808,9c52d97edfd296bb9098413cc582589224fbf14b001bd936c83ae085203b1b61,2026-02-05 07:13:48+00:00,2026-02-05 07:13:48+00:00,
RCV-000652,TXN-0005816,true,single debit confirmation; settlement not confirmed,BLOCKED,0,NO_ACTION,NOT_EXECUTED,NOT_VERIFIED,30536.27,,BDT,amount above auto-release cap,,,autonomous-v1,RSA-0005816,80d1b4330edd2e8c78a03223d08e14be4b209380f85dd61308f3c547333a2850,2026-03-17 20:22:47+00:00,2026-03-17 20:22:47+00:00,
RCV-000653,TXN-0005836,false,insufficient payment evidence,BLOCKED,0,NO_ACTION,NOT_EXECUTED,NOT_VERIFIED,178134.76,,BDT,INSUFFICIENT_EVIDENCE,,,autonomous-v1,RSA-0005836,35e334bf868ba4e6c65b0f3b5a26f935719cfa6f3965d653438debc8c3468ab2,2026-06-01 12:39:07+00:00,2026-06-01 12:39:07+00:00,
RCV-000654,TXN-0005862,false,settlement confirmed without merchant confirmation,COMPLETED,0,MANUAL_REVIEW,RESOLVED_MANUALLY,REVIEWED,2071.28,,BDT,,,,autonomous-v1,RSA-0005862,df70b21dad34c2559c52a637ec9f1e744a00e92f6354bf94bbde1ec9620285c8,2026-09-11 04:21:01+00:00,,
RCV-000655,TXN-0005864,true,single debit confirmation; settlement not confirmed,PENDING,0,MANUAL_REVIEW,AWAITING_REVIEW,NOT_VERIFIED,223.33,,BDT,,,,autonomous-v1,RSA-0005864,1689b82608c930dd059886603327d0b7371f42161c10cff2f6963a9da44f9b0f,2025-12-20 21:31:10+00:00,,
RCV-000656,TXN-0005874,true,single debit confirmation; settlement not confirmed,BLOCKED,0,NO_ACTION,NOT_EXECUTED,NOT_VERIFIED,924.15,,BDT,policy block,,,autonomous-v1,RSA-0005874,87a21acf00552a36b35743843049a9530786a4f9d46752778dc02e413ce1bc5a,2026-03-27 17:31:12+00:00,2026-03-27 17:31:12+00:00,
RCV-000657,TXN-0005875,true,single debit confirmation; settlement not confirmed,COMPLETED,0,MANUAL_REVIEW,RESOLVED_MANUALLY,REVIEWED,917.86,,BDT,,,,autonomous-v1,RSA-0005875,5da5895463be29d8c7a26559c15fee4b3234a6c70f2cd9d71aa158a116fd92a4,2026-05-03 08:45:09+00:00,,
RCV-000658,TXN-0005877,true,single debit confirmation; settlement not confirmed,PENDING,0,MANUAL_REVIEW,AWAITING_REVIEW,NOT_VERIFIED,654.05,,BDT,,,,autonomous-v1,RSA-0005877,2395336b05bff4039a3a61f6aedd452589374e0a5a4d5527b1775ad39d1803c7,2026-05-08 15:25:37+00:00,,
RCV-000659,TXN-0005880,true,single debit confirmation; settlement not confirmed,BLOCKED,0,NO_ACTION,NOT_EXECUTED,NOT_VERIFIED,39549.25,,BDT,amount above auto-release cap,,,autonomous-v1,RSA-0005880,e45c37bd89a39a6f0ab90ee29e3f45e0deaa3d7b7f79c84ebc7936300b2e6852,2026-06-12 05:21:04+00:00,2026-06-12 05:21:04+00:00,
RCV-000660,TXN-0005884,true,single debit confirmation; settlement not confirmed,BLOCKED,0,NO_ACTION,NOT_EXECUTED,NOT_VERIFIED,540.07,,BDT,,,,autonomous-v1,RSA-0005884,049c347137f8e3210084360aba70b349ad278603d1dc3b6069338f2b1890001e,2026-08-06 08:25:23+00:00,,
RCV-000661,TXN-0005898,false,insufficient payment evidence,BLOCKED,0,NO_ACTION,NOT_EXECUTED,NOT_VERIFIED,148.46,,BDT,INSUFFICIENT_EVIDENCE,,,autonomous-v1,RSA-0005898,0fd06a4a5ef61c38ed5677a70ce0733c75bab40728b0dec33146e8bc3389fbb9,2026-08-15 02:02:24+00:00,2026-08-15 02:02:24+00:00,
RCV-000662,TXN-0005899,false,insufficient payment evidence,BLOCKED,0,NO_ACTION,NOT_EXECUTED,NOT_VERIFIED,291.03,,BDT,INSUFFICIENT_EVIDENCE,,,autonomous-v1,RSA-0005899,c60bac199ff1bc042d080195df624d45ba0aa2ef464d9b37297ad72dc4371641,2026-08-17 14:42:43+00:00,2026-08-17 14:42:43+00:00,
RCV-000663,TXN-0005902,false,settlement confirmed without merchant confirmation,COMPLETED,0,MANUAL_REVIEW,RESOLVED_MANUALLY,REVIEWED,2380.33,,BDT,,,,autonomous-v1,RSA-0005902,9a639edcd7137d967085123f5bcced4aca5f0296ae15762f96fa79bc1d41bc4f,2026-09-24 21:44:15+00:00,,
RCV-000664,TXN-0005912,false,multiple customer debit confirmations,BLOCKED,0,NO_ACTION,NOT_EXECUTED,NOT_VERIFIED,31061.37,,BDT,DOUBLE_DEDUCTION,,,autonomous-v1,RSA-0005912,3260757a552f0a2d87f8aac7dad7960d99208720e8878e358b46eb92187fd751,2026-07-25 14:01:11+00:00,2026-07-25 14:01:11+00:00,
RCV-000665,TXN-0005935,true,single debit confirmation; settlement not confirmed,BLOCKED,0,NO_ACTION,NOT_EXECUTED,NOT_VERIFIED,755.05,,BDT,policy block,,,autonomous-v1,RSA-0005935,68ce714b4378787ee14fa5880af0b7498a749e8bf78b5ebc19f8eb7685209da2,2026-01-28 11:45:55+00:00,2026-01-28 11:45:55+00:00,
RCV-000666,TXN-0005954,true,single debit confirmation; settlement not confirmed,BLOCKED,0,NO_ACTION,NOT_EXECUTED,NOT_VERIFIED,8628.43,,BDT,policy block,,,autonomous-v1,RSA-0005954,74c476454a537039d20c458256b7e0360235506a9f75512453eceb9df9f642bf,2026-08-19 15:18:17+00:00,2026-08-19 15:18:17+00:00,
RCV-000667,TXN-0005958,true,single debit confirmation; settlement not confirmed,BLOCKED,0,NO_ACTION,NOT_EXECUTED,NOT_VERIFIED,16636.13,,BDT,amount above auto-release cap,,,autonomous-v1,RSA-0005958,61e19b299977b6ea6d15a1eb9a49c0a133d51cf646a25e6c860270198df448fd,2026-08-28 00:10:01+00:00,2026-08-28 00:10:01+00:00,
RCV-000668,TXN-0005960,true,single debit confirmation; settlement not confirmed,BLOCKED,0,NO_ACTION,NOT_EXECUTED,NOT_VERIFIED,7594.33,,BDT,policy block,,,autonomous-v1,RSA-0005960,be5fd31cb35e48b5194ec08365d0b85a024329f440c4a308bd6d17ddc804ab5d,2026-09-03 09:49:49+00:00,2026-09-03 09:49:49+00:00,
RCV-000669,TXN-0005982,true,single debit confirmation; settlement not confirmed,BLOCKED,0,NO_ACTION,NOT_EXECUTED,NOT_VERIFIED,9523.95,,BDT,amount above auto-release cap,,,autonomous-v1,RSA-0005982,40f712315ba6ae3ba54933de2e68ae0cff1e27ffa8f0ef161d3caf918aaeaa1a,2026-04-27 07:40:56+00:00,2026-04-27 07:40:56+00:00,
RCV-000670,TXN-0005989,true,single debit confirmation; settlement not confirmed,BLOCKED,0,NO_ACTION,NOT_EXECUTED,NOT_VERIFIED,5215.63,,BDT,amount above auto-release cap,,,autonomous-v1,RSA-0005989,1281692564dd15b9324061478d153ab28b37d9f8567c7298d29f1a465be9018f,2026-07-27 03:16:45+00:00,2026-07-27 03:16:45+00:00,
RCV-000671,TXN-0005996,true,single debit confirmation; settlement not confirmed,PENDING,0,MANUAL_REVIEW,AWAITING_REVIEW,NOT_VERIFIED,1295.65,,BDT,,,,autonomous-v1,RSA-0005996,88bfd32daff6b75b15d0460acbe136e3e4055bd1aadc5eef5b4b03044e4e0edf,2026-08-07 18:10:53+00:00,,
RCV-000672,TXN-0006038,true,single debit confirmation; settlement not confirmed,BLOCKED,0,NO_ACTION,NOT_EXECUTED,NOT_VERIFIED,7087.95,,BDT,policy block,,,autonomous-v1,RSA-0006038,20c6308934d7c069725a84e771ae3c14ca3d99a6c9aff88983eb04605825c3cc,2026-07-28 07:08:03+00:00,2026-07-28 07:08:03+00:00,
RCV-000673,TXN-0006044,true,single debit confirmation; settlement not confirmed,BLOCKED,0,NO_ACTION,NOT_EXECUTED,NOT_VERIFIED,155.64,,BDT,policy block,,,autonomous-v1,RSA-0006044,40d532d9b299b0e08bab65970a625645d7e5dd8f04d67064531a10946137fe4f,2026-08-31 09:38:35+00:00,2026-08-31 09:38:35+00:00,
RCV-000674,TXN-0006047,false,settlement confirmed without merchant confirmation,COMPLETED,0,MANUAL_REVIEW,RESOLVED_MANUALLY,REVIEWED,1820.77,,BDT,,,,autonomous-v1,RSA-0006047,70ddb902c38570b7e2c3858fab2e05981ad99d85b76a1ae0ea92a4c8c9541b5d,2026-09-15 02:13:13+00:00,,
RCV-000675,TXN-0006075,false,insufficient payment evidence,BLOCKED,0,NO_ACTION,NOT_EXECUTED,NOT_VERIFIED,6372.55,,BDT,INSUFFICIENT_EVIDENCE,,,autonomous-v1,RSA-0006075,8e7aa3b68f1df23c6b8bd3617d07a371938143b00c4ba1103fde5279532d3bba,2026-02-23 19:39:08+00:00,2026-02-23 19:39:08+00:00,
RCV-000676,TXN-0006077,true,single debit confirmation; settlement not confirmed,BLOCKED,0,NO_ACTION,NOT_EXECUTED,NOT_VERIFIED,4423.53,,BDT,amount above auto-release cap,,,autonomous-v1,RSA-0006077,d1096c50ec16b97f56b7ab95cd5ea36464a57275f971392ce700953ad68d4deb,2026-04-19 22:29:05+00:00,2026-04-19 22:29:05+00:00,
RCV-000677,TXN-0006093,true,single debit confirmation; settlement not confirmed,BLOCKED,0,NO_ACTION,NOT_EXECUTED,NOT_VERIFIED,11523.32,,BDT,policy block,,,autonomous-v1,RSA-0006093,463efd5ea438e0383bd7c38e68f03683942702385bc6d267b637b9468a9e8fde,2026-04-10 13:49:54+00:00,2026-04-10 13:49:54+00:00,
RCV-000678,TXN-0006116,true,single debit confirmation; settlement not confirmed,BLOCKED,0,NO_ACTION,NOT_EXECUTED,NOT_VERIFIED,1584.42,,BDT,amount above auto-release cap,,,autonomous-v1,RSA-0006116,ae272b98b59089ae570ad271abbf3747a0abccddae5b6c4a40ad116c1c2f96f9,2025-12-31 03:21:28+00:00,2025-12-31 03:21:28+00:00,
RCV-000679,TXN-0006121,true,single debit confirmation; settlement not confirmed,BLOCKED,0,NO_ACTION,NOT_EXECUTED,NOT_VERIFIED,5522.93,,BDT,amount above auto-release cap,,,autonomous-v1,RSA-0006121,b31ff2ff2cae114b37a1c53aa3215dc5731c0c516b108e3cefbaa652080ac846,2026-05-31 01:07:15+00:00,2026-05-31 01:07:15+00:00,
RCV-000680,TXN-0006128,true,single debit confirmation; settlement not confirmed,PENDING,0,MANUAL_REVIEW,AWAITING_REVIEW,NOT_VERIFIED,1112.12,,BDT,,,,autonomous-v1,RSA-0006128,ea0e70fd69dbc798ff703d05af7c64a5aac097ce18b3612477981ead75846427,2026-07-03 06:30:09+00:00,,
RCV-000681,TXN-0006135,true,single debit confirmation; settlement not confirmed,COMPLETED,0,MANUAL_REVIEW,RESOLVED_MANUALLY,REVIEWED,1356.21,,BDT,,,,autonomous-v1,RSA-0006135,b726125e268ff4d3ae753ea2a04d3f2d47d239b32957f33c824ae03a63d1a04f,2026-05-31 06:47:02+00:00,,
RCV-000682,TXN-0006157,true,single debit confirmation; settlement not confirmed,PENDING,0,MANUAL_REVIEW,AWAITING_REVIEW,NOT_VERIFIED,203.3,,BDT,,,,autonomous-v1,RSA-0006157,95e1071bc12460338e20e4b4fa5cb8e2d5cbb9b88508b37a375b2be7ba4525ed,2026-07-01 12:26:17+00:00,,
RCV-000683,TXN-0006167,true,single debit confirmation; settlement not confirmed,PENDING,0,MANUAL_REVIEW,AWAITING_REVIEW,NOT_VERIFIED,663.63,,BDT,,,,autonomous-v1,RSA-0006167,e5e5d7b44c81cbd9e121645d2869467e184ea362b027665c92676dc00375907c,2026-08-21 21:11:12+00:00,,
RCV-000684,TXN-0006168,false,settlement confirmed without merchant confirmation,PENDING,0,MANUAL_REVIEW,AWAITING_REVIEW,NOT_VERIFIED,946.34,,BDT,,,,autonomous-v1,RSA-0006168,e50148ac059c5ea16ecd58b9633a777da4e20427f1dad8674c55212ef5307872,2026-08-23 21:10:36+00:00,,
RCV-000685,TXN-0006173,true,single debit confirmation; settlement not confirmed,BLOCKED,0,NO_ACTION,NOT_EXECUTED,NOT_VERIFIED,402.39,,BDT,policy block,,,autonomous-v1,RSA-0006173,ac552b583804573ce36434ef41219cbd187e0cdb58d8c66615c8d6959d381fb7,2026-09-05 20:09:51+00:00,2026-09-05 20:09:51+00:00,
RCV-000686,TXN-0006193,true,single debit confirmation; settlement not confirmed,BLOCKED,0,NO_ACTION,NOT_EXECUTED,NOT_VERIFIED,457.3,,BDT,policy block,,,autonomous-v1,RSA-0006193,17fb43f70ddf17df2286300340a645beb40b611381108d258f20fb9e888da457,2026-06-17 14:54:21+00:00,2026-06-17 14:54:21+00:00,
RCV-000687,TXN-0006208,true,single debit confirmation; settlement not confirmed,BLOCKED,0,NO_ACTION,NOT_EXECUTED,NOT_VERIFIED,3051.69,,BDT,amount above auto-release cap,,,autonomous-v1,RSA-0006208,594f66bf232cdcd15d71494fc025853d949cf1115e633fd25420f6963e656b86,2025-12-25 15:53:59+00:00,2025-12-25 15:53:59+00:00,
RCV-000688,TXN-0006225,false,insufficient payment evidence,BLOCKED,0,NO_ACTION,NOT_EXECUTED,NOT_VERIFIED,6121.5,,BDT,INSUFFICIENT_EVIDENCE,,,autonomous-v1,RSA-0006225,d081fd5eaec44e4cffd980fe83b03a60799314db4ba4d5ecf3e6dff7ddd6d19b,2026-05-05 18:50:30+00:00,2026-05-05 18:50:30+00:00,
RCV-000689,TXN-0006261,true,single debit confirmation; settlement not confirmed,PENDING,0,MANUAL_REVIEW,AWAITING_REVIEW,NOT_VERIFIED,950.18,,BDT,,,,autonomous-v1,RSA-0006261,aa4b945bf210a7d005d9d82c270e11f3bf41feae442707d97f9f431515999d0d,2026-03-28 11:30:44+00:00,,
RCV-000690,TXN-0006273,true,single debit confirmation; settlement not confirmed,BLOCKED,0,NO_ACTION,NOT_EXECUTED,NOT_VERIFIED,541.32,,BDT,,,,autonomous-v1,RSA-0006273,75f4f3c56b0ae883f435db034bb2369cec726631e785a25503d7c82584d4f431,2026-09-17 21:55:19+00:00,,
RCV-000691,TXN-0006279,true,single debit confirmation; settlement not confirmed,BLOCKED,0,NO_ACTION,NOT_EXECUTED,NOT_VERIFIED,1705.74,,BDT,amount above auto-release cap,,,autonomous-v1,RSA-0006279,c19f0cbe3838d6d802a2b4cd29cb287ada72f1cead3cd15e26394659db3e4826,2026-03-02 23:20:23+00:00,2026-03-02 23:20:23+00:00,
RCV-000692,TXN-0006294,false,insufficient payment evidence,BLOCKED,0,NO_ACTION,NOT_EXECUTED,NOT_VERIFIED,3119.7,,BDT,INSUFFICIENT_EVIDENCE,,,autonomous-v1,RSA-0006294,08506b5854d5a889ae718b1bb4c7a83bdd1e09ecb8f1942f6f482c8972434187,2026-05-26 17:17:31+00:00,2026-05-26 17:17:31+00:00,
RCV-000693,TXN-0006297,true,single debit confirmation; settlement not confirmed,BLOCKED,0,NO_ACTION,NOT_EXECUTED,NOT_VERIFIED,2943.94,,BDT,amount above auto-release cap,,,autonomous-v1,RSA-0006297,b33e00872f8432ec197d08a9da635dbfd5860face4f316c1bcc00f265168de24,2026-06-23 17:19:44+00:00,2026-06-23 17:19:44+00:00,
RCV-000694,TXN-0006304,false,settlement confirmed without merchant confirmation,PENDING,0,MANUAL_REVIEW,AWAITING_REVIEW,NOT_VERIFIED,74825.76,,BDT,,,,autonomous-v1,RSA-0006304,6d25f43f8648fabe965db7c08ea62fcd63633f63ad620502692e08539bf261ea,2026-08-24 05:52:55+00:00,,
RCV-000695,TXN-0006306,false,provider reference shared with another transaction,COMPLETED,0,MANUAL_REVIEW,RESOLVED_MANUALLY,REVIEWED,1192.35,,BDT,,,,autonomous-v1,RSA-0006306,6ebd4ba1742c4ca423eeb30ea08d283aec61497285450788b7d98452ee0a3ecc,2025-12-06 10:31:40+00:00,,
RCV-000696,TXN-0006307,false,settlement confirmed without merchant confirmation,PENDING,0,MANUAL_REVIEW,AWAITING_REVIEW,NOT_VERIFIED,953.49,,BDT,,,,autonomous-v1,RSA-0006307,1a6d453525f7b02dc50303d5716e3c89c64d0d537dcd630417aca60c64a63d20,2025-12-13 21:59:15+00:00,,
RCV-000697,TXN-0006309,true,single debit confirmation; settlement not confirmed,BLOCKED,0,NO_ACTION,NOT_EXECUTED,NOT_VERIFIED,7852.56,,BDT,amount above auto-release cap,,,autonomous-v1,RSA-0006309,6417429d7031e58e4310ee1cd3cd8a7d085578b32ff720285ccb469765ec8d74,2026-01-27 09:37:35+00:00,2026-01-27 09:37:35+00:00,
RCV-000698,TXN-0006310,true,single debit confirmation; settlement not confirmed,BLOCKED,0,NO_ACTION,NOT_EXECUTED,NOT_VERIFIED,1839.79,,BDT,amount above auto-release cap,,,autonomous-v1,RSA-0006310,76164bfda448d6299f40a187229ec838a13ac58fb82cc9e70f11023523fa217d,2026-02-15 14:48:49+00:00,2026-02-15 14:48:49+00:00,
RCV-000699,TXN-0006311,false,insufficient payment evidence,BLOCKED,0,NO_ACTION,NOT_EXECUTED,NOT_VERIFIED,3075.88,,BDT,INSUFFICIENT_EVIDENCE,,,autonomous-v1,RSA-0006311,dc58720bfc3250182606d0aeb39acf4e753e1d341332436c528214a95cc16568,2026-02-20 09:56:33+00:00,2026-02-20 09:56:33+00:00,
RCV-000700,TXN-0006312,true,single debit confirmation; settlement not confirmed,BLOCKED,0,NO_ACTION,NOT_EXECUTED,NOT_VERIFIED,2807.5,,BDT,amount above auto-release cap,,,autonomous-v1,RSA-0006312,4a6619786c27546384360a3b6d2983552a68ac2e4609e807384962bf0d5fcb13,2026-03-18 11:46:42+00:00,2026-03-18 11:46:42+00:00,
RCV-000701,TXN-0006314,true,single debit confirmation; settlement not confirmed,BLOCKED,0,NO_ACTION,NOT_EXECUTED,NOT_VERIFIED,3095.35,,BDT,amount above auto-release cap,,,autonomous-v1,RSA-0006314,a820e26a957daf7e4ff944a8e47ca664e3db0a5c582f66da5be71277f9ac1aee,2026-04-29 22:14:24+00:00,2026-04-29 22:14:24+00:00,
RCV-000702,TXN-0006318,true,single debit confirmation; settlement not confirmed,BLOCKED,0,NO_ACTION,NOT_EXECUTED,NOT_VERIFIED,2252.01,,BDT,amount above auto-release cap,,,autonomous-v1,RSA-0006318,d310afba638c2a140364c1212772bf08186935cdab37e332f4f6e029cc4f90da,2026-05-30 08:04:48+00:00,2026-05-30 08:04:48+00:00,
RCV-000703,TXN-0006320,true,single debit confirmation; settlement not confirmed,BLOCKED,0,NO_ACTION,NOT_EXECUTED,NOT_VERIFIED,1545.08,,BDT,amount above auto-release cap,,,autonomous-v1,RSA-0006320,3617052b7f6da26e05bac8f9f22b4bf81753ae4fbd80b60bf6017d31100f3e1d,2026-07-22 11:28:23+00:00,2026-07-22 11:28:23+00:00,
RCV-000704,TXN-0006321,false,settlement confirmed without merchant confirmation,PENDING,0,MANUAL_REVIEW,AWAITING_REVIEW,NOT_VERIFIED,593.17,,BDT,,,,autonomous-v1,RSA-0006321,a4cd760311b3bcd5f7c49c16dbfb1e1ac47ae40a5133309e7f5231cfac5ae140,2026-07-26 06:58:08+00:00,,
RCV-000705,TXN-0006322,false,settlement confirmed without merchant confirmation,BLOCKED,0,NO_ACTION,NOT_EXECUTED,NOT_VERIFIED,3630.51,,BDT,,,,autonomous-v1,RSA-0006322,64e8a851bbf67b7319a871fe4e7b4545d430f2b0ff1cf28a4e85eab3e54b3c4c,2026-08-23 20:29:18+00:00,,
RCV-000706,TXN-0006323,false,insufficient payment evidence,BLOCKED,0,NO_ACTION,NOT_EXECUTED,NOT_VERIFIED,913.28,,BDT,INSUFFICIENT_EVIDENCE,,,autonomous-v1,RSA-0006323,79f59ed7917090256ebe695f8e496f5f23b101061d3fc5157c2c0b67fe2d660f,2026-09-06 20:59:14+00:00,2026-09-06 20:59:14+00:00,
RCV-000707,TXN-0006336,true,single debit confirmation; settlement not confirmed,BLOCKED,0,NO_ACTION,NOT_EXECUTED,NOT_VERIFIED,12923.19,,BDT,amount above auto-release cap,,,autonomous-v1,RSA-0006336,08ebeefb311cbf86f9a7d7b195c225a1ae2f2e1c1fa475bd704b767005a68d18,2026-04-24 23:42:48+00:00,2026-04-24 23:42:48+00:00,
RCV-000708,TXN-0006339,true,single debit confirmation; settlement not confirmed,COMPLETED,1,RELEASE_LIMIT,RECOVERED,VERIFIED,318.24,318.24,BDT,,mock,REL-A819B181,autonomous-v1,RSA-0006339,1e2f5aca12228421742b50b6723e1550294a7b5e96f83ff4aa1c61e0deb9eb7f,2026-05-27 11:04:12+00:00,2026-05-27 11:23:12+00:00,2026-05-27 11:23:36+00:00
RCV-000709,TXN-0006360,false,insufficient payment evidence,BLOCKED,0,NO_ACTION,NOT_EXECUTED,NOT_VERIFIED,675.67,,BDT,INSUFFICIENT_EVIDENCE,,,autonomous-v1,RSA-0006360,7562ab44903132aaecb4a11279eebef6a3db7aa0378a93af6e4289d6cab4e0b8,2026-08-05 13:54:24+00:00,2026-08-05 13:54:24+00:00,
RCV-000710,TXN-0006362,true,single debit confirmation; settlement not confirmed,COMPLETED,1,RELEASE_LIMIT,RECOVERED,VERIFIED,582.67,582.67,BDT,,mock,REL-F97D3FCB,autonomous-v1,RSA-0006362,03103546c0c02cfa4f9c0ff89183b8ef677ce6a23b5277fd795c1dc86c118c6f,2026-08-18 02:57:48+00:00,2026-08-18 03:15:48+00:00,2026-08-18 03:15:53+00:00
RCV-000711,TXN-0006365,true,single debit confirmation; settlement not confirmed,PENDING,0,MANUAL_REVIEW,AWAITING_REVIEW,NOT_VERIFIED,507.86,,BDT,,,,autonomous-v1,RSA-0006365,7801b4efcf8c75d1af831ecc043663c3dee3a1e50217effb5ddd3e01821906e2,2026-08-25 04:39:03+00:00,,
RCV-000712,TXN-0006382,true,single debit confirmation; settlement not confirmed,BLOCKED,0,NO_ACTION,NOT_EXECUTED,NOT_VERIFIED,2212.11,,BDT,amount above auto-release cap,,,autonomous-v1,RSA-0006382,dd93ebec1594291b40eee87fdba14e46ccea0d279743acf205aad5b2b8e5472a,2026-08-17 19:20:32+00:00,2026-08-17 19:20:32+00:00,
RCV-000713,TXN-0006387,true,single debit confirmation; settlement not confirmed,BLOCKED,0,NO_ACTION,NOT_EXECUTED,NOT_VERIFIED,1867.51,,BDT,amount above auto-release cap,,,autonomous-v1,RSA-0006387,952b3262bdedc2f19c3806c20918211b7005952ffe2c8262d598e737e1167594,2026-07-13 05:06:34+00:00,2026-07-13 05:06:34+00:00,
RCV-000714,TXN-0006389,true,single debit confirmation; settlement not confirmed,BLOCKED,0,NO_ACTION,NOT_EXECUTED,NOT_VERIFIED,1668.62,,BDT,amount above auto-release cap,,,autonomous-v1,RSA-0006389,8d0534a07db43e15ead0268ce7e4a168be110f8e9448341437ce5717fa0b2d44,2026-07-18 16:27:35+00:00,2026-07-18 16:27:35+00:00,
RCV-000715,TXN-0006410,false,provider reference shared with another transaction,COMPLETED,0,MANUAL_REVIEW,RESOLVED_MANUALLY,REVIEWED,9425.09,,BDT,,,,autonomous-v1,RSA-0006410,94b3404701b48b315bd54492ac4b87aa986e18a466222073a29a2e5bc2b1f6f7,2026-02-04 08:01:40+00:00,,
RCV-000716,TXN-0006424,true,single debit confirmation; settlement not confirmed,BLOCKED,0,NO_ACTION,NOT_EXECUTED,NOT_VERIFIED,410.68,,BDT,policy block,,,autonomous-v1,RSA-0006424,c497c02456f6ffdbfcf36975a7fa675282c079ec6d0e11502b8e87da873b8c95,2026-07-04 10:20:30+00:00,2026-07-04 10:20:30+00:00,
RCV-000717,TXN-0006428,true,single debit confirmation; settlement not confirmed,BLOCKED,0,NO_ACTION,NOT_EXECUTED,NOT_VERIFIED,740.79,,BDT,,,,autonomous-v1,RSA-0006428,d98ae87a86f760a034cd88bb4954ab27e423f5e4901f8970735b07cc41970aba,2026-07-27 02:28:59+00:00,,
RCV-000718,TXN-0006452,true,single debit confirmation; settlement not confirmed,COMPLETED,1,RELEASE_LIMIT,RECOVERED,VERIFIED,239.77,239.77,BDT,,mock,REL-E5A8269C,autonomous-v1,RSA-0006452,0f870ba58fd40e8c5ed99031dbe5d22e491765b2c10ca8550ce125a48a335e94,2026-09-17 23:12:34+00:00,2026-09-17 23:27:34+00:00,2026-09-17 23:27:46+00:00
RCV-000719,TXN-0006458,true,single debit confirmation; settlement not confirmed,COMPLETED,1,RELEASE_LIMIT,RECOVERED,VERIFIED,1332.68,1332.68,BDT,,mock,REL-CDF4A4DD,autonomous-v1,RSA-0006458,4d4491ff29f4e3a83c7f1d7c88559781ba890edd979ffae0623652755ffe238b,2026-09-29 15:29:10+00:00,2026-09-29 15:30:10+00:00,2026-09-29 15:30:37+00:00
RCV-000720,TXN-0006475,false,settlement confirmed without merchant confirmation,COMPLETED,0,MANUAL_REVIEW,RESOLVED_MANUALLY,REVIEWED,4493.1,,BDT,,,,autonomous-v1,RSA-0006475,d70a8e511d737cbcb1c390e5b4e18e034c57789daa923d2e426e00e48125c4f1,2026-08-14 03:29:10+00:00,,
RCV-000721,TXN-0006477,false,provider reference shared with another transaction,COMPLETED,0,MANUAL_REVIEW,RESOLVED_MANUALLY,REVIEWED,3468.85,,BDT,,,,autonomous-v1,RSA-0006477,798f153e58506b7764fca2125b00914e6990b523a5073044a9669139b4b43b43,2026-09-12 02:42:37+00:00,,
RCV-000722,TXN-0006490,true,single debit confirmation; settlement not confirmed,COMPLETED,0,MANUAL_REVIEW,RESOLVED_MANUALLY,REVIEWED,1048.73,,BDT,,,,autonomous-v1,RSA-0006490,ad29a83588a47280689ecea7600a6c948ab47a1a4a3ffea71ebd85ca91c7f9b5,2026-08-18 10:02:43+00:00,,
RCV-000723,TXN-0006504,true,single debit confirmation; settlement not confirmed,BLOCKED,0,NO_ACTION,NOT_EXECUTED,NOT_VERIFIED,2829.76,,BDT,amount above auto-release cap,,,autonomous-v1,RSA-0006504,999667660de74799fe2af77f207344fbde54dd21b1de68ed189e829ad6ae80d9,2026-05-27 04:40:00+00:00,2026-05-27 04:40:00+00:00,
RCV-000724,TXN-0006530,true,single debit confirmation; settlement not confirmed,PENDING,0,MANUAL_REVIEW,AWAITING_REVIEW,NOT_VERIFIED,197.75,,BDT,,,,autonomous-v1,RSA-0006530,baad3ad7d17562a5a701660ae180cd95c9debdde671f247c73e12be5e5ddfb0c,2026-09-20 14:23:22+00:00,,
RCV-000725,TXN-0006531,true,single debit confirmation; settlement not confirmed,BLOCKED,0,NO_ACTION,NOT_EXECUTED,NOT_VERIFIED,619.74,,BDT,policy block,,,autonomous-v1,RSA-0006531,7ddc596808cc9b62643b5977966105e0125555ef9207644bbaffe8d52a4ce8b2,2026-09-24 01:23:04+00:00,2026-09-24 01:23:04+00:00,
RCV-000726,TXN-0006545,true,single debit confirmation; settlement not confirmed,COMPLETED,0,MANUAL_REVIEW,RESOLVED_MANUALLY,REVIEWED,731.1,,BDT,,,,autonomous-v1,RSA-0006545,3934ef47ee9b97a5fcb91081fe20d0fa19ba35dd8a544df245540cf3c37fdc97,2026-07-01 21:17:29+00:00,,
RCV-000727,TXN-0006546,true,single debit confirmation; settlement not confirmed,COMPLETED,0,MANUAL_REVIEW,RESOLVED_MANUALLY,REVIEWED,1014.85,,BDT,,,,autonomous-v1,RSA-0006546,c6014e34b6e637e0c6f88cd96e049b639411d2b1bde5f1f72f8b9e71528f76ea,2026-07-02 11:19:26+00:00,,
RCV-000728,TXN-0006548,true,single debit confirmation; settlement not confirmed,BLOCKED,0,NO_ACTION,NOT_EXECUTED,NOT_VERIFIED,805.71,,BDT,,,,autonomous-v1,RSA-0006548,acdbc7a80740b426f66580dd4b436b578dd45e6ddde9e427cfc757b22d304000,2026-07-10 08:24:14+00:00,,
RCV-000729,TXN-0006549,true,single debit confirmation; settlement not confirmed,BLOCKED,0,NO_ACTION,NOT_EXECUTED,NOT_VERIFIED,1383.3,,BDT,,,,autonomous-v1,RSA-0006549,fc38b589c3256c06d23aa4846d9352eb2b7c58f05b806132d33964c686437c4f,2026-07-26 21:31:10+00:00,,
RCV-000730,TXN-0006555,true,single debit confirmation; settlement not confirmed,PENDING,0,MANUAL_REVIEW,AWAITING_REVIEW,NOT_VERIFIED,1291.21,,BDT,,,,autonomous-v1,RSA-0006555,508d3a199498519083b315efcaa941a637cc03f47958c506f1a0f3030b9b7930,2026-08-28 15:54:37+00:00,,
RCV-000731,TXN-0006556,true,single debit confirmation; settlement not confirmed,COMPLETED,0,MANUAL_REVIEW,RESOLVED_MANUALLY,REVIEWED,946.26,,BDT,,,,autonomous-v1,RSA-0006556,dfaf820e06de1d4b09b0b1f0f67c1fb58231114fd40150720675f8d7ffe206a2,2026-09-04 11:34:25+00:00,,
RCV-000732,TXN-0006567,true,single debit confirmation; settlement not confirmed,BLOCKED,0,NO_ACTION,NOT_EXECUTED,NOT_VERIFIED,9772.98,,BDT,amount above auto-release cap,,,autonomous-v1,RSA-0006567,aad377e70e3d9131961ba2335151460ebc1639f56ea9279dec13da61abf8b1fd,2026-08-31 15:23:59+00:00,2026-08-31 15:23:59+00:00,
RCV-000733,TXN-0006589,true,single debit confirmation; settlement not confirmed,BLOCKED,0,NO_ACTION,NOT_EXECUTED,NOT_VERIFIED,292.4,,BDT,policy block,,,autonomous-v1,RSA-0006589,e48c09bd036cab082d9248b69a127a79c61b344372557df18e7c2be6552dc087,2026-01-17 06:11:34+00:00,2026-01-17 06:11:34+00:00,
RCV-000734,TXN-0006590,true,single debit confirmation; settlement not confirmed,BLOCKED,0,NO_ACTION,NOT_EXECUTED,NOT_VERIFIED,3546.58,,BDT,amount above auto-release cap,,,autonomous-v1,RSA-0006590,037d0eacb45934794802538f1493fe5bac8c5cade96921ed9df10a7e0932cd71,2026-02-18 04:19:44+00:00,2026-02-18 04:19:44+00:00,
RCV-000735,TXN-0006591,true,single debit confirmation; settlement not confirmed,COMPLETED,0,MANUAL_REVIEW,RESOLVED_MANUALLY,REVIEWED,1041.46,,BDT,,,,autonomous-v1,RSA-0006591,e7c4ec65ebb0365d9bbc8466e6fba532f2361aceba23caf76ca835ac89635cd6,2026-04-10 08:31:11+00:00,,
RCV-000736,TXN-0006605,false,evidence contradicts reported failure,PENDING,0,MANUAL_REVIEW,AWAITING_REVIEW,NOT_VERIFIED,479.16,,BDT,,,,autonomous-v1,RSA-0006605,39ebb00c2f7551581cac6580756b669451086dabc91ac4c8dc2b05d71a6adfb8,2026-06-20 15:33:56+00:00,,
RCV-000737,TXN-0006609,true,single debit confirmation; settlement not confirmed,BLOCKED,0,NO_ACTION,NOT_EXECUTED,NOT_VERIFIED,6725.19,,BDT,amount above auto-release cap,,,autonomous-v1,RSA-0006609,8da2cda85216b2a2835118621c4795aab7e4828535f739058e76d3be450f0dd4,2026-08-31 16:17:09+00:00,2026-08-31 16:17:09+00:00,
RCV-000738,TXN-0006613,true,single debit confirmation; settlement not confirmed,PENDING,0,MANUAL_REVIEW,AWAITING_REVIEW,NOT_VERIFIED,725.33,,BDT,,,,autonomous-v1,RSA-0006613,26d11c68c7f56c963f59c35cec42abb1463621f8b20ea27e7aac4a72e293a2ef,2026-06-26 18:33:16+00:00,,
RCV-000739,TXN-0006617,true,single debit confirmation; settlement not confirmed,BLOCKED,0,NO_ACTION,NOT_EXECUTED,NOT_VERIFIED,260677.6,,BDT,amount above auto-release cap,,,autonomous-v1,RSA-0006617,0da0bf9f07fb7a63d03f1fcc4d88f5b3ff3abfbc8551fa805d3566205031faab,2026-09-02 18:33:23+00:00,2026-09-02 18:33:23+00:00,
RCV-000740,TXN-0006626,false,multiple customer debit confirmations,BLOCKED,0,NO_ACTION,NOT_EXECUTED,NOT_VERIFIED,4553.23,,BDT,DOUBLE_DEDUCTION,,,autonomous-v1,RSA-0006626,88a8cac037bfca55a9fe73ac7b32104d590101b7debba9aa2d8c8aea3c193a46,2026-02-27 08:41:55+00:00,2026-02-27 08:41:55+00:00,
RCV-000741,TXN-0006629,false,insufficient payment evidence,BLOCKED,0,NO_ACTION,NOT_EXECUTED,NOT_VERIFIED,436.65,,BDT,INSUFFICIENT_EVIDENCE,,,autonomous-v1,RSA-0006629,f6dbc9158d050b4ebcba02e5efeaca3344de2c88c03e3556edaf21fc759b3d21,2026-05-14 10:27:58+00:00,2026-05-14 10:27:58+00:00,
RCV-000742,TXN-0006636,true,single debit confirmation; settlement not confirmed,BLOCKED,0,NO_ACTION,NOT_EXECUTED,NOT_VERIFIED,1000988.72,,BDT,amount above auto-release cap,,,autonomous-v1,RSA-0006636,b5065413b1be2beb7842af1af3f6522b36e9d51683ef6928768eefac289b1f3d,2026-03-02 13:45:33+00:00,2026-03-02 13:45:33+00:00,
RCV-000743,TXN-0006647,true,single debit confirmation; settlement not confirmed,BLOCKED,0,NO_ACTION,NOT_EXECUTED,NOT_VERIFIED,3017.02,,BDT,amount above auto-release cap,,,autonomous-v1,RSA-0006647,f80893093205b1eb5711d8c5a0ab6d9efbeb7cb077ced22e1ccc52d5bbf89e9f,2026-04-27 01:24:06+00:00,2026-04-27 01:24:06+00:00,
RCV-000744,TXN-0006662,true,single debit confirmation; settlement not confirmed,BLOCKED,0,NO_ACTION,NOT_EXECUTED,NOT_VERIFIED,17084.4,,BDT,amount above auto-release cap,,,autonomous-v1,RSA-0006662,94927f4a7581767e8c9e72de556dcb72299c2640dd915bdf064db23c2eb3a3fa,2026-07-18 02:52:37+00:00,2026-07-18 02:52:37+00:00,
RCV-000745,TXN-0006675,true,single debit confirmation; settlement not confirmed,BLOCKED,0,NO_ACTION,NOT_EXECUTED,NOT_VERIFIED,34636.55,,BDT,amount above auto-release cap,,,autonomous-v1,RSA-0006675,0e77715661002ae194e87e02b258f1392ddcee7d96b478119186d5bf308ad0c5,2026-09-25 02:48:21+00:00,2026-09-25 02:48:21+00:00,
RCV-000746,TXN-0006682,false,insufficient payment evidence,BLOCKED,0,NO_ACTION,NOT_EXECUTED,NOT_VERIFIED,459.03,,BDT,INSUFFICIENT_EVIDENCE,,,autonomous-v1,RSA-0006682,f76eb11ab5bd1cc8a0acd171aed30f747c9ba3466b5569a1bd6d7290a99071ea,2026-04-13 13:20:20+00:00,2026-04-13 13:20:20+00:00,
RCV-000747,TXN-0006687,false,insufficient payment evidence,BLOCKED,0,NO_ACTION,NOT_EXECUTED,NOT_VERIFIED,936.77,,BDT,INSUFFICIENT_EVIDENCE,,,autonomous-v1,RSA-0006687,37581f556525673c15621b9c4a38558a8d5bfceaf61fb9f35bee32818a17126e,2026-07-05 13:52:03+00:00,2026-07-05 13:52:03+00:00,
RCV-000748,TXN-0006698,false,settlement confirmed without merchant confirmation,PENDING,0,MANUAL_REVIEW,AWAITING_REVIEW,NOT_VERIFIED,1189.44,,BDT,,,,autonomous-v1,RSA-0006698,aba2c9178053246c6cb8ace9fe31be3d46e7e4e2d41073c1a6ab02b20b40e9cd,2026-07-21 07:31:16+00:00,,
RCV-000749,TXN-0006701,true,single debit confirmation; settlement not confirmed,BLOCKED,0,NO_ACTION,NOT_EXECUTED,NOT_VERIFIED,15495.72,,BDT,amount above auto-release cap,,,autonomous-v1,RSA-0006701,ff4e1224ba2879a821c0ed4d49bc85875b41330b7bba5095c59c3b926b6eaf1d,2026-08-09 00:43:55+00:00,2026-08-09 00:43:55+00:00,
RCV-000750,TXN-0006711,false,insufficient payment evidence,BLOCKED,0,NO_ACTION,NOT_EXECUTED,NOT_VERIFIED,23564.1,,BDT,INSUFFICIENT_EVIDENCE,,,autonomous-v1,RSA-0006711,688e5af11b70d88d80201db610540704635da660ee961b194a2501535670ad94,2026-08-10 02:12:11+00:00,2026-08-10 02:12:11+00:00,
RCV-000751,TXN-0006728,true,single debit confirmation; settlement not confirmed,BLOCKED,0,NO_ACTION,NOT_EXECUTED,NOT_VERIFIED,3260.76,,BDT,amount above auto-release cap,,,autonomous-v1,RSA-0006728,a2e3ecec5b85bb3d8574ece32fa6f04d3e00fa027a3cb0b786880e734f5f3644,2026-02-07 06:20:06+00:00,2026-02-07 06:20:06+00:00,
RCV-000752,TXN-0006743,true,single debit confirmation; settlement not confirmed,BLOCKED,0,NO_ACTION,NOT_EXECUTED,NOT_VERIFIED,8167.44,,BDT,amount above auto-release cap,,,autonomous-v1,RSA-0006743,0ea5ceddd3a44b08ed865b7d46f55c49cd11a9b0a6c0d5548ae41ef0d16aaa9a,2026-05-14 15:50:46+00:00,2026-05-14 15:50:46+00:00,
RCV-000753,TXN-0006752,false,insufficient payment evidence,BLOCKED,0,NO_ACTION,NOT_EXECUTED,NOT_VERIFIED,70218.85,,BDT,INSUFFICIENT_EVIDENCE,,,autonomous-v1,RSA-0006752,5ea84f95dc953fb3d571bde0d1d8260cc450f48cdf235ebb4ebc9aeba69fb0fb,2026-06-29 00:37:55+00:00,2026-06-29 00:37:55+00:00,
RCV-000754,TXN-0006757,true,single debit confirmation; settlement not confirmed,BLOCKED,0,NO_ACTION,NOT_EXECUTED,NOT_VERIFIED,3327.83,,BDT,policy block,,,autonomous-v1,RSA-0006757,e18515ddaf0eb1efa668bd28a4dac0a46233ed39f9cd56554bd1e5e94c53112c,2026-08-06 09:32:17+00:00,2026-08-06 09:32:17+00:00,
RCV-000755,TXN-0006774,true,single debit confirmation; settlement not confirmed,PENDING,0,MANUAL_REVIEW,AWAITING_REVIEW,NOT_VERIFIED,281.82,,BDT,,,,autonomous-v1,RSA-0006774,d0d502e09d39117b32d9531ad3564f081fa7ea758a7a8032e069026d09fd1ead,2026-01-19 19:01:51+00:00,,
RCV-000756,TXN-0006790,true,single debit confirmation; settlement not confirmed,PENDING,0,MANUAL_REVIEW,AWAITING_REVIEW,NOT_VERIFIED,900.14,,BDT,,,,autonomous-v1,RSA-0006790,9909429dd45b9804943c1aba456b6afc2935012504f5d80239b5394d425a5ad4,2025-12-23 07:26:51+00:00,,
RCV-000757,TXN-0006791,false,settlement confirmed without merchant confirmation,COMPLETED,0,MANUAL_REVIEW,RESOLVED_MANUALLY,REVIEWED,920.33,,BDT,,,,autonomous-v1,RSA-0006791,713017c25ac87a4cb60f3edb5c57efb6553f8b51ca7e52b76f5e6290f1deeb65,2026-02-17 16:24:54+00:00,,
RCV-000758,TXN-0006798,false,multiple customer debit confirmations,BLOCKED,0,NO_ACTION,NOT_EXECUTED,NOT_VERIFIED,5239.92,,BDT,DOUBLE_DEDUCTION,,,autonomous-v1,RSA-0006798,feeabdb6908647c0d3b46edf1f2bfeeb876e7bfaac4f98f048fd0af65b74cf84,2026-06-28 11:29:31+00:00,2026-06-28 11:29:31+00:00,
RCV-000759,TXN-0006804,true,single debit confirmation; settlement not confirmed,BLOCKED,0,NO_ACTION,NOT_EXECUTED,NOT_VERIFIED,8482.82,,BDT,amount above auto-release cap,,,autonomous-v1,RSA-0006804,7e966e6b82aad97657ef8b4ca1af4553874f7b7ce7c268d80b2275d2b54e96fb,2026-06-12 20:58:57+00:00,2026-06-12 20:58:57+00:00,
RCV-000760,TXN-0006808,true,single debit confirmation; settlement not confirmed,BLOCKED,0,NO_ACTION,NOT_EXECUTED,NOT_VERIFIED,860.47,,BDT,policy block,,,autonomous-v1,RSA-0006808,9ce6795c8aba7088fbd76924b246b14b26db5af1acdaf30f15ed6700e52562aa,2026-08-26 11:24:01+00:00,2026-08-26 11:24:01+00:00,
RCV-000761,TXN-0006813,false,multiple customer debit confirmations,BLOCKED,0,NO_ACTION,NOT_EXECUTED,NOT_VERIFIED,89447.53,,BDT,DOUBLE_DEDUCTION,,,autonomous-v1,RSA-0006813,17560dc4e427e46d0c794692f1a672046b3829f21ae04b0a4f834399f0dcf342,2026-04-02 09:11:23+00:00,2026-04-02 09:11:23+00:00,
RCV-000762,TXN-0006828,false,unusual pattern; manual review,BLOCKED,0,NO_ACTION,NOT_EXECUTED,NOT_VERIFIED,4759.01,,BDT,unusual retry/attempt pattern without a determinable payment outcome,,,autonomous-v1,RSA-0006828,3a393173b351f9e8b01105b1640b1611f7cc721f299c58f160fe9cf575d57e14,2026-05-25 12:36:53+00:00,2026-05-25 12:36:53+00:00,
RCV-000763,TXN-0006835,false,insufficient payment evidence,BLOCKED,0,NO_ACTION,NOT_EXECUTED,NOT_VERIFIED,15568.12,,BDT,INSUFFICIENT_EVIDENCE,,,autonomous-v1,RSA-0006835,d564db8717b6c706571a60f3416fa55a87f4742f6407864e92138c38c430da0d,2026-07-04 20:45:04+00:00,2026-07-04 20:45:04+00:00,
RCV-000764,TXN-0006836,true,single debit confirmation; settlement not confirmed,BLOCKED,0,NO_ACTION,NOT_EXECUTED,NOT_VERIFIED,10227.33,,BDT,policy block,,,autonomous-v1,RSA-0006836,c60a5ee3a951d11a943f50920eb2a36a39ebc0e39f4b0e511976d8a7b129a1f6,2026-07-06 03:47:57+00:00,2026-07-06 03:47:57+00:00,
RCV-000765,TXN-0006842,true,single debit confirmation; settlement not confirmed,BLOCKED,0,NO_ACTION,NOT_EXECUTED,NOT_VERIFIED,11109.32,,BDT,policy block,,,autonomous-v1,RSA-0006842,4ffdeb851f1fba254817ff1e8d3509adb11100973621cac53eb56c8498fb12d7,2026-08-01 01:03:36+00:00,2026-08-01 01:03:36+00:00,
RCV-000766,TXN-0006874,true,single debit confirmation; settlement not confirmed,BLOCKED,0,NO_ACTION,NOT_EXECUTED,NOT_VERIFIED,2932.47,,BDT,amount above auto-release cap,,,autonomous-v1,RSA-0006874,a475d13204883d2f9df5c035f7b7f6468dae41244975b7633b534e2f1f3650da,2026-08-22 07:24:59+00:00,2026-08-22 07:24:59+00:00,
RCV-000767,TXN-0006876,false,insufficient payment evidence,BLOCKED,0,NO_ACTION,NOT_EXECUTED,NOT_VERIFIED,1326.36,,BDT,INSUFFICIENT_EVIDENCE,,,autonomous-v1,RSA-0006876,39501ca377ac5545fac3e5b4ddaa00fd6baf674b53a7f02f33dab830952e64e5,2026-08-24 03:23:26+00:00,2026-08-24 03:23:26+00:00,
RCV-000768,TXN-0006887,true,single debit confirmation; settlement not confirmed,COMPLETED,0,MANUAL_REVIEW,RESOLVED_MANUALLY,REVIEWED,322.01,,BDT,,,,autonomous-v1,RSA-0006887,4bbdcf9ef9a2aeda2b645ee690d560af30529bb4c1970b36eba06c34fb729763,2025-12-29 20:01:33+00:00,,
RCV-000769,TXN-0006896,true,single debit confirmation; settlement not confirmed,COMPLETED,1,RELEASE_LIMIT,RECOVERED,VERIFIED,717.66,717.66,BDT,,mock,REL-7DB3F0C8,autonomous-v1,RSA-0006896,2972cf6d12908deeb3631586aa24dcda9abb824c2221bfba767034c0db182f08,2026-06-30 11:51:57+00:00,2026-06-30 12:08:57+00:00,2026-06-30 12:09:07+00:00
RCV-000770,TXN-0006914,false,insufficient payment evidence,BLOCKED,0,NO_ACTION,NOT_EXECUTED,NOT_VERIFIED,3140.12,,BDT,INSUFFICIENT_EVIDENCE,,,autonomous-v1,RSA-0006914,a94a471ba857d0da6b760e11b663d0b97816cdfca5ca85d3d71d11e231375853,2026-09-27 15:30:09+00:00,2026-09-27 15:30:09+00:00,
RCV-000771,TXN-0006929,true,single debit confirmation; settlement not confirmed,COMPLETED,1,RELEASE_LIMIT,RECOVERED,VERIFIED,469.62,469.62,BDT,,mock,REL-88AEEA49,autonomous-v1,RSA-0006929,1f5dab5922a8e6fa28f8901d9931839369919d74ca2a7f5781c70f21392d43f4,2026-06-15 14:38:45+00:00,2026-06-15 14:52:45+00:00,2026-06-15 14:53:10+00:00
RCV-000772,TXN-0006939,true,single debit confirmation; settlement not confirmed,BLOCKED,0,NO_ACTION,NOT_EXECUTED,NOT_VERIFIED,748.35,,BDT,policy block,,,autonomous-v1,RSA-0006939,6848e64c6378c3e05d299352f1fb5d662003d6fd9e37f79224b25f57abc3172a,2026-08-24 02:44:28+00:00,2026-08-24 02:44:28+00:00,
RCV-000773,TXN-0006963,true,single debit confirmation; settlement not confirmed,BLOCKED,0,NO_ACTION,NOT_EXECUTED,NOT_VERIFIED,372.11,,BDT,policy block,,,autonomous-v1,RSA-0006963,ba4041119d44163e820b08fda85867cc4e1bec947c992aa6ac2bdee8bbb66fda,2026-05-06 02:32:17+00:00,2026-05-06 02:32:17+00:00,
RCV-000774,TXN-0006976,false,insufficient payment evidence,BLOCKED,0,NO_ACTION,NOT_EXECUTED,NOT_VERIFIED,992.31,,BDT,INSUFFICIENT_EVIDENCE,,,autonomous-v1,RSA-0006976,a3e46d593797257ba32c923368b198cd76b48682019c7c0bc8668e3951ba2135,2026-04-18 12:10:54+00:00,2026-04-18 12:10:54+00:00,
RCV-000775,TXN-0006982,true,single debit confirmation; settlement not confirmed,COMPLETED,0,MANUAL_REVIEW,RESOLVED_MANUALLY,REVIEWED,686.56,,BDT,,,,autonomous-v1,RSA-0006982,05e889bda1a0be8b25d44374c3de7370f48b33cdf0cff265930bec37dbef0f01,2026-06-12 15:29:11+00:00,,
RCV-000776,TXN-0006999,true,single debit confirmation; settlement not confirmed,BLOCKED,0,NO_ACTION,NOT_EXECUTED,NOT_VERIFIED,6640.97,,BDT,amount above auto-release cap,,,autonomous-v1,RSA-0006999,0a7d64f51e44bb09ba09b1b1988211dcbb3ecebbb06427dfc30ab8165371b000,2026-03-17 10:39:12+00:00,2026-03-17 10:39:12+00:00,
RCV-000777,TXN-0007009,true,single debit confirmation; settlement not confirmed,BLOCKED,0,NO_ACTION,NOT_EXECUTED,NOT_VERIFIED,2743.55,,BDT,amount above auto-release cap,,,autonomous-v1,RSA-0007009,3aaa87ffb03c7e3b903a753ada6be10dc47adb28984985750e83ec131153c1ee,2026-08-06 16:08:48+00:00,2026-08-06 16:08:48+00:00,
RCV-000778,TXN-0007014,true,single debit confirmation; settlement not confirmed,BLOCKED,0,NO_ACTION,NOT_EXECUTED,NOT_VERIFIED,1368.02,,BDT,previous failures above cap,,,autonomous-v1,RSA-0007014,3492307e3e1486aecace010cea833948b07eed19142a5b6fa6bdbfb2d3524b96,2026-08-02 03:23:30+00:00,2026-08-02 03:23:30+00:00,
RCV-000779,TXN-0007021,false,settlement confirmed without merchant confirmation,BLOCKED,0,NO_ACTION,NOT_EXECUTED,NOT_VERIFIED,20562.87,,BDT,,,,autonomous-v1,RSA-0007021,fd5ce926c44a40018dcfd3b63e77b578e1d0fc06e2bce6a3bd1b8c5b04a96372,2026-09-04 11:46:57+00:00,,
RCV-000780,TXN-0007024,true,single debit confirmation; settlement not confirmed,BLOCKED,0,NO_ACTION,NOT_EXECUTED,NOT_VERIFIED,6513.32,,BDT,policy block,,,autonomous-v1,RSA-0007024,8a69f6cf8b69266fd466a9eb5df41736f597d52c4b98ab8eaa2367bf52247051,2026-07-18 08:24:06+00:00,2026-07-18 08:24:06+00:00,
RCV-000781,TXN-0007031,true,single debit confirmation; settlement not confirmed,BLOCKED,0,NO_ACTION,NOT_EXECUTED,NOT_VERIFIED,1639.31,,BDT,amount above auto-release cap,,,autonomous-v1,RSA-0007031,d090658bc47dbf6beaddbe134fa6fe60f0981ee0809dfbef83c84f6b69d03cae,2026-04-08 02:52:12+00:00,2026-04-08 02:52:12+00:00,
RCV-000782,TXN-0007052,true,single debit confirmation; settlement not confirmed,BLOCKED,0,NO_ACTION,NOT_EXECUTED,NOT_VERIFIED,6975.76,,BDT,amount above auto-release cap,,,autonomous-v1,RSA-0007052,ce8e263854eb5990c62194eddf2dd1f72ee1f880bcc3bd8ba1e135bcb564fef8,2026-03-16 10:05:49+00:00,2026-03-16 10:05:49+00:00,
RCV-000783,TXN-0007056,false,insufficient payment evidence,BLOCKED,0,NO_ACTION,NOT_EXECUTED,NOT_VERIFIED,1519.7,,BDT,INSUFFICIENT_EVIDENCE,,,autonomous-v1,RSA-0007056,5b00edf3ea57b848c43bbed6ff8563f1f3416227cf8141f4e88884848862cdf5,2026-04-21 07:18:38+00:00,2026-04-21 07:18:38+00:00,
RCV-000784,TXN-0007070,true,single debit confirmation; settlement not confirmed,BLOCKED,0,NO_ACTION,NOT_EXECUTED,NOT_VERIFIED,61637.88,,BDT,amount above auto-release cap,,,autonomous-v1,RSA-0007070,a976c4d9c782b53913c8373c88acd3d92a19bd646625c18ba298a8efa8a55244,2026-09-02 08:40:28+00:00,2026-09-02 08:40:28+00:00,
RCV-000785,TXN-0007074,true,single debit confirmation; settlement not confirmed,BLOCKED,0,NO_ACTION,NOT_EXECUTED,NOT_VERIFIED,25020.51,,BDT,amount above auto-release cap,,,autonomous-v1,RSA-0007074,f3c297e80cd04e2d2e2dd629b00f0de22b80de7366e930bc5232fb497136a922,2026-03-06 13:59:57+00:00,2026-03-06 13:59:57+00:00,
RCV-000786,TXN-0007076,true,single debit confirmation; settlement not confirmed,BLOCKED,0,NO_ACTION,NOT_EXECUTED,NOT_VERIFIED,4538.51,,BDT,policy block,,,autonomous-v1,RSA-0007076,b4173ff73005e3a081f80da5c9cff164e599d4bda94f2a508be73c53ec9b03ac,2026-05-02 03:47:41+00:00,2026-05-02 03:47:41+00:00,
RCV-000787,TXN-0007085,true,single debit confirmation; settlement not confirmed,BLOCKED,0,NO_ACTION,NOT_EXECUTED,NOT_VERIFIED,1944.05,,BDT,policy block,,,autonomous-v1,RSA-0007085,d54587468af15a02fc750bb858ffcbb40831da2f00019cad2565d6988ace9779,2026-07-14 21:51:15+00:00,2026-07-14 21:51:15+00:00,
RCV-000788,TXN-0007094,true,single debit confirmation; settlement not confirmed,BLOCKED,0,NO_ACTION,NOT_EXECUTED,NOT_VERIFIED,98196.43,,BDT,amount above auto-release cap,,,autonomous-v1,RSA-0007094,c6b593933258979aa230b7e22440aab87266035083ed5f2a280ec1cd5a9d26f3,2026-09-04 09:06:51+00:00,2026-09-04 09:06:51+00:00,
RCV-000789,TXN-0007104,false,settlement confirmed without merchant confirmation,BLOCKED,0,NO_ACTION,NOT_EXECUTED,NOT_VERIFIED,3556.4,,BDT,,,,autonomous-v1,RSA-0007104,9df54c08bfb3cd36b09aed2e1d01465c47e2625ae1da7af82707af86b16c762f,2026-07-24 01:06:42+00:00,,
RCV-000790,TXN-0007113,true,single debit confirmation; settlement not confirmed,BLOCKED,0,NO_ACTION,NOT_EXECUTED,NOT_VERIFIED,6996.09,,BDT,amount above auto-release cap,,,autonomous-v1,RSA-0007113,26f19f69a1eb7456935b48589217e220053f0eb934e018a55590fe14992d9964,2026-05-30 21:30:12+00:00,2026-05-30 21:30:12+00:00,
RCV-000791,TXN-0007117,false,insufficient payment evidence,BLOCKED,0,NO_ACTION,NOT_EXECUTED,NOT_VERIFIED,477.6,,BDT,INSUFFICIENT_EVIDENCE,,,autonomous-v1,RSA-0007117,b5facbd16af7c66917e11ba0eb8e054be39446ea87e8ddcae3e5b4f55612cc8e,2026-06-21 13:34:36+00:00,2026-06-21 13:34:36+00:00,
RCV-000792,TXN-0007145,false,settlement confirmed without merchant confirmation,COMPLETED,0,MANUAL_REVIEW,RESOLVED_MANUALLY,REVIEWED,4498.56,,BDT,,,,autonomous-v1,RSA-0007145,1ef04ba90e88989eadc77e91e7fd12c563d819e6e341cb742d56628f1c995c8f,2026-07-19 00:58:09+00:00,,
RCV-000793,TXN-0007160,true,single debit confirmation; settlement not confirmed,BLOCKED,0,NO_ACTION,NOT_EXECUTED,NOT_VERIFIED,103827.67,,BDT,amount above auto-release cap,,,autonomous-v1,RSA-0007160,087a3470802e9238c2696189b74e02c16dbfd46fdcc3c70b577604a4d40c465d,2026-05-02 13:43:17+00:00,2026-05-02 13:43:17+00:00,
RCV-000794,TXN-0007192,true,single debit confirmation; settlement not confirmed,BLOCKED,0,NO_ACTION,NOT_EXECUTED,NOT_VERIFIED,2583.33,,BDT,policy block,,,autonomous-v1,RSA-0007192,070d24b5798aa49db5baf3f1c472364dfd4ef7e07fa724d7f20c75543c5b3f8b,2026-06-28 12:15:35+00:00,2026-06-28 12:15:35+00:00,
RCV-000795,TXN-0007197,true,single debit confirmation; settlement not confirmed,BLOCKED,0,NO_ACTION,NOT_EXECUTED,NOT_VERIFIED,331.82,,BDT,policy block,,,autonomous-v1,RSA-0007197,d2cdc13bb846af86669af0941d8b8efff63a74696e3818cb87c25c1051d9c147,2026-08-31 04:38:22+00:00,2026-08-31 04:38:22+00:00,
RCV-000796,TXN-0007201,true,single debit confirmation; settlement not confirmed,BLOCKED,0,NO_ACTION,NOT_EXECUTED,NOT_VERIFIED,1328.79,,BDT,,,,autonomous-v1,RSA-0007201,e29a212e14480ed07ea8d77512ba8e990f016943ce41b5990e824655f55d5dad,2026-09-19 18:29:47+00:00,,
RCV-000797,TXN-0007210,true,single debit confirmation; settlement not confirmed,COMPLETED,0,MANUAL_REVIEW,RESOLVED_MANUALLY,REVIEWED,979.27,,BDT,,,,autonomous-v1,RSA-0007210,46e8d187caaa484b3f1bfd59d26b9ce76b9e4432144ec616228c6b256adb7ee5,2026-05-24 12:51:15+00:00,,
RCV-000798,TXN-0007247,false,insufficient payment evidence,BLOCKED,0,NO_ACTION,NOT_EXECUTED,NOT_VERIFIED,6184.24,,BDT,INSUFFICIENT_EVIDENCE,,,autonomous-v1,RSA-0007247,45247d54643cbee2917205f6a91166210b505e44e374012ae055cc863287f2f1,2026-01-28 09:50:49+00:00,2026-01-28 09:50:49+00:00,
RCV-000799,TXN-0007262,false,insufficient payment evidence,BLOCKED,0,NO_ACTION,NOT_EXECUTED,NOT_VERIFIED,21624.17,,BDT,INSUFFICIENT_EVIDENCE,,,autonomous-v1,RSA-0007262,eba03cb4de2aee0b30c4d7c7de40dce5d658a595e0040858e184aa24d830aff9,2026-05-08 00:12:30+00:00,2026-05-08 00:12:30+00:00,
RCV-000800,TXN-0007267,true,single debit confirmation; settlement not confirmed,BLOCKED,0,NO_ACTION,NOT_EXECUTED,NOT_VERIFIED,11980.39,,BDT,policy block,,,autonomous-v1,RSA-0007267,e203e81c910699d58d8a31640692ca45723c53085e34a90820bdbfbe06c94568,2026-06-07 14:18:44+00:00,2026-06-07 14:18:44+00:00,
RCV-000801,TXN-0007284,true,single debit confirmation; settlement not confirmed,BLOCKED,0,NO_ACTION,NOT_EXECUTED,NOT_VERIFIED,7676.27,,BDT,amount above auto-release cap,,,autonomous-v1,RSA-0007284,a6651399d26cbcff96be70dca9b922127eb9864614b82f1093aebd1b18f3f1f8,2026-08-30 21:24:06+00:00,2026-08-30 21:24:06+00:00,
RCV-000802,TXN-0007298,true,single debit confirmation; settlement not confirmed,COMPLETED,0,MANUAL_REVIEW,RESOLVED_MANUALLY,REVIEWED,690.68,,BDT,,,,autonomous-v1,RSA-0007298,11111d4afe9d776d605ba3fc22833f52c05a573b112f6be1de073b2fe1dd0eef,2026-08-26 12:37:12+00:00,,
RCV-000803,TXN-0007364,true,single debit confirmation; settlement not confirmed,BLOCKED,0,NO_ACTION,NOT_EXECUTED,NOT_VERIFIED,1646.58,,BDT,amount above auto-release cap,,,autonomous-v1,RSA-0007364,4be46078fc62fe912b8b9570be29df2f709bfe7d98876bee3b4c0153604a409c,2026-04-11 05:43:50+00:00,2026-04-11 05:43:50+00:00,
RCV-000804,TXN-0007373,true,single debit confirmation; settlement not confirmed,BLOCKED,0,NO_ACTION,NOT_EXECUTED,NOT_VERIFIED,4760.76,,BDT,amount above auto-release cap,,,autonomous-v1,RSA-0007373,81b2f6b5b89ad126ca1a14cd64a0014df1b0be29d11b55c21df56d1e237b9305,2026-05-25 02:54:44+00:00,2026-05-25 02:54:44+00:00,
RCV-000805,TXN-0007377,false,insufficient payment evidence,BLOCKED,0,NO_ACTION,NOT_EXECUTED,NOT_VERIFIED,10626.18,,BDT,INSUFFICIENT_EVIDENCE,,,autonomous-v1,RSA-0007377,d97bffcf582e5bf90cc91f90d52a85b801cad654220d72864dbf87d26f7966d8,2026-06-07 01:47:16+00:00,2026-06-07 01:47:16+00:00,
RCV-000806,TXN-0007381,false,provider reference shared with another transaction,COMPLETED,0,MANUAL_REVIEW,RESOLVED_MANUALLY,REVIEWED,6061.42,,BDT,,,,autonomous-v1,RSA-0007381,ed8b8d3ef68efc7a0ba615622da6ab4e74438b1c1d031ac20b8ff41c41e4742f,2026-06-20 05:42:39+00:00,,
RCV-000807,TXN-0007388,true,single debit confirmation; settlement not confirmed,BLOCKED,0,NO_ACTION,NOT_EXECUTED,NOT_VERIFIED,399.56,,BDT,,,,autonomous-v1,RSA-0007388,20199238afdc5c7c79f8c9828dedcfcdc6a0014c037cc5963849961a3ef21bf1,2026-07-29 02:49:52+00:00,,
RCV-000808,TXN-0007393,false,multiple customer debit confirmations,BLOCKED,0,NO_ACTION,NOT_EXECUTED,NOT_VERIFIED,1068.66,,BDT,DOUBLE_DEDUCTION,,,autonomous-v1,RSA-0007393,cc66d03cdd7c2549a74d234a9abba4f97b1a06cf3b5215594ba47f7bec2b7c15,2026-08-08 03:49:34+00:00,2026-08-08 03:49:34+00:00,
RCV-000809,TXN-0007445,true,single debit confirmation; settlement not confirmed,BLOCKED,0,NO_ACTION,NOT_EXECUTED,NOT_VERIFIED,5681.66,,BDT,policy block,,,autonomous-v1,RSA-0007445,0be04a2f9c15b83aff633cd42740fe6d9febae68f4e8e38e9fd0b148415c6978,2026-06-12 06:00:48+00:00,2026-06-12 06:00:48+00:00,
RCV-000810,TXN-0007447,true,single debit confirmation; settlement not confirmed,BLOCKED,0,NO_ACTION,NOT_EXECUTED,NOT_VERIFIED,2414.16,,BDT,amount above auto-release cap,,,autonomous-v1,RSA-0007447,c12b9e10f66e97c16de26404fd13330ef686b1f2d97af82f965f4ccc8d36a8ee,2026-06-20 05:26:40+00:00,2026-06-20 05:26:40+00:00,
RCV-000811,TXN-0007451,true,single debit confirmation; settlement not confirmed,BLOCKED,0,NO_ACTION,NOT_EXECUTED,NOT_VERIFIED,10704.1,,BDT,amount above auto-release cap,,,autonomous-v1,RSA-0007451,d416b21fb96a89489df9b05cffe555e6bd548c0a58fbfefa78e3e795165760f5,2026-07-16 05:02:43+00:00,2026-07-16 05:02:43+00:00,
RCV-000812,TXN-0007458,true,single debit confirmation; settlement not confirmed,BLOCKED,0,NO_ACTION,NOT_EXECUTED,NOT_VERIFIED,12588.46,,BDT,amount above auto-release cap,,,autonomous-v1,RSA-0007458,259a7085025e0ad901c406851f9573dcb22c0ccdc0e49a46fdeb8d42a96f8876,2026-08-06 05:52:10+00:00,2026-08-06 05:52:10+00:00,
RCV-000813,TXN-0007459,true,single debit confirmation; settlement not confirmed,BLOCKED,0,NO_ACTION,NOT_EXECUTED,NOT_VERIFIED,6791.53,,BDT,policy block,,,autonomous-v1,RSA-0007459,8c745504554e7b71e1d5e2e4a1cd6bce2edee492336ed7c1ce8ff9ced3ad8b5c,2026-08-16 02:40:09+00:00,2026-08-16 02:40:09+00:00,
RCV-000814,TXN-0007472,true,single debit confirmation; settlement not confirmed,BLOCKED,0,NO_ACTION,NOT_EXECUTED,NOT_VERIFIED,2398.48,,BDT,amount above auto-release cap,,,autonomous-v1,RSA-0007472,eb515267c1263fc0430a8a2cbb09b41a592ec01c92f7db57f9914844639fadaf,2026-02-23 02:05:19+00:00,2026-02-23 02:05:19+00:00,
RCV-000815,TXN-0007491,false,insufficient payment evidence,BLOCKED,0,NO_ACTION,NOT_EXECUTED,NOT_VERIFIED,385.71,,BDT,INSUFFICIENT_EVIDENCE,,,autonomous-v1,RSA-0007491,3f6e9db42c5b594707818c2ea6d8eab11be2193f3f65e438eb026c535108e373,2026-03-10 23:16:57+00:00,2026-03-10 23:16:57+00:00,
RCV-000816,TXN-0007525,true,single debit confirmation; settlement not confirmed,BLOCKED,0,NO_ACTION,NOT_EXECUTED,NOT_VERIFIED,1489.03,,BDT,policy block,,,autonomous-v1,RSA-0007525,f61de50251ab14bb6920f48bea3cb650832d75841e74b7a4703a02acf805f4d1,2026-02-07 10:57:00+00:00,2026-02-07 10:57:00+00:00,
RCV-000817,TXN-0007526,true,single debit confirmation; settlement not confirmed,COMPLETED,0,MANUAL_REVIEW,RESOLVED_MANUALLY,REVIEWED,1241.29,,BDT,,,,autonomous-v1,RSA-0007526,d5039f68faa6a3b6b3f8359d0632dc5f55c1a68004ad58058a3b42ebead8656b,2026-02-08 20:23:07+00:00,,
RCV-000818,TXN-0007535,true,single debit confirmation; settlement not confirmed,BLOCKED,0,NO_ACTION,NOT_EXECUTED,NOT_VERIFIED,1442.9,,BDT,,,,autonomous-v1,RSA-0007535,e8128e543ad86deac7e539e46efc8281fa8e1daceec9005e342f9892fb98ae0b,2026-07-17 11:48:33+00:00,,
RCV-000819,TXN-0007559,true,single debit confirmation; settlement not confirmed,BLOCKED,0,NO_ACTION,NOT_EXECUTED,NOT_VERIFIED,17883.94,,BDT,amount above auto-release cap,,,autonomous-v1,RSA-0007559,130e9631e2841cadda5b00639fbd022c7d46d17b2d546ccd724f1e4004887bc5,2026-07-09 05:05:17+00:00,2026-07-09 05:05:17+00:00,
RCV-000820,TXN-0007580,true,single debit confirmation; settlement not confirmed,BLOCKED,0,NO_ACTION,NOT_EXECUTED,NOT_VERIFIED,2713.02,,BDT,amount above auto-release cap,,,autonomous-v1,RSA-0007580,35172981ee1eddee70b01f175086468dc31852ff1360d94aa4dcafabf54af159,2026-08-29 08:51:15+00:00,2026-08-29 08:51:15+00:00,
RCV-000821,TXN-0007582,false,insufficient payment evidence,BLOCKED,0,NO_ACTION,NOT_EXECUTED,NOT_VERIFIED,2152.69,,BDT,INSUFFICIENT_EVIDENCE,,,autonomous-v1,RSA-0007582,b2a58111317ca74fd18c91a4f7982058a4146591154e34d12a088a9473a9a689,2026-09-24 21:43:34+00:00,2026-09-24 21:43:34+00:00,
RCV-000822,TXN-0007586,true,single debit confirmation; settlement not confirmed,BLOCKED,0,NO_ACTION,NOT_EXECUTED,NOT_VERIFIED,67739.44,,BDT,amount above auto-release cap,,,autonomous-v1,RSA-0007586,073a19f5ca9cca10893415738ed76d9af911a1bdd19743452d75a1effafff08b,2026-02-19 08:06:39+00:00,2026-02-19 08:06:39+00:00,
RCV-000823,TXN-0007596,true,single debit confirmation; settlement not confirmed,BLOCKED,0,NO_ACTION,NOT_EXECUTED,NOT_VERIFIED,39964.83,,BDT,amount above auto-release cap,,,autonomous-v1,RSA-0007596,19c9873cba5703bf214cfdf0ad72ca1c929f0193bc32d9fae4d43df5a092918a,2026-05-03 08:12:26+00:00,2026-05-03 08:12:26+00:00,
RCV-000824,TXN-0007605,true,single debit confirmation; settlement not confirmed,BLOCKED,0,NO_ACTION,NOT_EXECUTED,NOT_VERIFIED,3409.69,,BDT,amount above auto-release cap,,,autonomous-v1,RSA-0007605,16769b718f369bcbabddc2d5b8d52ad3be1c9d9dab439a00da10d4d85c8b358f,2026-07-04 05:19:29+00:00,2026-07-04 05:19:29+00:00,
RCV-000825,TXN-0007607,false,insufficient payment evidence,BLOCKED,0,NO_ACTION,NOT_EXECUTED,NOT_VERIFIED,11596.77,,BDT,INSUFFICIENT_EVIDENCE,,,autonomous-v1,RSA-0007607,2bd1c64630635e333605a4850972fb885d07b005fd4138c5cec0a5ec27417a61,2026-07-12 12:50:14+00:00,2026-07-12 12:50:14+00:00,
RCV-000826,TXN-0007624,true,single debit confirmation; settlement not confirmed,BLOCKED,0,NO_ACTION,NOT_EXECUTED,NOT_VERIFIED,27959.63,,BDT,amount above auto-release cap,,,autonomous-v1,RSA-0007624,976ec5bedef7fe02f94d18ea3c63afda075109d7f16de76250790b23f076bb6d,2026-09-16 03:51:36+00:00,2026-09-16 03:51:36+00:00,
RCV-000827,TXN-0007643,true,single debit confirmation; settlement not confirmed,BLOCKED,0,NO_ACTION,NOT_EXECUTED,NOT_VERIFIED,1721.56,,BDT,policy block,,,autonomous-v1,RSA-0007643,9e95322068a16abcdf360e28b228bc906ec569f63be9b3dd288b135ad544e847,2026-06-10 23:16:10+00:00,2026-06-10 23:16:10+00:00,
RCV-000828,TXN-0007651,true,single debit confirmation; settlement not confirmed,BLOCKED,0,NO_ACTION,NOT_EXECUTED,NOT_VERIFIED,1745.16,,BDT,amount above auto-release cap,,,autonomous-v1,RSA-0007651,a62981978559a48b5a0010a2b5eb3de8f40ed8993cbfe8ab982cef820d2b3973,2026-06-24 00:59:58+00:00,2026-06-24 00:59:58+00:00,
RCV-000829,TXN-0007671,false,insufficient payment evidence,BLOCKED,0,NO_ACTION,NOT_EXECUTED,NOT_VERIFIED,2066.45,,BDT,INSUFFICIENT_EVIDENCE,,,autonomous-v1,RSA-0007671,fff8fd00ada2d9ed91b97307f22057b3384c30ab6a2e24a00564c98a5a1ab104,2026-09-21 19:15:04+00:00,2026-09-21 19:15:04+00:00,
RCV-000830,TXN-0007701,false,insufficient payment evidence,BLOCKED,0,NO_ACTION,NOT_EXECUTED,NOT_VERIFIED,1485.64,,BDT,INSUFFICIENT_EVIDENCE,,,autonomous-v1,RSA-0007701,9bf5821c460f357ffb4519658b5e6ff9399a281470a92aa8430779557d5500ac,2026-06-04 07:49:02+00:00,2026-06-04 07:49:02+00:00,
RCV-000831,TXN-0007709,false,multiple customer debit confirmations,BLOCKED,0,NO_ACTION,NOT_EXECUTED,NOT_VERIFIED,2512.77,,BDT,DOUBLE_DEDUCTION,,,autonomous-v1,RSA-0007709,bac518696a4965ab0b79ad519be3a23d30411bdb733b8bb8d89e77d5ccd7362a,2026-04-01 12:11:22+00:00,2026-04-01 12:11:22+00:00,
RCV-000832,TXN-0007721,true,single debit confirmation; settlement not confirmed,BLOCKED,0,NO_ACTION,NOT_EXECUTED,NOT_VERIFIED,14922.31,,BDT,policy block,,,autonomous-v1,RSA-0007721,b5a82c393606dd10bbda2a1a7dc678abfb5375deb93ec942b12b8de58857ad5b,2026-05-05 18:50:37+00:00,2026-05-05 18:50:37+00:00,
RCV-000833,TXN-0007748,true,single debit confirmation; settlement not confirmed,PENDING,0,MANUAL_REVIEW,AWAITING_REVIEW,NOT_VERIFIED,565.54,,BDT,,,,autonomous-v1,RSA-0007748,6c95d5f556e0a513d5c21f411dce88c6a141e861a78227beaf29ea2facd0efec,2025-12-21 16:20:01+00:00,,
RCV-000834,TXN-0007756,true,single debit confirmation; settlement not confirmed,COMPLETED,0,MANUAL_REVIEW,RESOLVED_MANUALLY,REVIEWED,533.83,,BDT,,,,autonomous-v1,RSA-0007756,1ba80910e17559e45a0a920df1c6d13aca5f6fa544d9e30f5f3718c17466ac28,2026-03-27 03:17:49+00:00,,
RCV-000835,TXN-0007763,true,single debit confirmation; settlement not confirmed,BLOCKED,0,NO_ACTION,NOT_EXECUTED,NOT_VERIFIED,792.76,,BDT,,,,autonomous-v1,RSA-0007763,11a3dff9f40eaddb95c5152690e06e9626ec88ab54356ff03556e9f1b8c8daee,2026-06-11 09:39:41+00:00,,
RCV-000836,TXN-0007788,true,single debit confirmation; settlement not confirmed,BLOCKED,0,NO_ACTION,NOT_EXECUTED,NOT_VERIFIED,5278.47,,BDT,amount above auto-release cap,,,autonomous-v1,RSA-0007788,22299c9c143c51ffda920551c81d1f88624b54b82703732eab8ecaa88882830a,2026-07-25 09:57:23+00:00,2026-07-25 09:57:23+00:00,
RCV-000837,TXN-0007797,true,single debit confirmation; settlement not confirmed,BLOCKED,0,NO_ACTION,NOT_EXECUTED,NOT_VERIFIED,2551.23,,BDT,amount above auto-release cap,,,autonomous-v1,RSA-0007797,ee8392ff197818d774ef1f96fec3bb6c3966279194e0537912cb4fb7edcd0d4e,2026-06-25 04:29:21+00:00,2026-06-25 04:29:21+00:00,
RCV-000838,TXN-0007827,true,single debit confirmation; settlement not confirmed,BLOCKED,0,NO_ACTION,NOT_EXECUTED,NOT_VERIFIED,1008.96,,BDT,,,,autonomous-v1,RSA-0007827,0a086f62e18fa6e4a2850da1c154e1824afca84397c4a069990733f2c8bd0695,2026-08-02 04:07:35+00:00,,
RCV-000839,TXN-0007829,true,single debit confirmation; settlement not confirmed,BLOCKED,0,NO_ACTION,NOT_EXECUTED,NOT_VERIFIED,1844.37,,BDT,amount above auto-release cap,,,autonomous-v1,RSA-0007829,1f8306a4c3fd0d619540bfdce77b1b282442f98ef9b7ebb2127ef486661c2ff0,2026-08-08 02:41:32+00:00,2026-08-08 02:41:32+00:00,
RCV-000840,TXN-0007835,false,settlement confirmed without merchant confirmation,PENDING,0,MANUAL_REVIEW,AWAITING_REVIEW,NOT_VERIFIED,8945.04,,BDT,,,,autonomous-v1,RSA-0007835,c654d1bf1e80fa14bc83bb72e1366276f9fbb1c9e9250cd31c7c83e5a7f2c638,2026-08-24 06:00:54+00:00,,
RCV-000841,TXN-0007837,false,multiple customer debit confirmations,BLOCKED,0,NO_ACTION,NOT_EXECUTED,NOT_VERIFIED,24014.27,,BDT,DOUBLE_DEDUCTION,,,autonomous-v1,RSA-0007837,5b19a37a7e070bf8d11ab4ef5f4b0504559beb215885aa005240aecb877f6b36,2026-08-27 03:29:31+00:00,2026-08-27 03:29:31+00:00,
RCV-000842,TXN-0007839,true,single debit confirmation; settlement not confirmed,BLOCKED,0,NO_ACTION,NOT_EXECUTED,NOT_VERIFIED,3447.91,,BDT,amount above auto-release cap,,,autonomous-v1,RSA-0007839,14de987e805c568a62e14ccff422096e7c4a86d04cde9296ddc073ff4b098188,2026-09-01 01:47:49+00:00,2026-09-01 01:47:49+00:00,
RCV-000843,TXN-0007855,false,settlement confirmed without merchant confirmation,PENDING,0,MANUAL_REVIEW,AWAITING_REVIEW,NOT_VERIFIED,1420.21,,BDT,,,,autonomous-v1,RSA-0007855,437d717863187d3417cb0c5591d678186a26a507d8b87b1ee6678558c4323345,2026-07-18 14:05:09+00:00,,
RCV-000844,TXN-0007880,true,single debit confirmation; settlement not confirmed,BLOCKED,0,NO_ACTION,NOT_EXECUTED,NOT_VERIFIED,2023.2,,BDT,policy block,,,autonomous-v1,RSA-0007880,da2d021000e2f23c6663b596ff6487539abfa68dd85aadb74587cab3efb61a68,2026-05-06 12:43:55+00:00,2026-05-06 12:43:55+00:00,
RCV-000845,TXN-0007881,true,single debit confirmation; settlement not confirmed,BLOCKED,0,NO_ACTION,NOT_EXECUTED,NOT_VERIFIED,3292.15,,BDT,policy block,,,autonomous-v1,RSA-0007881,adb445e4c6ac2fa29378c3a3fcdebb4260b55f76ce748590ff1429bc02749c8d,2026-05-14 23:51:27+00:00,2026-05-14 23:51:27+00:00,
RCV-000846,TXN-0007886,true,single debit confirmation; settlement not confirmed,BLOCKED,0,NO_ACTION,NOT_EXECUTED,NOT_VERIFIED,8715.43,,BDT,amount above auto-release cap,,,autonomous-v1,RSA-0007886,99bbbdfcaafb7dcc089cd732958eb5b970e82b7a8b301ef345a9aca1f05febed,2026-02-02 15:41:50+00:00,2026-02-02 15:41:50+00:00,
RCV-000847,TXN-0007893,true,single debit confirmation; settlement not confirmed,BLOCKED,0,NO_ACTION,NOT_EXECUTED,NOT_VERIFIED,28242.74,,BDT,amount above auto-release cap,,,autonomous-v1,RSA-0007893,0ce272c1acb2e7e3f3b07468173062e20ce4d3be9a87d5c6453947d9a6f63464,2026-03-17 00:33:40+00:00,2026-03-17 00:33:40+00:00,
RCV-000848,TXN-0007896,true,single debit confirmation; settlement not confirmed,BLOCKED,0,NO_ACTION,NOT_EXECUTED,NOT_VERIFIED,48445.98,,BDT,amount above auto-release cap,,,autonomous-v1,RSA-0007896,47b797b76fb71cfe740a31e00e9b8a56706f24bec2a16f25c2a4b6b28ab48ba7,2026-03-23 12:35:06+00:00,2026-03-23 12:35:06+00:00,
RCV-000849,TXN-0007906,false,insufficient payment evidence,BLOCKED,0,NO_ACTION,NOT_EXECUTED,NOT_VERIFIED,8522.55,,BDT,INSUFFICIENT_EVIDENCE,,,autonomous-v1,RSA-0007906,795d997a341f9bc51138550a9b302b0fb86961c535d3a0a02a93384bfdc0b099,2026-09-02 07:45:56+00:00,2026-09-02 07:45:56+00:00,
RCV-000850,TXN-0007919,true,single debit confirmation; settlement not confirmed,BLOCKED,0,NO_ACTION,NOT_EXECUTED,NOT_VERIFIED,2290.13,,BDT,amount above auto-release cap,,,autonomous-v1,RSA-0007919,15cb4f947ed09d39ed5b7df7a47af9169ef6618efdf512467761d1eeed99a999,2026-08-09 18:34:07+00:00,2026-08-09 18:34:07+00:00,
RCV-000851,TXN-0007920,true,single debit confirmation; settlement not confirmed,BLOCKED,0,NO_ACTION,NOT_EXECUTED,NOT_VERIFIED,5935.53,,BDT,amount above auto-release cap,,,autonomous-v1,RSA-0007920,dbc16694d1e41c10e2fd6a2314d4f7376ca3f1e0fb92b01755b5684e06e97f6b,2026-08-14 10:02:02+00:00,2026-08-14 10:02:02+00:00,
RCV-000852,TXN-0007921,true,single debit confirmation; settlement not confirmed,BLOCKED,0,NO_ACTION,NOT_EXECUTED,NOT_VERIFIED,1594.21,,BDT,amount above auto-release cap,,,autonomous-v1,RSA-0007921,477521a31334daa1a490c64e7599f89e41ebf397fc95cc51769a5bf8f1d3da62,2026-08-16 00:49:07+00:00,2026-08-16 00:49:07+00:00,
RCV-000853,TXN-0007922,false,settlement confirmed without merchant confirmation,COMPLETED,0,MANUAL_REVIEW,RESOLVED_MANUALLY,REVIEWED,12470.93,,BDT,,,,autonomous-v1,RSA-0007922,6017558269d5cfeba5c1f1e61d17064647c959cdee13e1166ba293df5f8a79bd,2026-08-17 09:21:22+00:00,,
RCV-000854,TXN-0007923,true,single debit confirmation; settlement not confirmed,PENDING,0,MANUAL_REVIEW,AWAITING_REVIEW,NOT_VERIFIED,681.39,,BDT,,,,autonomous-v1,RSA-0007923,546bd8d2d2f608fa4258ba59f9de7ea213e9203c1721c7084cdc44dec910542e,2026-08-18 22:44:00+00:00,,
RCV-000855,TXN-0007924,true,single debit confirmation; settlement not confirmed,BLOCKED,0,NO_ACTION,NOT_EXECUTED,NOT_VERIFIED,4416.54,,BDT,amount above auto-release cap,,,autonomous-v1,RSA-0007924,49c368e07ea018bbdfd8f31e34a3f74f4f33554401bfba72587c543d2021777a,2026-08-24 12:21:11+00:00,2026-08-24 12:21:11+00:00,
RCV-000856,TXN-0007925,true,single debit confirmation; settlement not confirmed,BLOCKED,0,NO_ACTION,NOT_EXECUTED,NOT_VERIFIED,3191.02,,BDT,amount above auto-release cap,,,autonomous-v1,RSA-0007925,805b6b4a92360dfdde5498708238e7c472f34d11a1bbe4cf16ab4f91ceea5f83,2026-08-25 12:33:35+00:00,2026-08-25 12:33:35+00:00,
RCV-000857,TXN-0007927,true,single debit confirmation; settlement not confirmed,COMPLETED,0,MANUAL_REVIEW,RESOLVED_MANUALLY,REVIEWED,776.42,,BDT,,,,autonomous-v1,RSA-0007927,f664e3f731db07eb0e9d6e1dc20948f043b4c99531f022cc68da87f45c1b5ab9,2026-08-26 12:47:31+00:00,,
RCV-000858,TXN-0007928,true,single debit confirmation; settlement not confirmed,BLOCKED,0,NO_ACTION,NOT_EXECUTED,NOT_VERIFIED,2090.2,,BDT,amount above auto-release cap,,,autonomous-v1,RSA-0007928,c1febb5fb5a3c146485a43e6722f4e30b8d65f2c7bfec972169c109d1a4be975,2026-08-31 09:42:51+00:00,2026-08-31 09:42:51+00:00,
RCV-000859,TXN-0007929,true,single debit confirmation; settlement not confirmed,PENDING,0,MANUAL_REVIEW,AWAITING_REVIEW,NOT_VERIFIED,653.3,,BDT,,,,autonomous-v1,RSA-0007929,7c5ceb4b361a36d4bf4c2380b8094bce5e936b9755a10b96e12a2b858f4ec37f,2026-08-31 23:02:51+00:00,,
RCV-000860,TXN-0007930,true,single debit confirmation; settlement not confirmed,COMPLETED,0,MANUAL_REVIEW,RESOLVED_MANUALLY,REVIEWED,458.51,,BDT,,,,autonomous-v1,RSA-0007930,f32de5563be75edbeb215018cef48812de3fe3ac5c0ce48ab02d1e05c8ea0240,2026-09-05 23:46:42+00:00,,
RCV-000861,TXN-0007933,true,single debit confirmation; settlement not confirmed,PENDING,0,MANUAL_REVIEW,AWAITING_REVIEW,NOT_VERIFIED,416.62,,BDT,,,,autonomous-v1,RSA-0007933,300b26f9f730375f34e831e14e511e5a03d597b143afc13be35f84ef7bf43492,2026-09-10 14:22:48+00:00,,
RCV-000862,TXN-0007935,true,single debit confirmation; settlement not confirmed,BLOCKED,0,NO_ACTION,NOT_EXECUTED,NOT_VERIFIED,5535.69,,BDT,amount above auto-release cap,,,autonomous-v1,RSA-0007935,d2d53d3d538888a0525cdbcb958509d981d3f975fd434d0cbca8bf76908a6ed6,2026-09-20 17:00:23+00:00,2026-09-20 17:00:23+00:00,
RCV-000863,TXN-0007936,true,single debit confirmation; settlement not confirmed,PENDING,0,MANUAL_REVIEW,AWAITING_REVIEW,NOT_VERIFIED,1040.09,,BDT,,,,autonomous-v1,RSA-0007936,f59f68c12f3d4eebf21096dbf4a34fa6a92f19050028c6051f15c794346ff554,2026-09-21 13:29:31+00:00,,
RCV-000864,TXN-0007941,false,multiple customer debit confirmations,BLOCKED,0,NO_ACTION,NOT_EXECUTED,NOT_VERIFIED,1245.13,,BDT,DOUBLE_DEDUCTION,,,autonomous-v1,RSA-0007941,cca55df191c06e2ce890c1f83b3f98175e4dfa1fd61f6863190f526b6283b9e9,2026-07-07 07:38:44+00:00,2026-07-07 07:38:44+00:00,
RCV-000865,TXN-0007954,true,single debit confirmation; settlement not confirmed,PENDING,0,MANUAL_REVIEW,AWAITING_REVIEW,NOT_VERIFIED,1093.08,,BDT,,,,autonomous-v1,RSA-0007954,e8c98af149b1f5c607c2bc77db30f123d9bac1c2ac9b1212a560245199c975a8,2026-09-08 02:42:02+00:00,,
RCV-000866,TXN-0007991,true,single debit confirmation; settlement not confirmed,BLOCKED,0,NO_ACTION,NOT_EXECUTED,NOT_VERIFIED,21303.13,,BDT,amount above auto-release cap,,,autonomous-v1,RSA-0007991,1c6f0229e1ca4ad9065b58361cf17f11f384cc0b1fe723e9899121eaae0b25a9,2026-09-06 04:36:32+00:00,2026-09-06 04:36:32+00:00,
RCV-000867,TXN-0007993,true,single debit confirmation; settlement not confirmed,BLOCKED,0,NO_ACTION,NOT_EXECUTED,NOT_VERIFIED,4396.27,,BDT,policy block,,,autonomous-v1,RSA-0007993,9871b7f5073675ff688b542b4b4c4b98028c9979413de7102f57f7d4356030a8,2026-09-14 00:30:23+00:00,2026-09-14 00:30:23+00:00,
RCV-000868,TXN-0007998,true,single debit confirmation; settlement not confirmed,BLOCKED,0,NO_ACTION,NOT_EXECUTED,NOT_VERIFIED,2017.29,,BDT,amount above auto-release cap,,,autonomous-v1,RSA-0007998,3bb8098dce0ee6dd51fd33f5cc708e2a99aa62454d449ad785527e8eeeeb5916,2026-09-25 06:44:09+00:00,2026-09-25 06:44:09+00:00,
RCV-000869,TXN-0008010,true,single debit confirmation; settlement not confirmed,BLOCKED,0,NO_ACTION,NOT_EXECUTED,NOT_VERIFIED,21981.42,,BDT,amount above auto-release cap,,,autonomous-v1,RSA-0008010,48f4ebf32620fa488e5a68cc889e00b89893ee76925a59cece9bff5976fbccc6,2026-07-01 12:43:28+00:00,2026-07-01 12:43:28+00:00,
RCV-000870,TXN-0008012,true,single debit confirmation; settlement not confirmed,PENDING,0,MANUAL_REVIEW,AWAITING_REVIEW,NOT_VERIFIED,1302.07,,BDT,,,,autonomous-v1,RSA-0008012,d4cfed2b53f37b2ff81db7ee92cb8afaf135dc8c83c309759f4fe5e8e2b53052,2026-07-06 05:54:29+00:00,,
RCV-000871,TXN-0008014,true,single debit confirmation; settlement not confirmed,COMPLETED,0,MANUAL_REVIEW,RESOLVED_MANUALLY,REVIEWED,544.95,,BDT,,,,autonomous-v1,RSA-0008014,7dcee254c593395c7c2fa069ed9628b1088e5b0993a9160e63159a265261fbf6,2026-07-24 09:14:45+00:00,,
RCV-000872,TXN-0008017,false,multiple customer debit confirmations,BLOCKED,0,NO_ACTION,NOT_EXECUTED,NOT_VERIFIED,719.95,,BDT,DOUBLE_DEDUCTION,,,autonomous-v1,RSA-0008017,613616825fd3e4346859d9ebc84d4697324a1328add4ac2fbd35d99a0b9248ab,2026-08-04 20:37:49+00:00,2026-08-04 20:37:49+00:00,
RCV-000873,TXN-0008019,true,single debit confirmation; settlement not confirmed,BLOCKED,0,NO_ACTION,NOT_EXECUTED,NOT_VERIFIED,3008.79,,BDT,amount above auto-release cap,,,autonomous-v1,RSA-0008019,763814f30cd5f100fcd486059abd28aa0a6b119f395d9fea2dedbfb706dadca0,2026-08-22 08:09:26+00:00,2026-08-22 08:09:26+00:00,
RCV-000874,TXN-0008038,true,single debit confirmation; settlement not confirmed,BLOCKED,0,NO_ACTION,NOT_EXECUTED,NOT_VERIFIED,1054.0,,BDT,,,,autonomous-v1,RSA-0008038,8419ca3469a254cc45e1b86d63f089fb35ca5969831b4aa9e05aa24843871943,2026-04-17 20:06:42+00:00,,
RCV-000875,TXN-0008049,true,single debit confirmation; settlement not confirmed,BLOCKED,0,NO_ACTION,NOT_EXECUTED,NOT_VERIFIED,6183.64,,BDT,amount above auto-release cap,,,autonomous-v1,RSA-0008049,7d3a1ce2fefa6635d0471c67328e084ecf73e386c601d455d2c30dfd48a31d82,2026-05-10 11:00:33+00:00,2026-05-10 11:00:33+00:00,
RCV-000876,TXN-0008074,true,single debit confirmation; settlement not confirmed,BLOCKED,0,NO_ACTION,NOT_EXECUTED,NOT_VERIFIED,3182.9,,BDT,amount above auto-release cap,,,autonomous-v1,RSA-0008074,678ee5d2adb5195f53dc39698fc728dfd001517980f91a046fc7809a7a0d2bc0,2026-01-24 03:35:09+00:00,2026-01-24 03:35:09+00:00,
RCV-000877,TXN-0008093,true,single debit confirmation; settlement not confirmed,BLOCKED,0,NO_ACTION,NOT_EXECUTED,NOT_VERIFIED,4207.1,,BDT,amount above auto-release cap,,,autonomous-v1,RSA-0008093,9794cccc69789762e1e4097451d11bb85938823996573db2c8c502ffa3ec6e04,2026-07-01 05:02:34+00:00,2026-07-01 05:02:34+00:00,
RCV-000878,TXN-0008105,true,single debit confirmation; settlement not confirmed,PENDING,0,MANUAL_REVIEW,AWAITING_REVIEW,NOT_VERIFIED,1222.26,,BDT,,,,autonomous-v1,RSA-0008105,cc33b156e1b6b761407d6199f8e1fda0b35fdac9ab602b3c52883e241ad53eba,2026-09-20 03:42:58+00:00,,
RCV-000879,TXN-0008117,false,insufficient payment evidence,BLOCKED,0,NO_ACTION,NOT_EXECUTED,NOT_VERIFIED,1660.13,,BDT,INSUFFICIENT_EVIDENCE,,,autonomous-v1,RSA-0008117,a9b4a7bce6fd94ba75a0e24bc199a9517e77698be8513462ed30c37b4e02446f,2026-04-15 08:31:46+00:00,2026-04-15 08:31:46+00:00,
RCV-000880,TXN-0008128,true,single debit confirmation; settlement not confirmed,COMPLETED,0,MANUAL_REVIEW,RESOLVED_MANUALLY,REVIEWED,758.31,,BDT,,,,autonomous-v1,RSA-0008128,947a13b6bb82e52231597fe361231ea6f2e4733ea5eaec9845d7c93b05257b00,2026-08-25 20:29:36+00:00,,
RCV-000881,TXN-0008129,true,single debit confirmation; settlement not confirmed,BLOCKED,0,NO_ACTION,NOT_EXECUTED,NOT_VERIFIED,7810.0,,BDT,amount above auto-release cap,,,autonomous-v1,RSA-0008129,b57accdb4f4b4a61d1225cceadf50466fee13a7ffe66ce76dcf006cfab2e38c3,2026-03-31 07:29:08+00:00,2026-03-31 07:29:08+00:00,
RCV-000882,TXN-0008135,true,single debit confirmation; settlement not confirmed,BLOCKED,0,NO_ACTION,NOT_EXECUTED,NOT_VERIFIED,1051.82,,BDT,,,,autonomous-v1,RSA-0008135,927cfbb7e648b15b39cbaa8974ad0075a42b3a66bb3842b99e165deb65959fb9,2026-06-12 03:01:21+00:00,,
RCV-000883,TXN-0008138,true,single debit confirmation; settlement not confirmed,BLOCKED,0,NO_ACTION,NOT_EXECUTED,NOT_VERIFIED,4170.91,,BDT,amount above auto-release cap,,,autonomous-v1,RSA-0008138,3c12d9de1f5196ee674e144935f50e09d93c70572fb72d270692682f654032ef,2026-07-01 06:18:58+00:00,2026-07-01 06:18:58+00:00,
RCV-000884,TXN-0008152,true,single debit confirmation; settlement not confirmed,BLOCKED,0,NO_ACTION,NOT_EXECUTED,NOT_VERIFIED,2217.82,,BDT,amount above auto-release cap,,,autonomous-v1,RSA-0008152,f0bd3c288718781fea2d8e876aa0bf34a99063cdba62ba63bc52fc6cd8252f6d,2026-04-28 05:54:44+00:00,2026-04-28 05:54:44+00:00,
RCV-000885,TXN-0008181,true,single debit confirmation; settlement not confirmed,BLOCKED,0,NO_ACTION,NOT_EXECUTED,NOT_VERIFIED,591.54,,BDT,policy block,,,autonomous-v1,RSA-0008181,ddafdfbbaa9c2a9f753fedcbf6e5c608d32cfd8caf7504e76fb9d18b5c146837,2026-06-27 23:00:18+00:00,2026-06-27 23:00:18+00:00,
RCV-000886,TXN-0008196,true,single debit confirmation; settlement not confirmed,COMPLETED,1,RELEASE_LIMIT,RECOVERED,VERIFIED,1242.75,1242.75,BDT,,mock,REL-28F370EB,autonomous-v1,RSA-0008196,9abb51a433b438f63f3e53a1a7f6cdd67222e3c1b0f715405a3990dd6de766b5,2026-08-22 14:45:32+00:00,2026-08-22 14:47:32+00:00,2026-08-22 14:48:00+00:00
RCV-000887,TXN-0008203,true,single debit confirmation; settlement not confirmed,PENDING,0,MANUAL_REVIEW,AWAITING_REVIEW,NOT_VERIFIED,80.5,,BDT,,,,autonomous-v1,RSA-0008203,21da0340ba94fc2fe586d562d26cfbf9fe777ad1122afeffb1b0b42f8beb8eac,2026-09-07 16:02:24+00:00,,
RCV-000888,TXN-0008220,true,single debit confirmation; settlement not confirmed,BLOCKED,0,NO_ACTION,NOT_EXECUTED,NOT_VERIFIED,2562.05,,BDT,amount above auto-release cap,,,autonomous-v1,RSA-0008220,5c851336280f8093318202fca09902d33bb62c464a8dcf57f4868b266f6a7203,2026-07-21 08:01:32+00:00,2026-07-21 08:01:32+00:00,
RCV-000889,TXN-0008226,true,single debit confirmation; settlement not confirmed,PENDING,0,MANUAL_REVIEW,AWAITING_REVIEW,NOT_VERIFIED,262.49,,BDT,,,,autonomous-v1,RSA-0008226,89033da8e89096b508fe57979f1bd4f92e1fbec4586489d3595a47fb8ef36c7d,2026-08-03 17:16:31+00:00,,
RCV-000890,TXN-0008230,true,single debit confirmation; settlement not confirmed,PENDING,0,MANUAL_REVIEW,AWAITING_REVIEW,NOT_VERIFIED,547.05,,BDT,,,,autonomous-v1,RSA-0008230,561f8c69ed55720d4e893d760d4da8e987b70ae955b41721a4a5f976fe1838d7,2026-08-11 11:03:50+00:00,,
RCV-000891,TXN-0008231,true,single debit confirmation; settlement not confirmed,PENDING,0,MANUAL_REVIEW,AWAITING_REVIEW,NOT_VERIFIED,757.44,,BDT,,,,autonomous-v1,RSA-0008231,7de199bf7570bb99447f57cc6d4c1c0b147802c0789790aac6c647764cad3c65,2026-08-14 14:00:30+00:00,,
RCV-000892,TXN-0008235,true,single debit confirmation; settlement not confirmed,BLOCKED,0,NO_ACTION,NOT_EXECUTED,NOT_VERIFIED,5190.27,,BDT,amount above auto-release cap,,,autonomous-v1,RSA-0008235,d7be1a949e656a647b5116c906948a45fc7b74a0ede067525a3b2a50179f3b58,2026-08-29 20:45:11+00:00,2026-08-29 20:45:11+00:00,
RCV-000893,TXN-0008237,false,insufficient payment evidence,BLOCKED,0,NO_ACTION,NOT_EXECUTED,NOT_VERIFIED,3322.15,,BDT,INSUFFICIENT_EVIDENCE,,,autonomous-v1,RSA-0008237,4785b616994fe32de61dd327198357e47406b288f417f354216db9384a2d1d0b,2026-09-09 03:17:50+00:00,2026-09-09 03:17:50+00:00,
RCV-000894,TXN-0008239,false,multiple customer debit confirmations,BLOCKED,0,NO_ACTION,NOT_EXECUTED,NOT_VERIFIED,3940.14,,BDT,DOUBLE_DEDUCTION,,,autonomous-v1,RSA-0008239,fd104b565ccee9a605eec86bfa6b1b75180a7ce84bf2e33ef5ce85daa5754181,2026-09-15 19:58:35+00:00,2026-09-15 19:58:35+00:00,
RCV-000895,TXN-0008242,true,single debit confirmation; settlement not confirmed,BLOCKED,0,NO_ACTION,NOT_EXECUTED,NOT_VERIFIED,7693.12,,BDT,amount above auto-release cap,,,autonomous-v1,RSA-0008242,7832cfdbeb00eb64341ee60738ccd2a0a35a9814a8513f0731f9d93181f45380,2026-09-22 18:10:02+00:00,2026-09-22 18:10:02+00:00,
RCV-000896,TXN-0008243,true,single debit confirmation; settlement not confirmed,BLOCKED,0,NO_ACTION,NOT_EXECUTED,NOT_VERIFIED,6508.46,,BDT,amount above auto-release cap,,,autonomous-v1,RSA-0008243,52f3c1ec5c870f5c68d3e427884e6bfd270a88fb670e02dfc6df6423132c9673,2026-09-25 13:15:36+00:00,2026-09-25 13:15:36+00:00,
RCV-000897,TXN-0008244,true,single debit confirmation; settlement not confirmed,PENDING,0,MANUAL_REVIEW,AWAITING_REVIEW,NOT_VERIFIED,493.83,,BDT,,,,autonomous-v1,RSA-0008244,880a106aa5e863e54d3aa1cce4505eb9fb0965dc6383abcda9f0d50bb3b59d97,2026-09-29 11:57:19+00:00,,
RCV-000898,TXN-0008263,false,multiple customer debit confirmations,BLOCKED,0,NO_ACTION,NOT_EXECUTED,NOT_VERIFIED,60368.71,,BDT,DOUBLE_DEDUCTION,,,autonomous-v1,RSA-0008263,4ec732d29f5ca85db28df8086c3a658597fce884816179df442d9d73b1afaea6,2026-05-22 08:24:50+00:00,2026-05-22 08:24:50+00:00,
RCV-000899,TXN-0008276,true,single debit confirmation; settlement not confirmed,BLOCKED,0,NO_ACTION,NOT_EXECUTED,NOT_VERIFIED,196385.16,,BDT,policy block,,,autonomous-v1,RSA-0008276,73d28315111b825e14c10dc8083132bd219504206cf7adaefe4c3795a94cfe8b,2026-07-02 10:59:02+00:00,2026-07-02 10:59:02+00:00,
RCV-000900,TXN-0008279,true,single debit confirmation; settlement not confirmed,BLOCKED,0,NO_ACTION,NOT_EXECUTED,NOT_VERIFIED,542547.74,,BDT,amount above auto-release cap,,,autonomous-v1,RSA-0008279,f6f058d159799c2ec223891ae5e6659ae674d737882518c72dc21dace79938d7,2026-07-04 13:34:40+00:00,2026-07-04 13:34:40+00:00,
RCV-000901,TXN-0008293,true,single debit confirmation; settlement not confirmed,PENDING,0,MANUAL_REVIEW,AWAITING_REVIEW,NOT_VERIFIED,527.74,,BDT,,,,autonomous-v1,RSA-0008293,8b066ea13b27bfd6b430b11f28755157b4a3ee2fc68603e51792670f0c753aeb,2026-09-15 02:43:41+00:00,,
RCV-000902,TXN-0008304,true,single debit confirmation; settlement not confirmed,BLOCKED,0,NO_ACTION,NOT_EXECUTED,NOT_VERIFIED,1825.39,,BDT,amount above auto-release cap,,,autonomous-v1,RSA-0008304,67c6a374e0e7306df09740711394dde246ea6a2e4e8291d551c6a4ab7bd4370f,2026-09-04 03:31:36+00:00,2026-09-04 03:31:36+00:00,
RCV-000903,TXN-0008306,false,insufficient payment evidence,BLOCKED,0,NO_ACTION,NOT_EXECUTED,NOT_VERIFIED,1541.0,,BDT,INSUFFICIENT_EVIDENCE,,,autonomous-v1,RSA-0008306,77695e02565b7d5984c4a873d2249e0c05c5b5d38d898e64feed898467283672,2025-10-26 19:42:05+00:00,2025-10-26 19:42:05+00:00,
RCV-000904,TXN-0008322,true,single debit confirmation; settlement not confirmed,BLOCKED,0,NO_ACTION,NOT_EXECUTED,NOT_VERIFIED,8690.38,,BDT,policy block,,,autonomous-v1,RSA-0008322,bdaebd6d66f29b0f550ca3383e7ffb2581f2a23f68d5fa360283634dcffc54b6,2026-07-26 13:26:15+00:00,2026-07-26 13:26:15+00:00,
RCV-000905,TXN-0008334,true,single debit confirmation; settlement not confirmed,BLOCKED,0,NO_ACTION,NOT_EXECUTED,NOT_VERIFIED,4894.2,,BDT,amount above auto-release cap,,,autonomous-v1,RSA-0008334,1fd42409bca4e1716b1250f5ef3e324559bdec59377807cdf92a774114184acb,2026-01-31 19:27:16+00:00,2026-01-31 19:27:16+00:00,
RCV-000906,TXN-0008335,true,single debit confirmation; settlement not confirmed,BLOCKED,0,NO_ACTION,NOT_EXECUTED,NOT_VERIFIED,1285.26,,BDT,policy block,,,autonomous-v1,RSA-0008335,89831f25e0fc0ca04177cdccb5670ec49fcd765ba3c268208af34b24b828cfc2,2026-02-06 05:54:59+00:00,2026-02-06 05:54:59+00:00,
RCV-000907,TXN-0008346,true,single debit confirmation; settlement not confirmed,BLOCKED,0,NO_ACTION,NOT_EXECUTED,NOT_VERIFIED,6236.99,,BDT,amount above auto-release cap,,,autonomous-v1,RSA-0008346,4deaffbb7ae2f076467d0ec368ed65819d96524fd0a0871778c405abb075dcde,2026-09-11 06:44:41+00:00,2026-09-11 06:44:41+00:00,
RCV-000908,TXN-0008355,true,single debit confirmation; settlement not confirmed,BLOCKED,0,NO_ACTION,NOT_EXECUTED,NOT_VERIFIED,5617.18,,BDT,policy block,,,autonomous-v1,RSA-0008355,d21faa3b9ad8e2ac7d7d6b2600cb437ee01d7cd43e0d28fea74bb3d68252bcc3,2026-03-16 14:41:09+00:00,2026-03-16 14:41:09+00:00,
RCV-000909,TXN-0008366,true,single debit confirmation; settlement not confirmed,BLOCKED,0,NO_ACTION,NOT_EXECUTED,NOT_VERIFIED,2142.03,,BDT,amount above auto-release cap,,,autonomous-v1,RSA-0008366,c3c73d5892fb3ef4159bd3d38d0e809c8b56a639c6b4fe6e746b6e3e57772f57,2026-02-23 21:03:41+00:00,2026-02-23 21:03:41+00:00,
RCV-000910,TXN-0008374,true,single debit confirmation; settlement not confirmed,BLOCKED,0,NO_ACTION,NOT_EXECUTED,NOT_VERIFIED,26819.91,,BDT,amount above auto-release cap,,,autonomous-v1,RSA-0008374,76a8132c2c3600caf8da65ff41efbc08e98e9781e47c7b0e7ab1f112c48301f7,2026-05-03 07:37:11+00:00,2026-05-03 07:37:11+00:00,
RCV-000911,TXN-0008379,true,single debit confirmation; settlement not confirmed,BLOCKED,0,NO_ACTION,NOT_EXECUTED,NOT_VERIFIED,2429.02,,BDT,amount above auto-release cap,,,autonomous-v1,RSA-0008379,ba4212a34b6e1d3ca17f7a90c7aa762ab717525ce9ac7afabb3cc80cbe3aab08,2026-06-28 19:59:19+00:00,2026-06-28 19:59:19+00:00,
RCV-000912,TXN-0008392,true,single debit confirmation; settlement not confirmed,COMPLETED,0,MANUAL_REVIEW,RESOLVED_MANUALLY,REVIEWED,277.03,,BDT,,,,autonomous-v1,RSA-0008392,f692baa07f7345a8d5f64cf32b5165e3a8ee1f8598799ef9cb26f29d33744a58,2026-04-29 01:15:57+00:00,,
RCV-000913,TXN-0008404,true,single debit confirmation; settlement not confirmed,BLOCKED,0,NO_ACTION,NOT_EXECUTED,NOT_VERIFIED,2021.96,,BDT,amount above auto-release cap,,,autonomous-v1,RSA-0008404,9527d95495b9373714ec36e349d0110cb459e46193db5ac60299ecfe33426ecb,2026-07-20 14:35:26+00:00,2026-07-20 14:35:26+00:00,
RCV-000914,TXN-0008414,false,provider reference shared with another transaction,BLOCKED,0,NO_ACTION,NOT_EXECUTED,NOT_VERIFIED,1414.44,,BDT,,,,autonomous-v1,RSA-0008414,2f740c07cba8305e7c3d835670bc61b4f00a0b0eca70fff3ea3275402be618dd,2026-08-27 20:52:18+00:00,,
RCV-000915,TXN-0008418,true,single debit confirmation; settlement not confirmed,PENDING,0,MANUAL_REVIEW,AWAITING_REVIEW,NOT_VERIFIED,641.66,,BDT,,,,autonomous-v1,RSA-0008418,f8342c9252650cf055216506bd338cac261b3e76d6688e18ae8ca45e7ac80a1f,2026-09-27 15:42:06+00:00,,
RCV-000916,TXN-0008419,false,insufficient payment evidence,BLOCKED,0,NO_ACTION,NOT_EXECUTED,NOT_VERIFIED,476.55,,BDT,INSUFFICIENT_EVIDENCE,,,autonomous-v1,RSA-0008419,48664af6eec73d4e67707f528d4ea4c2c81045c8ef48e4737bb4883129efe2e3,2025-11-26 00:04:16+00:00,2025-11-26 00:04:16+00:00,
RCV-000917,TXN-0008428,false,insufficient payment evidence,BLOCKED,0,NO_ACTION,NOT_EXECUTED,NOT_VERIFIED,366.39,,BDT,INSUFFICIENT_EVIDENCE,,,autonomous-v1,RSA-0008428,a6305e875e75abefc7a86f3bfbcfef7291b1aea47a1cedcbcf6b1d51f3975bcf,2026-03-14 09:42:47+00:00,2026-03-14 09:42:47+00:00,
RCV-000918,TXN-0008448,true,single debit confirmation; settlement not confirmed,BLOCKED,0,NO_ACTION,NOT_EXECUTED,NOT_VERIFIED,3380.43,,BDT,amount above auto-release cap,,,autonomous-v1,RSA-0008448,80e7f4e184d704ca2c5844526044184cf1b94b5b6ae763a9f8a5aa07be733107,2026-06-18 05:57:34+00:00,2026-06-18 05:57:34+00:00,
RCV-000919,TXN-0008465,false,settlement confirmed without merchant confirmation,COMPLETED,0,MANUAL_REVIEW,RESOLVED_MANUALLY,REVIEWED,9700.83,,BDT,,,,autonomous-v1,RSA-0008465,7ecb8cc14dd81c8fc6a4a3c5af3a95a93b30deffcc86a9d9d4847652a6d020f8,2026-07-20 21:54:37+00:00,,
RCV-000920,TXN-0008474,true,single debit confirmation; settlement not confirmed,BLOCKED,0,NO_ACTION,NOT_EXECUTED,NOT_VERIFIED,1658961.11,,BDT,amount above auto-release cap,,,autonomous-v1,RSA-0008474,52da30928d7c7a533745a896240adabc07bfdea931dc5b474dbe92239048a0f6,2026-08-03 08:41:18+00:00,2026-08-03 08:41:18+00:00,
RCV-000921,TXN-0008502,true,single debit confirmation; settlement not confirmed,BLOCKED,0,NO_ACTION,NOT_EXECUTED,NOT_VERIFIED,460.91,,BDT,,,,autonomous-v1,RSA-0008502,728157892e3d0451fccc821c4f3c4346581a5a9ab55a44865ce21b60be40e097,2025-10-31 13:26:23+00:00,,
RCV-000922,TXN-0008511,true,single debit confirmation; settlement not confirmed,COMPLETED,0,MANUAL_REVIEW,RESOLVED_MANUALLY,REVIEWED,624.55,,BDT,,,,autonomous-v1,RSA-0008511,70a562fc2a1b43a6fef011a56a5a6167eee0acd808297ddd515219a6cd63fa3e,2026-05-22 13:59:56+00:00,,
RCV-000923,TXN-0008529,true,single debit confirmation; settlement not confirmed,BLOCKED,0,NO_ACTION,NOT_EXECUTED,NOT_VERIFIED,1750.65,,BDT,amount above auto-release cap,,,autonomous-v1,RSA-0008529,c3c373e38a9e91f3f33a24fcbaab4285c59bf67ab01b175f88de7f4d344d9932,2026-07-16 23:58:00+00:00,2026-07-16 23:58:00+00:00,
RCV-000924,TXN-0008536,false,insufficient payment evidence,BLOCKED,0,NO_ACTION,NOT_EXECUTED,NOT_VERIFIED,719.48,,BDT,INSUFFICIENT_EVIDENCE,,,autonomous-v1,RSA-0008536,078661abcc9796bc265bc11156135a83a8ae9985b000d8a48e1951857e978bbd,2026-06-26 03:59:01+00:00,2026-06-26 03:59:01+00:00,
RCV-000925,TXN-0008546,true,single debit confirmation; settlement not confirmed,COMPLETED,0,MANUAL_REVIEW,RESOLVED_MANUALLY,REVIEWED,1144.9,,BDT,,,,autonomous-v1,RSA-0008546,1cd8f854f63de17ee0a6832414f514a7415b33d094bf969952c32295f7d0d82e,2026-07-28 00:21:33+00:00,,
RCV-000926,TXN-0008548,true,single debit confirmation; settlement not confirmed,PENDING,0,MANUAL_REVIEW,AWAITING_REVIEW,NOT_VERIFIED,439.34,,BDT,,,,autonomous-v1,RSA-0008548,3255fd4b8e1fb2a12c8d75a1d6a041ff28d3d0d19b415232eeca55a3793de6ee,2026-08-03 12:25:11+00:00,,
RCV-000927,TXN-0008571,true,single debit confirmation; settlement not confirmed,PENDING,0,MANUAL_REVIEW,AWAITING_REVIEW,NOT_VERIFIED,649.85,,BDT,,,,autonomous-v1,RSA-0008571,9c8114abf10d712fa93d538d44cfe7579329e64110a191ba6eb4aae574d1cf7c,2026-09-04 08:31:59+00:00,,
RCV-000928,TXN-0008573,true,single debit confirmation; settlement not confirmed,BLOCKED,0,NO_ACTION,NOT_EXECUTED,NOT_VERIFIED,1186.87,,BDT,policy block,,,autonomous-v1,RSA-0008573,fcaba8495a62f3f6eefcc383460f10571955159e9045f47698d24244c8eef07e,2026-09-23 02:23:39+00:00,2026-09-23 02:23:39+00:00,
RCV-000929,TXN-0008574,false,insufficient payment evidence,BLOCKED,0,NO_ACTION,NOT_EXECUTED,NOT_VERIFIED,15767.48,,BDT,INSUFFICIENT_EVIDENCE,,,autonomous-v1,RSA-0008574,48a8da9f58b51865f32a0250addac719b098a01e88859ad3a5e2fa82c8b4b087,2026-09-26 20:29:57+00:00,2026-09-26 20:29:57+00:00,
RCV-000930,TXN-0008580,true,single debit confirmation; settlement not confirmed,BLOCKED,0,NO_ACTION,NOT_EXECUTED,NOT_VERIFIED,1977.42,,BDT,amount above auto-release cap,,,autonomous-v1,RSA-0008580,35e18e3015d33d0cfa7b9c795661e4266f7783d6b2347dbb91e80f23ab83252d,2026-03-17 08:56:32+00:00,2026-03-17 08:56:32+00:00,
RCV-000931,TXN-0008589,true,single debit confirmation; settlement not confirmed,BLOCKED,0,NO_ACTION,NOT_EXECUTED,NOT_VERIFIED,16662.46,,BDT,amount above auto-release cap,,,autonomous-v1,RSA-0008589,703ed331799c55eb47e1ff9984cc09c83df26e1dcb963f8670434d3a88c54c07,2026-09-18 03:26:09+00:00,2026-09-18 03:26:09+00:00,
RCV-000932,TXN-0008605,true,single debit confirmation; settlement not confirmed,BLOCKED,0,NO_ACTION,NOT_EXECUTED,NOT_VERIFIED,1448.4,,BDT,policy block,,,autonomous-v1,RSA-0008605,cb6b85f3b019fb2c51b5dcd0cc3d3edfa87f4244ac45fec973851a9d253598db,2026-08-18 01:52:53+00:00,2026-08-18 01:52:53+00:00,
RCV-000933,TXN-0008613,false,insufficient payment evidence,BLOCKED,0,NO_ACTION,NOT_EXECUTED,NOT_VERIFIED,109.13,,BDT,INSUFFICIENT_EVIDENCE,,,autonomous-v1,RSA-0008613,85822a73d1c7acc8cfbf79e2ccef46ca3cccef522e25c2550f47eb348fd1c4be,2026-03-10 10:08:56+00:00,2026-03-10 10:08:56+00:00,
RCV-000934,TXN-0008642,true,single debit confirmation; settlement not confirmed,BLOCKED,0,NO_ACTION,NOT_EXECUTED,NOT_VERIFIED,7544.02,,BDT,amount above auto-release cap,,,autonomous-v1,RSA-0008642,bd9286626271f114670f9bcb8efbfd28f4df53c1a54fa5244589c8e2b8b5373c,2026-04-22 15:13:32+00:00,2026-04-22 15:13:32+00:00,
RCV-000935,TXN-0008657,true,single debit confirmation; settlement not confirmed,BLOCKED,0,NO_ACTION,NOT_EXECUTED,NOT_VERIFIED,2249.76,,BDT,policy block,,,autonomous-v1,RSA-0008657,fca11c5f3e0df879cfec90471460b27fce5035f7ec1759ad25d4905178052e1c,2026-04-30 08:47:44+00:00,2026-04-30 08:47:44+00:00,
RCV-000936,TXN-0008682,true,single debit confirmation; settlement not confirmed,BLOCKED,0,NO_ACTION,NOT_EXECUTED,NOT_VERIFIED,2595.9,,BDT,amount above auto-release cap,,,autonomous-v1,RSA-0008682,4369f02ceff465164e9e13ea7c46c5e49f13b21dad75e1daee73b672c301ea23,2026-05-20 11:38:52+00:00,2026-05-20 11:38:52+00:00,
RCV-000937,TXN-0008686,true,single debit confirmation; settlement not confirmed,BLOCKED,0,NO_ACTION,NOT_EXECUTED,NOT_VERIFIED,7755.43,,BDT,amount above auto-release cap,,,autonomous-v1,RSA-0008686,260e6aea43c49bbd412792056ec2a4f02629b3b619f00b151c6147e90272e3b6,2026-06-02 18:22:08+00:00,2026-06-02 18:22:08+00:00,
RCV-000938,TXN-0008688,true,single debit confirmation; settlement not confirmed,BLOCKED,0,NO_ACTION,NOT_EXECUTED,NOT_VERIFIED,12765.08,,BDT,amount above auto-release cap,,,autonomous-v1,RSA-0008688,694e35cfc1960e7735f9abd1c062bbf27ac4148905851e7e1c3399da8e74ee61,2026-06-07 03:32:52+00:00,2026-06-07 03:32:52+00:00,
RCV-000939,TXN-0008700,true,single debit confirmation; settlement not confirmed,BLOCKED,0,NO_ACTION,NOT_EXECUTED,NOT_VERIFIED,2294.02,,BDT,amount above auto-release cap,,,autonomous-v1,RSA-0008700,28f330594474d19037d3d68c3540099bb04b631d648e9889c743635170210d34,2026-09-11 20:51:50+00:00,2026-09-11 20:51:50+00:00,
RCV-000940,TXN-0008709,false,settlement confirmed without merchant confirmation,PENDING,0,MANUAL_REVIEW,AWAITING_REVIEW,NOT_VERIFIED,802.31,,BDT,,,,autonomous-v1,RSA-0008709,1556fe4096f4e175d86bb072946fbb9f0d55a2283934d5f1777a8287551dfa69,2026-04-29 22:15:39+00:00,,
RCV-000941,TXN-0008711,true,single debit confirmation; settlement not confirmed,BLOCKED,0,NO_ACTION,NOT_EXECUTED,NOT_VERIFIED,2283.33,,BDT,policy block,,,autonomous-v1,RSA-0008711,25820048c049675ec69fa6628f3f4c86a4929b3f0e9aa95fe8e6a015df10b981,2026-05-20 23:57:55+00:00,2026-05-20 23:57:55+00:00,
RCV-000942,TXN-0008716,true,single debit confirmation; settlement not confirmed,BLOCKED,0,NO_ACTION,NOT_EXECUTED,NOT_VERIFIED,10139.74,,BDT,amount above auto-release cap,,,autonomous-v1,RSA-0008716,1670334ab6b670f40a3fb26b1a8c4c9e9863729d141dfb2a88054986e6a7b534,2026-06-15 18:33:22+00:00,2026-06-15 18:33:22+00:00,
RCV-000943,TXN-0008721,false,settlement confirmed without merchant confirmation,COMPLETED,0,MANUAL_REVIEW,RESOLVED_MANUALLY,REVIEWED,968.97,,BDT,,,,autonomous-v1,RSA-0008721,b3076a5e94a1e98d7dcdc8b1c6b6f15888e8434273b653b05df1120b4394904d,2026-08-01 15:56:51+00:00,,
RCV-000944,TXN-0008727,true,single debit confirmation; settlement not confirmed,BLOCKED,0,NO_ACTION,NOT_EXECUTED,NOT_VERIFIED,42052.43,,BDT,amount above auto-release cap,,,autonomous-v1,RSA-0008727,4151aea4c95fd346b05df334ceea2cdf10df8e5fc2bbc8e2d5e7b76a9bd1ded6,2026-02-01 08:06:23+00:00,2026-02-01 08:06:23+00:00,
RCV-000945,TXN-0008762,false,insufficient payment evidence,BLOCKED,0,NO_ACTION,NOT_EXECUTED,NOT_VERIFIED,1313.42,,BDT,INSUFFICIENT_EVIDENCE,,,autonomous-v1,RSA-0008762,48cbcfa8861d43fa1977ccaa6701fd7076d4a3069931c3f13aa86ce07782d7b2,2026-08-13 15:17:08+00:00,2026-08-13 15:17:08+00:00,
RCV-000946,TXN-0008766,true,single debit confirmation; settlement not confirmed,COMPLETED,1,RELEASE_LIMIT,RECOVERED,VERIFIED,527.05,527.05,BDT,,mock,REL-1085D4F2,autonomous-v1,RSA-0008766,aed15359d4eaf9f69c0f952eba32d97b7e63083473a4d254fa1094d74874f339,2026-08-22 09:27:28+00:00,2026-08-22 09:30:28+00:00,2026-08-22 09:30:43+00:00
RCV-000947,TXN-0008771,true,single debit confirmation; settlement not confirmed,PENDING,0,MANUAL_REVIEW,AWAITING_REVIEW,NOT_VERIFIED,670.26,,BDT,,,,autonomous-v1,RSA-0008771,a20d11182ed10529832eebe7df1cc3e32b513d702a4f5ad55ce1f0cd0960a62c,2026-09-06 00:51:34+00:00,,
RCV-000948,TXN-0008780,true,single debit confirmation; settlement not confirmed,BLOCKED,0,NO_ACTION,NOT_EXECUTED,NOT_VERIFIED,1665.43,,BDT,amount above auto-release cap,,,autonomous-v1,RSA-0008780,e1f532d12e7387ce4e8c59688936f4c01b210951d4cb26c29210bcd6661ebb52,2025-10-11 04:13:59+00:00,2025-10-11 04:13:59+00:00,
RCV-000949,TXN-0008798,true,single debit confirmation; settlement not confirmed,BLOCKED,0,NO_ACTION,NOT_EXECUTED,NOT_VERIFIED,765.43,,BDT,,,,autonomous-v1,RSA-0008798,21c5ad53a962824014a15aba18a7ae170582c357577e8bb11d68b71664f1ec57,2026-06-13 01:14:55+00:00,,
RCV-000950,TXN-0008807,true,single debit confirmation; settlement not confirmed,COMPLETED,0,MANUAL_REVIEW,RESOLVED_MANUALLY,REVIEWED,1486.5,,BDT,,,,autonomous-v1,RSA-0008807,f1405cc42c4908fedd5bebecd61497562a8c28f2d4b7d5760aad3ec3feb79421,2026-07-20 23:54:02+00:00,,
RCV-000951,TXN-0008835,true,single debit confirmation; settlement not confirmed,BLOCKED,0,NO_ACTION,NOT_EXECUTED,NOT_VERIFIED,12459.21,,BDT,amount above auto-release cap,,,autonomous-v1,RSA-0008835,311129ca90a9665e1b566fa4bd215f1a7baccb3b6762e64f45b09d736d24dd4a,2026-05-09 06:24:22+00:00,2026-05-09 06:24:22+00:00,
RCV-000952,TXN-0008837,true,single debit confirmation; settlement not confirmed,BLOCKED,0,NO_ACTION,NOT_EXECUTED,NOT_VERIFIED,5296.99,,BDT,amount above auto-release cap,,,autonomous-v1,RSA-0008837,9f9ad577e90851a5fdbce40c42002f095bf61d1db8ecbaaf6ccecf1d16a11f45,2026-05-27 02:33:33+00:00,2026-05-27 02:33:33+00:00,
RCV-000953,TXN-0008845,true,single debit confirmation; settlement not confirmed,BLOCKED,0,NO_ACTION,NOT_EXECUTED,NOT_VERIFIED,5304.13,,BDT,policy block,,,autonomous-v1,RSA-0008845,39f5cfab7be8067690b770c224054ba2b08342f9203e2d586ff4521e56ee9c21,2026-07-31 05:13:06+00:00,2026-07-31 05:13:06+00:00,
RCV-000954,TXN-0008850,false,insufficient payment evidence,BLOCKED,0,NO_ACTION,NOT_EXECUTED,NOT_VERIFIED,2356.84,,BDT,INSUFFICIENT_EVIDENCE,,,autonomous-v1,RSA-0008850,5e825ee16069b04f442a151fe45b81e5121935c5a7c55abf462ad29f05087cae,2026-09-05 04:58:16+00:00,2026-09-05 04:58:16+00:00,
RCV-000955,TXN-0008853,true,single debit confirmation; settlement not confirmed,BLOCKED,0,NO_ACTION,NOT_EXECUTED,NOT_VERIFIED,2679.38,,BDT,amount above auto-release cap,,,autonomous-v1,RSA-0008853,7dc69ad9eb9e828d124a79a2af2a96067aa6348b3502f02c57f0c58c8b65a6e5,2026-09-18 04:46:38+00:00,2026-09-18 04:46:38+00:00,
RCV-000956,TXN-0008856,false,insufficient payment evidence,BLOCKED,0,NO_ACTION,NOT_EXECUTED,NOT_VERIFIED,1389.52,,BDT,INSUFFICIENT_EVIDENCE,,,autonomous-v1,RSA-0008856,5e7ae0a64b9a2361cf8686993b0f73b1e93ee5613a900c34c63e9f94f05c8eca,2026-04-13 13:57:53+00:00,2026-04-13 13:57:53+00:00,
RCV-000957,TXN-0008869,true,single debit confirmation; settlement not confirmed,BLOCKED,0,NO_ACTION,NOT_EXECUTED,NOT_VERIFIED,255.24,,BDT,policy block,,,autonomous-v1,RSA-0008869,1df1e133a895cdef05bc2c71f352455c31872dc0eb69a0e97a4baccdfa987000,2026-07-16 20:35:46+00:00,2026-07-16 20:35:46+00:00,
RCV-000958,TXN-0008872,false,multiple customer debit confirmations,BLOCKED,0,NO_ACTION,NOT_EXECUTED,NOT_VERIFIED,283.01,,BDT,DOUBLE_DEDUCTION,,,autonomous-v1,RSA-0008872,fa7d47defbc17d0d47690e7dabda460ac9f514f3c1d5e23d219ed65184c38e47,2026-09-11 19:16:57+00:00,2026-09-11 19:16:57+00:00,
RCV-000959,TXN-0008877,true,single debit confirmation; settlement not confirmed,BLOCKED,0,NO_ACTION,NOT_EXECUTED,NOT_VERIFIED,2278.27,,BDT,amount above auto-release cap,,,autonomous-v1,RSA-0008877,c27a952c25ea30fd913463a21cdba397ba5a9d99d43e5527955f4a55ccc351ba,2026-08-22 16:02:49+00:00,2026-08-22 16:02:49+00:00,
RCV-000960,TXN-0008879,true,single debit confirmation; settlement not confirmed,PENDING,0,MANUAL_REVIEW,AWAITING_REVIEW,NOT_VERIFIED,471.4,,BDT,,,,autonomous-v1,RSA-0008879,83adc97cb04b1622f7e7588c81c0ee0d28f526933e7a4043d688125f719cae61,2026-09-08 09:44:00+00:00,,
RCV-000961,TXN-0008883,true,single debit confirmation; settlement not confirmed,PENDING,0,MANUAL_REVIEW,AWAITING_REVIEW,NOT_VERIFIED,1471.15,,BDT,,,,autonomous-v1,RSA-0008883,2827ab0224691df440b639e7532f27e572bde169a72ae9f14a615587ef88dadb,2026-04-05 04:01:50+00:00,,
RCV-000962,TXN-0008902,true,single debit confirmation; settlement not confirmed,BLOCKED,0,NO_ACTION,NOT_EXECUTED,NOT_VERIFIED,171.48,,BDT,,,,autonomous-v1,RSA-0008902,7d1c6201155b50e407558b1cf1d8e60a34a5a2f39b180e97ef71d039c5efaeb6,2026-07-29 03:51:59+00:00,,
RCV-000963,TXN-0008915,true,single debit confirmation; settlement not confirmed,BLOCKED,0,NO_ACTION,NOT_EXECUTED,NOT_VERIFIED,547.04,,BDT,,,,autonomous-v1,RSA-0008915,130c4a235440d50e7ddf206b7262246e22fae8a5583977c77fcd064a9d4299ac,2026-07-31 00:03:54+00:00,,
RCV-000964,TXN-0008917,false,provider reference shared with another transaction,BLOCKED,0,NO_ACTION,NOT_EXECUTED,NOT_VERIFIED,8409.87,,BDT,,,,autonomous-v1,RSA-0008917,35854c54da092e8395f2aabfe77c96b69f056859ac1df78993314135b0edaae2,2026-08-09 08:15:37+00:00,,
RCV-000965,TXN-0008920,true,single debit confirmation; settlement not confirmed,COMPLETED,1,RELEASE_LIMIT,RECOVERED,VERIFIED,333.38,333.38,BDT,,mock,REL-CA7241DA,autonomous-v1,RSA-0008920,346c4fb7685337c712b8dcf4124dd1a45bbbd8eaca3a6fdb4fd342d4eddf090e,2026-08-19 16:07:00+00:00,2026-08-19 16:16:00+00:00,2026-08-19 16:16:26+00:00
RCV-000966,TXN-0008942,true,single debit confirmation; settlement not confirmed,BLOCKED,0,NO_ACTION,NOT_EXECUTED,NOT_VERIFIED,4215.69,,BDT,amount above auto-release cap,,,autonomous-v1,RSA-0008942,a38a97a9c6b4dbe62fec929bdeed5b6022609e559832a39cf0dd3fe5b0ce944f,2026-04-23 19:18:49+00:00,2026-04-23 19:18:49+00:00,
RCV-000967,TXN-0008944,true,single debit confirmation; settlement not confirmed,BLOCKED,0,NO_ACTION,NOT_EXECUTED,NOT_VERIFIED,1845.53,,BDT,amount above auto-release cap,,,autonomous-v1,RSA-0008944,374fd40db57f9783f5dd191cc269d8a18b47032138c0eaa3bd293b849f808051,2026-05-07 19:39:20+00:00,2026-05-07 19:39:20+00:00,
RCV-000968,TXN-0008972,true,single debit confirmation; settlement not confirmed,BLOCKED,0,NO_ACTION,NOT_EXECUTED,NOT_VERIFIED,1091.97,,BDT,previous failures above cap,,,autonomous-v1,RSA-0008972,920f29171ca1319d58e59bbd1936b77c806557c5f818e810b79db9f5eaadb686,2026-07-15 10:14:03+00:00,2026-07-15 10:14:03+00:00,
RCV-000969,TXN-0008978,true,single debit confirmation; settlement not confirmed,BLOCKED,0,NO_ACTION,NOT_EXECUTED,NOT_VERIFIED,1575.87,,BDT,amount above auto-release cap,,,autonomous-v1,RSA-0008978,ae57faf67154b9ae602d2e2cbb3fe345d114addb8161e8137a157d4cbfaa9bfd,2026-09-13 18:32:43+00:00,2026-09-13 18:32:43+00:00,
RCV-000970,TXN-0008981,true,single debit confirmation; settlement not confirmed,COMPLETED,0,MANUAL_REVIEW,RESOLVED_MANUALLY,REVIEWED,941.84,,BDT,,,,autonomous-v1,RSA-0008981,325fd96ac5906076e0bd24a6dfd17c114de359535c7ccb60aa6e1ae07f3dc0d4,2026-07-16 06:18:21+00:00,,
RCV-000971,TXN-0008983,true,single debit confirmation; settlement not confirmed,BLOCKED,0,NO_ACTION,NOT_EXECUTED,NOT_VERIFIED,546.42,,BDT,,,,autonomous-v1,RSA-0008983,0e784ccf2a33d6b9c2ccde64d4634455fe6ddb0e4f274e53057cf698b5fd0c85,2026-07-28 07:36:48+00:00,,
RCV-000972,TXN-0008984,true,single debit confirmation; settlement not confirmed,BLOCKED,0,NO_ACTION,NOT_EXECUTED,NOT_VERIFIED,4404.51,,BDT,amount above auto-release cap,,,autonomous-v1,RSA-0008984,14fe4d2a69055b582e93540416978222d21ac5b25023a93bb12270b04f21dc74,2026-08-02 14:52:13+00:00,2026-08-02 14:52:13+00:00,
RCV-000973,TXN-0008985,true,single debit confirmation; settlement not confirmed,COMPLETED,0,MANUAL_REVIEW,RESOLVED_MANUALLY,REVIEWED,488.73,,BDT,,,,autonomous-v1,RSA-0008985,6f66c3d33e5cbaa1f930ea70fb763feb845323c8b336dcecaa9234310d400d31,2026-08-03 13:19:40+00:00,,
RCV-000974,TXN-0008986,false,multiple customer debit confirmations,BLOCKED,0,NO_ACTION,NOT_EXECUTED,NOT_VERIFIED,1388.61,,BDT,DOUBLE_DEDUCTION,,,autonomous-v1,RSA-0008986,9059a21f1be97e003c7da17743b95ed261ea84eb3ccf8145dfbed4a37116afac,2026-08-05 11:08:57+00:00,2026-08-05 11:08:57+00:00,
RCV-000975,TXN-0008987,true,single debit confirmation; settlement not confirmed,BLOCKED,0,NO_ACTION,NOT_EXECUTED,NOT_VERIFIED,1469.75,,BDT,,,,autonomous-v1,RSA-0008987,ee57901b08421ac7ca355fde506ae23500b9e2f4dfd25ac39a6a9f2620de5e16,2026-08-05 22:35:28+00:00,,
RCV-000976,TXN-0008991,true,single debit confirmation; settlement not confirmed,PENDING,0,MANUAL_REVIEW,AWAITING_REVIEW,NOT_VERIFIED,527.74,,BDT,,,,autonomous-v1,RSA-0008991,31e5255555379161d954419b5e228aa1e7cb8d811017aaa4e18c5def88a62967,2026-09-21 14:48:44+00:00,,
RCV-000977,TXN-0008992,false,settlement confirmed without merchant confirmation,PENDING,0,MANUAL_REVIEW,AWAITING_REVIEW,NOT_VERIFIED,7444.46,,BDT,,,,autonomous-v1,RSA-0008992,6d6c01562f539df72932185d99c2a3ad523981cc88476c379ce83defaf448dbb,2026-09-21 20:42:13+00:00,,
RCV-000978,TXN-0008993,true,single debit confirmation; settlement not confirmed,BLOCKED,0,NO_ACTION,NOT_EXECUTED,NOT_VERIFIED,3544.62,,BDT,policy block,,,autonomous-v1,RSA-0008993,e855fa512c59e8980eb143cdf868c53999c552d8acbed2628e106f523095dd26,2026-04-08 11:54:31+00:00,2026-04-08 11:54:31+00:00,
RCV-000979,TXN-0009011,false,insufficient payment evidence,BLOCKED,0,NO_ACTION,NOT_EXECUTED,NOT_VERIFIED,541.11,,BDT,INSUFFICIENT_EVIDENCE,,,autonomous-v1,RSA-0009011,9f39f821e9b44579f10670bfe1050bb2890800f9c8dd069e75ba92b6f06b69a2,2025-11-21 06:40:47+00:00,2025-11-21 06:40:47+00:00,
RCV-000980,TXN-0009012,true,single debit confirmation; settlement not confirmed,BLOCKED,0,NO_ACTION,NOT_EXECUTED,NOT_VERIFIED,1646.99,,BDT,policy block,,,autonomous-v1,RSA-0009012,94adaeaedd1ca7a5e5b6006c63c8565590ed62f2f613142eced8f890f51079fe,2025-12-17 02:46:26+00:00,2025-12-17 02:46:26+00:00,
RCV-000981,TXN-0009025,false,settlement confirmed without merchant confirmation,BLOCKED,0,NO_ACTION,NOT_EXECUTED,NOT_VERIFIED,428.37,,BDT,,,,autonomous-v1,RSA-0009025,619cd7011ad1b6036a98a5e47410e0463169c3829670b5844b0d51fccc855e50,2026-05-25 04:20:10+00:00,,
RCV-000982,TXN-0009071,true,single debit confirmation; settlement not confirmed,BLOCKED,0,NO_ACTION,NOT_EXECUTED,NOT_VERIFIED,1907.69,,BDT,amount above auto-release cap,,,autonomous-v1,RSA-0009071,2bb2bbd47071eb68e3c2ffbc45d6c7b81d4bda0fcc9d333f6dcd5d0e103ba22b,2026-08-20 02:59:23+00:00,2026-08-20 02:59:23+00:00,
RCV-000983,TXN-0009081,true,single debit confirmation; settlement not confirmed,PENDING,0,MANUAL_REVIEW,AWAITING_REVIEW,NOT_VERIFIED,461.79,,BDT,,,,autonomous-v1,RSA-0009081,2c1e12f712aa7e07d25d9f544978028610e4226d3ff69234be7a5416cbb8d470,2026-09-14 07:07:42+00:00,,
RCV-000984,TXN-0009102,true,single debit confirmation; settlement not confirmed,BLOCKED,0,NO_ACTION,NOT_EXECUTED,NOT_VERIFIED,1642.86,,BDT,amount above auto-release cap,,,autonomous-v1,RSA-0009102,301bef6be771f724fcd1cd53a46eee61464c56e91e2d73f224935044436850ff,2026-05-03 10:27:05+00:00,2026-05-03 10:27:05+00:00,
RCV-000985,TXN-0009116,false,insufficient payment evidence,BLOCKED,0,NO_ACTION,NOT_EXECUTED,NOT_VERIFIED,1416.7,,BDT,INSUFFICIENT_EVIDENCE,,,autonomous-v1,RSA-0009116,18779472a6e0c9694914f5901f8154a6061d96b4783eecf666f7a0c3a08a47ff,2026-03-15 17:53:27+00:00,2026-03-15 17:53:27+00:00,
RCV-000986,TXN-0009132,true,single debit confirmation; settlement not confirmed,BLOCKED,0,NO_ACTION,NOT_EXECUTED,NOT_VERIFIED,251.29,,BDT,policy block,,,autonomous-v1,RSA-0009132,f50767b5db31a3ca19e6f82ebac294a4fade8c9184d107573d5427c8a9cdc0e0,2026-09-24 22:35:19+00:00,2026-09-24 22:35:19+00:00,
RCV-000987,TXN-0009155,true,single debit confirmation; settlement not confirmed,BLOCKED,0,NO_ACTION,NOT_EXECUTED,NOT_VERIFIED,3555.38,,BDT,amount above auto-release cap,,,autonomous-v1,RSA-0009155,af3e80ed4fc730281f335e40f46e356187f447f8a72fb3796c42a49e6a6861cb,2026-06-22 03:46:26+00:00,2026-06-22 03:46:26+00:00,
RCV-000988,TXN-0009162,false,insufficient payment evidence,BLOCKED,0,NO_ACTION,NOT_EXECUTED,NOT_VERIFIED,512.9,,BDT,INSUFFICIENT_EVIDENCE,,,autonomous-v1,RSA-0009162,a50c29b45359ced8ae6f95b97b14a6497976a16872d37bb868ce8a155e3ba5a1,2025-11-07 04:19:18+00:00,2025-11-07 04:19:18+00:00,
RCV-000989,TXN-0009181,true,single debit confirmation; settlement not confirmed,COMPLETED,1,RELEASE_LIMIT,RECOVERED,VERIFIED,407.44,407.44,BDT,,mock,REL-6AE62818,autonomous-v1,RSA-0009181,308c585daece8740fde6a39297ae85355f557d90d4b440e52af629b354151e76,2026-08-24 10:17:04+00:00,2026-08-24 10:21:04+00:00,2026-08-24 10:21:06+00:00
RCV-000990,TXN-0009199,true,single debit confirmation; settlement not confirmed,BLOCKED,0,NO_ACTION,NOT_EXECUTED,NOT_VERIFIED,25299.85,,BDT,amount above auto-release cap,,,autonomous-v1,RSA-0009199,028e415dbfba53c8a6373faf2d7a8814b56040e202941ee0b22d762bbfc034d7,2026-06-13 17:28:03+00:00,2026-06-13 17:28:03+00:00,
RCV-000991,TXN-0009203,true,single debit confirmation; settlement not confirmed,COMPLETED,0,MANUAL_REVIEW,RESOLVED_MANUALLY,REVIEWED,1003.49,,BDT,,,,autonomous-v1,RSA-0009203,d1d567b5e5878faf4115198c50ff8d56a1543390544f50351f4c1f869e9886d3,2026-07-18 00:52:25+00:00,,
RCV-000992,TXN-0009218,true,single debit confirmation; settlement not confirmed,PENDING,0,MANUAL_REVIEW,AWAITING_REVIEW,NOT_VERIFIED,455.7,,BDT,,,,autonomous-v1,RSA-0009218,ece525f21446b1f00f3d30f48573bc387c23533ab76ad476bf2377846ce1db84,2026-06-01 22:01:12+00:00,,
RCV-000993,TXN-0009222,true,single debit confirmation; settlement not confirmed,BLOCKED,0,NO_ACTION,NOT_EXECUTED,NOT_VERIFIED,2031.19,,BDT,amount above auto-release cap,,,autonomous-v1,RSA-0009222,48715a6805f40363c04c8ea84e046aa2c03191eef774684f06edfb9c0ff3476a,2026-09-05 09:37:09+00:00,2026-09-05 09:37:09+00:00,
RCV-000994,TXN-0009224,true,single debit confirmation; settlement not confirmed,PENDING,0,MANUAL_REVIEW,AWAITING_REVIEW,NOT_VERIFIED,321.73,,BDT,,,,autonomous-v1,RSA-0009224,99e432b70d11c00425c03178bfcec53c8bffa98f74e559198ee656d479a288ad,2026-09-27 02:38:35+00:00,,
RCV-000995,TXN-0009225,false,insufficient payment evidence,BLOCKED,0,NO_ACTION,NOT_EXECUTED,NOT_VERIFIED,1459.18,,BDT,INSUFFICIENT_EVIDENCE,,,autonomous-v1,RSA-0009225,fb5f2c0fb9bd484369af92db235c4251a706c2892d4092d698dd99e3248257c9,2026-09-29 16:46:17+00:00,2026-09-29 16:46:17+00:00,
RCV-000996,TXN-0009226,true,single debit confirmation; settlement not confirmed,BLOCKED,0,NO_ACTION,NOT_EXECUTED,NOT_VERIFIED,913.65,,BDT,policy block,,,autonomous-v1,RSA-0009226,8f951873f01038a9ef55dab17e3882192b4f29a3b5ed67d526c482a4b3a539b3,2025-11-06 10:34:44+00:00,2025-11-06 10:34:44+00:00,
RCV-000997,TXN-0009246,true,single debit confirmation; settlement not confirmed,BLOCKED,0,NO_ACTION,NOT_EXECUTED,NOT_VERIFIED,1542.13,,BDT,amount above auto-release cap,,,autonomous-v1,RSA-0009246,75ac527c1c828b9823cd248a721a7d3c48dd7b46098ce022ea75306d8ec69b1a,2026-07-12 17:28:28+00:00,2026-07-12 17:28:28+00:00,
RCV-000998,TXN-0009274,false,insufficient payment evidence,BLOCKED,0,NO_ACTION,NOT_EXECUTED,NOT_VERIFIED,4695.24,,BDT,INSUFFICIENT_EVIDENCE,,,autonomous-v1,RSA-0009274,99ca350c04da829e7ed83c44dff99d36d8a57a4991a205dad745583142c96d9a,2026-06-28 02:34:24+00:00,2026-06-28 02:34:24+00:00,
RCV-000999,TXN-0009286,true,single debit confirmation; settlement not confirmed,BLOCKED,0,NO_ACTION,NOT_EXECUTED,NOT_VERIFIED,1491.67,,BDT,policy block,,,autonomous-v1,RSA-0009286,5ba0fbbf70a17f39615a533b47fe41a83e966beb9e6e16fd639bbd6eedc6f340,2026-09-05 00:54:50+00:00,2026-09-05 00:54:50+00:00,
RCV-001000,TXN-0009307,false,multiple customer debit confirmations,BLOCKED,0,NO_ACTION,NOT_EXECUTED,NOT_VERIFIED,666.95,,BDT,DOUBLE_DEDUCTION,,,autonomous-v1,RSA-0009307,c0fc1aa219e11e4c39fdce58b023dcb4facc2b7397822838afd04c1685c7b90e,2026-08-08 03:45:46+00:00,2026-08-08 03:45:46+00:00,
RCV-001001,TXN-0009317,true,single debit confirmation; settlement not confirmed,COMPLETED,0,MANUAL_REVIEW,RESOLVED_MANUALLY,REVIEWED,1062.12,,BDT,,,,autonomous-v1,RSA-0009317,f830a2bdaf04475c2a40b1d382d79441006abb5ad03e4d8f4b5fa6330dda7670,2026-07-06 12:17:12+00:00,,
RCV-001002,TXN-0009342,true,single debit confirmation; settlement not confirmed,BLOCKED,0,NO_ACTION,NOT_EXECUTED,NOT_VERIFIED,912.79,,BDT,policy block,,,autonomous-v1,RSA-0009342,78d1e55a6cf4479ee566485b08756783a95074685b1bbcede6bfcfb732a6e750,2026-08-29 14:02:32+00:00,2026-08-29 14:02:32+00:00,
RCV-001003,TXN-0009348,true,single debit confirmation; settlement not confirmed,BLOCKED,0,NO_ACTION,NOT_EXECUTED,NOT_VERIFIED,8018.69,,BDT,amount above auto-release cap,,,autonomous-v1,RSA-0009348,b23c5a28825b969aeeb4a2b4a4f14b14288f7fcb73e9b79ef6b33242546269fe,2026-07-23 10:54:35+00:00,2026-07-23 10:54:35+00:00,
RCV-001004,TXN-0009350,true,single debit confirmation; settlement not confirmed,BLOCKED,0,NO_ACTION,NOT_EXECUTED,NOT_VERIFIED,15291.71,,BDT,amount above auto-release cap,,,autonomous-v1,RSA-0009350,d4316b5361ad542605cf542e0c462864256fc3162b09ffdfc769f4cc55e4dd0e,2026-07-27 02:00:36+00:00,2026-07-27 02:00:36+00:00,
RCV-001005,TXN-0009351,true,single debit confirmation; settlement not confirmed,COMPLETED,0,MANUAL_REVIEW,RESOLVED_MANUALLY,REVIEWED,734.45,,BDT,,,,autonomous-v1,RSA-0009351,484070966fa3f533a2028524250d4ddd445a2747c4bf66400d1b2518fe1de3b0,2026-07-27 05:33:45+00:00,,
RCV-001006,TXN-0009363,true,single debit confirmation; settlement not confirmed,BLOCKED,0,NO_ACTION,NOT_EXECUTED,NOT_VERIFIED,358.34,,BDT,,,,autonomous-v1,RSA-0009363,549bb794e1fe37765e523fc7d010ecc45d35ddc20e03aa07c226f70a00744f29,2026-01-12 02:53:00+00:00,,
RCV-001007,TXN-0009375,true,single debit confirmation; settlement not confirmed,BLOCKED,0,NO_ACTION,NOT_EXECUTED,NOT_VERIFIED,7105.9,,BDT,amount above auto-release cap,,,autonomous-v1,RSA-0009375,a7643d024f39475f938e484494ead6308d5fb8d2dd1cfae5580bae3cd5b1496d,2026-09-15 06:45:48+00:00,2026-09-15 06:45:48+00:00,
RCV-001008,TXN-0009377,true,single debit confirmation; settlement not confirmed,COMPLETED,1,RELEASE_LIMIT,RECOVERED,VERIFIED,1493.4,1493.4,BDT,,mock,REL-32F42846,autonomous-v1,RSA-0009377,46344d2aaf44b0bae2f99aaf39aef7ca4005b37b42712fe3ebbafa0ee53b69e7,2026-09-22 02:54:51+00:00,2026-09-22 03:06:51+00:00,2026-09-22 03:07:01+00:00
RCV-001009,TXN-0009381,false,insufficient payment evidence,BLOCKED,0,NO_ACTION,NOT_EXECUTED,NOT_VERIFIED,524.76,,BDT,INSUFFICIENT_EVIDENCE,,,autonomous-v1,RSA-0009381,a1952b990092e575b9184ab58eec9f81173e9d122b6aa91a747c84ba723604ab,2026-03-10 10:59:18+00:00,2026-03-10 10:59:18+00:00,
RCV-001010,TXN-0009394,true,single debit confirmation; settlement not confirmed,PENDING,0,MANUAL_REVIEW,AWAITING_REVIEW,NOT_VERIFIED,1079.21,,BDT,,,,autonomous-v1,RSA-0009394,b7f5509558b13127e8edf308c32292a45da8fb741f5d6bf02045715fa5c6219c,2026-07-05 20:45:11+00:00,,
RCV-001011,TXN-0009398,false,insufficient payment evidence,BLOCKED,0,NO_ACTION,NOT_EXECUTED,NOT_VERIFIED,1976.75,,BDT,INSUFFICIENT_EVIDENCE,,,autonomous-v1,RSA-0009398,1a32fd45906dea0aaec7488881f7d982f70fda7b1ae8a7dab8d8e4e67668a8b5,2026-08-23 14:43:59+00:00,2026-08-23 14:43:59+00:00,
RCV-001012,TXN-0009415,true,single debit confirmation; settlement not confirmed,PENDING,0,MANUAL_REVIEW,AWAITING_REVIEW,NOT_VERIFIED,761.64,,BDT,,,,autonomous-v1,RSA-0009415,8e755f06e91d3466ad4664a90917d63f02d4038c6cff8972fd8803f1315668bc,2026-09-20 19:13:53+00:00,,
RCV-001013,TXN-0009420,true,single debit confirmation; settlement not confirmed,BLOCKED,0,NO_ACTION,NOT_EXECUTED,NOT_VERIFIED,53131.97,,BDT,amount above auto-release cap,,,autonomous-v1,RSA-0009420,d3930ade23bbf247691010443c5ca6e4ef11f7dfe3f1cbdebe5efd0814530c47,2026-06-20 05:22:59+00:00,2026-06-20 05:22:59+00:00,
RCV-001014,TXN-0009427,false,insufficient payment evidence,BLOCKED,0,NO_ACTION,NOT_EXECUTED,NOT_VERIFIED,7030.67,,BDT,INSUFFICIENT_EVIDENCE,,,autonomous-v1,RSA-0009427,d0b36096d4d5793d7b4c1f5ed4a975cee470c3389e852e15d2e7a23689aefb6d,2026-09-18 09:19:00+00:00,2026-09-18 09:19:00+00:00,
RCV-001015,TXN-0009430,true,single debit confirmation; settlement not confirmed,BLOCKED,0,NO_ACTION,NOT_EXECUTED,NOT_VERIFIED,885.77,,BDT,,,,autonomous-v1,RSA-0009430,9e8dbf1e603796771016fba3e1d2ccc6e8f4075e9f404a7bc326aa85d18a0680,2026-01-27 20:06:50+00:00,,
RCV-001016,TXN-0009437,true,single debit confirmation; settlement not confirmed,BLOCKED,0,NO_ACTION,NOT_EXECUTED,NOT_VERIFIED,3001.29,,BDT,amount above auto-release cap,,,autonomous-v1,RSA-0009437,c17dd85dd3dd7af0d35c41c54b15267d028b0a2e93af33bd01f606d66b9dcf5d,2026-08-07 21:21:05+00:00,2026-08-07 21:21:05+00:00,
RCV-001017,TXN-0009443,false,insufficient payment evidence,BLOCKED,0,NO_ACTION,NOT_EXECUTED,NOT_VERIFIED,4332.13,,BDT,INSUFFICIENT_EVIDENCE,,,autonomous-v1,RSA-0009443,76bcb953f6677a6beb181500bcf445a2f20fff4991c74dbf59ca26d8f19b7e11,2025-12-09 01:20:26+00:00,2025-12-09 01:20:26+00:00,
RCV-001018,TXN-0009447,true,single debit confirmation; settlement not confirmed,BLOCKED,0,NO_ACTION,NOT_EXECUTED,NOT_VERIFIED,7053.74,,BDT,amount above auto-release cap,,,autonomous-v1,RSA-0009447,36950e9353c272a3547c1279cbc04d3a563fd082f34dda91731b0574563da491,2025-12-23 12:15:33+00:00,2025-12-23 12:15:33+00:00,
RCV-001019,TXN-0009460,true,single debit confirmation; settlement not confirmed,BLOCKED,0,NO_ACTION,NOT_EXECUTED,NOT_VERIFIED,1258.51,,BDT,,,,autonomous-v1,RSA-0009460,a3bd33498caf132cf01d50e51330211723487b19473dd4a99aa11d439dc4bc22,2026-03-24 07:13:44+00:00,,
RCV-001020,TXN-0009478,false,multiple customer debit confirmations,BLOCKED,0,NO_ACTION,NOT_EXECUTED,NOT_VERIFIED,94087.95,,BDT,DOUBLE_DEDUCTION,,,autonomous-v1,RSA-0009478,7cf2b4a504bd7d6b8d1e8b63e8cb37c5ffdc14a25ba1eecce7e3352bb4df3bd3,2026-08-04 11:18:08+00:00,2026-08-04 11:18:08+00:00,
RCV-001021,TXN-0009490,true,single debit confirmation; settlement not confirmed,COMPLETED,0,MANUAL_REVIEW,RESOLVED_MANUALLY,REVIEWED,818.14,,BDT,,,,autonomous-v1,RSA-0009490,112acdc220c2da396879229c15fd7ed4ef7d78a6ae60697b50cb0891839b4b34,2025-12-19 12:03:34+00:00,,
RCV-001022,TXN-0009498,true,single debit confirmation; settlement not confirmed,BLOCKED,0,NO_ACTION,NOT_EXECUTED,NOT_VERIFIED,3460.93,,BDT,amount above auto-release cap,,,autonomous-v1,RSA-0009498,bca1051634e07d8a4c95770370e372a62d3854dbb857205bedcb37bc4bfe8047,2026-05-24 03:42:47+00:00,2026-05-24 03:42:47+00:00,
RCV-001023,TXN-0009500,true,single debit confirmation; settlement not confirmed,BLOCKED,0,NO_ACTION,NOT_EXECUTED,NOT_VERIFIED,480.77,,BDT,,,,autonomous-v1,RSA-0009500,a6ee05b8f003156e476aef4e4cfa55b1dedd12412fab616c75681a82d16571e5,2026-06-05 00:44:17+00:00,,
RCV-001024,TXN-0009502,true,single debit confirmation; settlement not confirmed,BLOCKED,0,NO_ACTION,NOT_EXECUTED,NOT_VERIFIED,2088.61,,BDT,amount above auto-release cap,,,autonomous-v1,RSA-0009502,39729fa39b03aa2b8ac79860bcc070f8506d46a085e8fa65054d24aa23c6aba9,2026-06-17 04:29:52+00:00,2026-06-17 04:29:52+00:00,
RCV-001025,TXN-0009515,true,single debit confirmation; settlement not confirmed,COMPLETED,0,MANUAL_REVIEW,RESOLVED_MANUALLY,REVIEWED,854.76,,BDT,,,,autonomous-v1,RSA-0009515,ec2fb21538c2d0f9f0353056a9c7213aeb0f31edf5e4c70f68e9629226da3897,2026-06-15 07:00:15+00:00,,
RCV-001026,TXN-0009535,false,evidence contradicts reported failure,PENDING,0,MANUAL_REVIEW,AWAITING_REVIEW,NOT_VERIFIED,823.67,,BDT,,,,autonomous-v1,RSA-0009535,dc83e7bd48bddbfc0a99a819056fed345ccd2905a5cf005f81c980d67d369376,2026-04-28 05:48:14+00:00,,
RCV-001027,TXN-0009546,true,single debit confirmation; settlement not confirmed,BLOCKED,0,NO_ACTION,NOT_EXECUTED,NOT_VERIFIED,3175.56,,BDT,amount above auto-release cap,,,autonomous-v1,RSA-0009546,c38bba713a325025ebcfa8732f8fd5f3f05e0a8b5d00328bbff4dd333a0c5b2a,2026-04-17 07:01:13+00:00,2026-04-17 07:01:13+00:00,
RCV-001028,TXN-0009548,true,single debit confirmation; settlement not confirmed,BLOCKED,0,NO_ACTION,NOT_EXECUTED,NOT_VERIFIED,1245.93,,BDT,policy block,,,autonomous-v1,RSA-0009548,82dfbf07e682c328631931181655a4883d1a8dcb6615dfca1291e5362a641031,2026-05-07 09:14:37+00:00,2026-05-07 09:14:37+00:00,
RCV-001029,TXN-0009550,true,single debit confirmation; settlement not confirmed,BLOCKED,0,NO_ACTION,NOT_EXECUTED,NOT_VERIFIED,6497.35,,BDT,amount above auto-release cap,,,autonomous-v1,RSA-0009550,427c01b624d76987a0c65191edf5e68c2417abdb282e71edbc5cde4f5beed85d,2026-06-08 22:55:41+00:00,2026-06-08 22:55:41+00:00,
RCV-001030,TXN-0009551,false,insufficient payment evidence,BLOCKED,0,NO_ACTION,NOT_EXECUTED,NOT_VERIFIED,41044.9,,BDT,INSUFFICIENT_EVIDENCE,,,autonomous-v1,RSA-0009551,0f0283917b338f6214256c0c83adcc48d6f54786528c34a987f94426f4821640,2026-06-16 03:30:12+00:00,2026-06-16 03:30:12+00:00,
RCV-001031,TXN-0009557,true,single debit confirmation; settlement not confirmed,BLOCKED,0,NO_ACTION,NOT_EXECUTED,NOT_VERIFIED,3589.69,,BDT,amount above auto-release cap,,,autonomous-v1,RSA-0009557,e4e0812106f7fd18ffd6a671f0d7f7a6df240293f4e8810ae34f22b240f565d9,2025-11-18 04:56:09+00:00,2025-11-18 04:56:09+00:00,
RCV-001032,TXN-0009568,true,single debit confirmation; settlement not confirmed,BLOCKED,0,NO_ACTION,NOT_EXECUTED,NOT_VERIFIED,3633.82,,BDT,amount above auto-release cap,,,autonomous-v1,RSA-0009568,c708587efc00fb44f1fb2410fcb60a8e7a7c4f5ef4160f87ee45e9abf77963d5,2026-06-16 00:12:21+00:00,2026-06-16 00:12:21+00:00,
RCV-001033,TXN-0009590,false,insufficient payment evidence,BLOCKED,0,NO_ACTION,NOT_EXECUTED,NOT_VERIFIED,1818.88,,BDT,INSUFFICIENT_EVIDENCE,,,autonomous-v1,RSA-0009590,460c33ac0e6df08ac87b085c480fcc6d2b23a5f725ec99bace80f888bccc49d3,2026-03-16 07:16:06+00:00,2026-03-16 07:16:06+00:00,
RCV-001034,TXN-0009591,true,single debit confirmation; settlement not confirmed,BLOCKED,0,NO_ACTION,NOT_EXECUTED,NOT_VERIFIED,3371.32,,BDT,amount above auto-release cap,,,autonomous-v1,RSA-0009591,2220acf260070414f12b8c106c72110b6ffddaa57f4acfcd712474ffc746793e,2026-04-02 12:16:23+00:00,2026-04-02 12:16:23+00:00,
RCV-001035,TXN-0009594,false,provider reference shared with another transaction,PENDING,0,MANUAL_REVIEW,AWAITING_REVIEW,NOT_VERIFIED,2670.69,,BDT,,,,autonomous-v1,RSA-0009594,c1f591bf62281a9d8092c12f6d343ba95ebc4571a345a0c2f6e0d21e93002f07,2026-04-18 15:21:14+00:00,,
RCV-001036,TXN-0009595,true,single debit confirmation; settlement not confirmed,PENDING,0,MANUAL_REVIEW,AWAITING_REVIEW,NOT_VERIFIED,837.3,,BDT,,,,autonomous-v1,RSA-0009595,e4cdba15bd140b5ba071e0d2d40d0cec61175874992b21fcce810b24ef881447,2026-05-12 05:09:36+00:00,,
RCV-001037,TXN-0009610,true,single debit confirmation; settlement not confirmed,BLOCKED,0,NO_ACTION,NOT_EXECUTED,NOT_VERIFIED,2594.4,,BDT,amount above auto-release cap,,,autonomous-v1,RSA-0009610,abc3918d06df8e0746174e9c46222a38edcd9366d6b7f66e07a45908198b0e9d,2026-07-17 10:23:45+00:00,2026-07-17 10:23:45+00:00,
RCV-001038,TXN-0009615,false,insufficient payment evidence,BLOCKED,0,NO_ACTION,NOT_EXECUTED,NOT_VERIFIED,8064.33,,BDT,INSUFFICIENT_EVIDENCE,,,autonomous-v1,RSA-0009615,f3f85fd494516d14ad05b8c05eff7a313bc00c3ce03390a7a2aecb432aae728c,2026-04-12 19:05:48+00:00,2026-04-12 19:05:48+00:00,
RCV-001039,TXN-0009618,true,single debit confirmation; settlement not confirmed,BLOCKED,0,NO_ACTION,NOT_EXECUTED,NOT_VERIFIED,2922.96,,BDT,amount above auto-release cap,,,autonomous-v1,RSA-0009618,e0d65df74ca08874edc9f04f2309af5b23eb9d1cca5b2af169e27877bd03fa89,2026-06-30 03:13:27+00:00,2026-06-30 03:13:27+00:00,
RCV-001040,TXN-0009622,false,insufficient payment evidence,BLOCKED,0,NO_ACTION,NOT_EXECUTED,NOT_VERIFIED,28169.7,,BDT,INSUFFICIENT_EVIDENCE,,,autonomous-v1,RSA-0009622,20c1dae576b38b451f94d54a3a9c2a12af9e9c0d45d95db4e0017e860690220f,2026-05-11 18:17:34+00:00,2026-05-11 18:17:34+00:00,
RCV-001041,TXN-0009631,true,single debit confirmation; settlement not confirmed,BLOCKED,0,NO_ACTION,NOT_EXECUTED,NOT_VERIFIED,42190.91,,BDT,amount above auto-release cap,,,autonomous-v1,RSA-0009631,c820f3edd499e9331fa4f847d65d2fd612099988a93b28a768eaf6b561164741,2026-06-25 16:46:17+00:00,2026-06-25 16:46:17+00:00,
RCV-001042,TXN-0009637,true,single debit confirmation; settlement not confirmed,BLOCKED,0,NO_ACTION,NOT_EXECUTED,NOT_VERIFIED,27940.91,,BDT,amount above auto-release cap,,,autonomous-v1,RSA-0009637,1fe90ed7b5b9645143b6a78674d7503cca05f76be0f806d3544e27f450b3f579,2026-07-28 03:47:18+00:00,2026-07-28 03:47:18+00:00,
RCV-001043,TXN-0009647,true,single debit confirmation; settlement not confirmed,BLOCKED,0,NO_ACTION,NOT_EXECUTED,NOT_VERIFIED,14072.73,,BDT,policy block,,,autonomous-v1,RSA-0009647,26c80ae25b21951051e393e0bc3caab16c292bbc83565ea68ba181047259af51,2026-09-15 23:19:23+00:00,2026-09-15 23:19:23+00:00,
RCV-001044,TXN-0009656,true,single debit confirmation; settlement not confirmed,COMPLETED,0,MANUAL_REVIEW,RESOLVED_MANUALLY,REVIEWED,322.06,,BDT,,,,autonomous-v1,RSA-0009656,8153acabf80cc2aebeeec8b77afd2c4a074d0754ff533cb4e35419074ea09b2e,2026-06-21 05:25:09+00:00,,
RCV-001045,TXN-0009662,true,single debit confirmation; settlement not confirmed,COMPLETED,1,RELEASE_LIMIT,RECOVERED,VERIFIED,893.68,893.68,BDT,,mock,REL-CDA2C838,autonomous-v1,RSA-0009662,9cd2d8d4154a01b731d08394ec64add58106bd34f90223c7596eecb2892df6c3,2026-09-06 11:18:52+00:00,2026-09-06 11:29:52+00:00,2026-09-06 11:29:59+00:00
RCV-001046,TXN-0009675,true,single debit confirmation; settlement not confirmed,BLOCKED,0,NO_ACTION,NOT_EXECUTED,NOT_VERIFIED,45208.21,,BDT,amount above auto-release cap,,,autonomous-v1,RSA-0009675,88bf907af50427d3b4d76d1a3a4b7db9f8e7e0af32d8c11b3650a3f74679be1c,2026-06-02 02:19:15+00:00,2026-06-02 02:19:15+00:00,
RCV-001047,TXN-0009692,true,single debit confirmation; settlement not confirmed,BLOCKED,0,NO_ACTION,NOT_EXECUTED,NOT_VERIFIED,2033.79,,BDT,amount above auto-release cap,,,autonomous-v1,RSA-0009692,bd86c844e1d88e9c388dadca9cc4c7d59b1f9bdd434cad2bc645c9ed0a6efa67,2025-11-05 02:22:53+00:00,2025-11-05 02:22:53+00:00,
RCV-001048,TXN-0009715,true,single debit confirmation; settlement not confirmed,PENDING,0,MANUAL_REVIEW,AWAITING_REVIEW,NOT_VERIFIED,782.47,,BDT,,,,autonomous-v1,RSA-0009715,84a6740e49d4e1e63c8cb2f4f62922fa22a764ab0e6be9c5eb3e1d62fb504625,2026-06-22 04:25:26+00:00,,
RCV-001049,TXN-0009726,false,settlement confirmed without merchant confirmation,COMPLETED,0,MANUAL_REVIEW,RESOLVED_MANUALLY,REVIEWED,3036.1,,BDT,,,,autonomous-v1,RSA-0009726,a3d2db8f7433ca0ddb3c90dfb14259e9db98987329bdd08d1cff5fa2124fcd59,2026-05-19 21:52:01+00:00,,
RCV-001050,TXN-0009732,true,single debit confirmation; settlement not confirmed,COMPLETED,1,RELEASE_LIMIT,RECOVERED,VERIFIED,651.76,651.76,BDT,,mock,REL-DFBDD7A4,autonomous-v1,RSA-0009732,ad2ef9d85113d188025c91626ced426d0c1d9728f69e3d74540227895dcf2255,2026-07-09 18:31:42+00:00,2026-07-09 18:34:42+00:00,2026-07-09 18:34:49+00:00
RCV-001051,TXN-0009742,false,multiple customer debit confirmations,BLOCKED,0,NO_ACTION,NOT_EXECUTED,NOT_VERIFIED,2692.73,,BDT,DOUBLE_DEDUCTION,,,autonomous-v1,RSA-0009742,30d307ba1b2e7fdd740b2b02e61292baaea6e8ff0af3a58b5f7ffaad10996ac2,2025-12-17 22:59:55+00:00,2025-12-17 22:59:55+00:00,
RCV-001052,TXN-0009754,true,single debit confirmation; settlement not confirmed,BLOCKED,0,NO_ACTION,NOT_EXECUTED,NOT_VERIFIED,9133.64,,BDT,policy block,,,autonomous-v1,RSA-0009754,8f4ec627869d5a2496681e0d23ff4c34b8a405f73867cf1cd77e88466c4f957c,2026-06-11 14:03:54+00:00,2026-06-11 14:03:54+00:00,
RCV-001053,TXN-0009762,true,single debit confirmation; settlement not confirmed,BLOCKED,0,NO_ACTION,NOT_EXECUTED,NOT_VERIFIED,5892.73,,BDT,policy block,,,autonomous-v1,RSA-0009762,c5ff7f63c85d9c87cdce5cc9d42062b0d0534a17533312641d9225a3bdc68598,2026-09-16 09:46:21+00:00,2026-09-16 09:46:21+00:00,
RCV-001054,TXN-0009777,true,single debit confirmation; settlement not confirmed,BLOCKED,0,NO_ACTION,NOT_EXECUTED,NOT_VERIFIED,2778.35,,BDT,amount above auto-release cap,,,autonomous-v1,RSA-0009777,3301169d02297b59f8de7c224e1642cc8289ebfc032b132a9073610256241d1b,2026-03-31 12:45:52+00:00,2026-03-31 12:45:52+00:00,
RCV-001055,TXN-0009794,false,provider reference shared with another transaction,PENDING,0,MANUAL_REVIEW,AWAITING_REVIEW,NOT_VERIFIED,1153.76,,BDT,,,,autonomous-v1,RSA-0009794,038ea4ba23bf28e8f3292c32a7bd75d6817086870a4648bb211095e10b78d485,2026-09-23 03:24:33+00:00,,
RCV-001056,TXN-0009797,true,single debit confirmation; settlement not confirmed,BLOCKED,0,NO_ACTION,NOT_EXECUTED,NOT_VERIFIED,8236.18,,BDT,amount above auto-release cap,,,autonomous-v1,RSA-0009797,ec26223511d59e6396a1b7a88c69f27bd54c8162094e812dc4528e25e0b090ca,2026-03-03 05:45:10+00:00,2026-03-03 05:45:10+00:00,
RCV-001057,TXN-0009804,false,multiple customer debit confirmations,BLOCKED,0,NO_ACTION,NOT_EXECUTED,NOT_VERIFIED,976.04,,BDT,DOUBLE_DEDUCTION,,,autonomous-v1,RSA-0009804,3e1dc85f70565f4234d4582cd3f6d910fce5c6621ee401b3ad2a4de3fc309fb1,2025-12-31 09:35:53+00:00,2025-12-31 09:35:53+00:00,
RCV-001058,TXN-0009808,true,single debit confirmation; settlement not confirmed,BLOCKED,0,NO_ACTION,NOT_EXECUTED,NOT_VERIFIED,2608.55,,BDT,policy block,,,autonomous-v1,RSA-0009808,5d781b5fb89a692fb34283453dd1a3db72663b2c7591bf481fe2196a7783540a,2026-07-24 23:55:09+00:00,2026-07-24 23:55:09+00:00,
RCV-001059,TXN-0009811,true,single debit confirmation; settlement not confirmed,BLOCKED,0,NO_ACTION,NOT_EXECUTED,NOT_VERIFIED,106312.17,,BDT,amount above auto-release cap,,,autonomous-v1,RSA-0009811,6de0358b9be4b530f71c7f182647b8e965837853722b000e2fb887c26075e325,2026-09-01 12:40:12+00:00,2026-09-01 12:40:12+00:00,
RCV-001060,TXN-0009812,true,single debit confirmation; settlement not confirmed,BLOCKED,0,NO_ACTION,NOT_EXECUTED,NOT_VERIFIED,2206.22,,BDT,policy block,,,autonomous-v1,RSA-0009812,7167410cb5a522353466e190ac5d500e5b29c1524f6ad9b6a37f73a7d754bea9,2026-09-19 18:32:38+00:00,2026-09-19 18:32:38+00:00,
RCV-001061,TXN-0009824,true,single debit confirmation; settlement not confirmed,BLOCKED,0,NO_ACTION,NOT_EXECUTED,NOT_VERIFIED,1697.62,,BDT,amount above auto-release cap,,,autonomous-v1,RSA-0009824,374930065751b91b476126cbb4943519ff3d01d7dacd134f7b5b45787a34859a,2026-08-22 02:05:37+00:00,2026-08-22 02:05:37+00:00,
RCV-001062,TXN-0009827,true,single debit confirmation; settlement not confirmed,BLOCKED,0,NO_ACTION,NOT_EXECUTED,NOT_VERIFIED,3977.38,,BDT,amount above auto-release cap,,,autonomous-v1,RSA-0009827,4963ff154396f46b527c56985a2c21756f0ee2cc29308307d168a68acd9d1edb,2026-08-26 16:41:56+00:00,2026-08-26 16:41:56+00:00,
RCV-001063,TXN-0009830,true,single debit confirmation; settlement not confirmed,BLOCKED,0,NO_ACTION,NOT_EXECUTED,NOT_VERIFIED,9567.86,,BDT,amount above auto-release cap,,,autonomous-v1,RSA-0009830,5660a848174914da6eeddc4b90615d075dbee28b84ca1f53a9a48201cdbe257c,2026-09-02 15:06:24+00:00,2026-09-02 15:06:24+00:00,
RCV-001064,TXN-0009831,false,insufficient payment evidence,BLOCKED,0,NO_ACTION,NOT_EXECUTED,NOT_VERIFIED,2565.48,,BDT,INSUFFICIENT_EVIDENCE,,,autonomous-v1,RSA-0009831,934dae861558c2448df0f950be5f518ef6960a97b1e106c2a1b391b156e62b0e,2026-09-10 01:00:35+00:00,2026-09-10 01:00:35+00:00,
RCV-001065,TXN-0009833,true,single debit confirmation; settlement not confirmed,BLOCKED,0,NO_ACTION,NOT_EXECUTED,NOT_VERIFIED,123.81,,BDT,,,,autonomous-v1,RSA-0009833,3fc62fd7e4463724c784eccabde13d0689a02a5f03a38a94162004fe1e16bea5,2026-09-20 05:40:07+00:00,,
RCV-001066,TXN-0009836,true,single debit confirmation; settlement not confirmed,BLOCKED,0,NO_ACTION,NOT_EXECUTED,NOT_VERIFIED,2503.68,,BDT,amount above auto-release cap,,,autonomous-v1,RSA-0009836,5931c244f496859f0ed4d3c1b2a9b7314d1c2e29ac5ff03741e47ab673281b26,2026-06-21 01:06:27+00:00,2026-06-21 01:06:27+00:00,
RCV-001067,TXN-0009837,true,single debit confirmation; settlement not confirmed,BLOCKED,0,NO_ACTION,NOT_EXECUTED,NOT_VERIFIED,1501.94,,BDT,amount above auto-release cap,,,autonomous-v1,RSA-0009837,904796e26477bf0fb3ca546802f56f6cb74b27fbdf1d91ae6e7b17850681cb8e,2026-08-06 13:21:54+00:00,2026-08-06 13:21:54+00:00,
RCV-001068,TXN-0009840,true,single debit confirmation; settlement not confirmed,COMPLETED,0,MANUAL_REVIEW,RESOLVED_MANUALLY,REVIEWED,322.73,,BDT,,,,autonomous-v1,RSA-0009840,78b3910e08a5f91a54752b0c63d1cc8f01b146662e4d5bcc1ed2dbfed3c82d22,2026-02-08 19:13:45+00:00,,
RCV-001069,TXN-0009860,false,insufficient payment evidence,BLOCKED,0,NO_ACTION,NOT_EXECUTED,NOT_VERIFIED,1058.22,,BDT,INSUFFICIENT_EVIDENCE,,,autonomous-v1,RSA-0009860,a9484ebfd471a4c918d0b0a5a149bfcd85d9124223337adb5fc9e7645fa531e2,2026-06-03 15:23:43+00:00,2026-06-03 15:23:43+00:00,
RCV-001070,TXN-0009875,false,settlement confirmed without merchant confirmation,PENDING,0,MANUAL_REVIEW,AWAITING_REVIEW,NOT_VERIFIED,276.91,,BDT,,,,autonomous-v1,RSA-0009875,2017aad930e50dc1f0a25396de7d12d5a35772119ab46f429bc230737f051e10,2026-09-16 17:23:35+00:00,,
RCV-001071,TXN-0009881,true,single debit confirmation; settlement not confirmed,BLOCKED,0,NO_ACTION,NOT_EXECUTED,NOT_VERIFIED,1660.78,,BDT,amount above auto-release cap,,,autonomous-v1,RSA-0009881,de56d9d43bbe8418c289fda48588bad6f3db2ecbdf4c807a64296742585b760f,2026-01-18 04:10:26+00:00,2026-01-18 04:10:26+00:00,
RCV-001072,TXN-0009882,false,insufficient payment evidence,BLOCKED,0,NO_ACTION,NOT_EXECUTED,NOT_VERIFIED,2079.41,,BDT,INSUFFICIENT_EVIDENCE,,,autonomous-v1,RSA-0009882,3e5649318487456cc3b98219ce664d7c72cf6a6fa9c722e7a2c147c3d8d28157,2026-02-16 04:43:14+00:00,2026-02-16 04:43:14+00:00,
RCV-001073,TXN-0009888,false,multiple customer debit confirmations,BLOCKED,0,NO_ACTION,NOT_EXECUTED,NOT_VERIFIED,3076.21,,BDT,DOUBLE_DEDUCTION,,,autonomous-v1,RSA-0009888,b0ce5622a9c5e2c100c65eedc309e7b7933d1e57475e197e24a993cf984ddd92,2026-03-08 13:25:09+00:00,2026-03-08 13:25:09+00:00,
RCV-001074,TXN-0009890,true,single debit confirmation; settlement not confirmed,BLOCKED,0,NO_ACTION,NOT_EXECUTED,NOT_VERIFIED,1508.49,,BDT,amount above auto-release cap,,,autonomous-v1,RSA-0009890,1c3d6bb232c935100e03f04d2357d23b53368534812a38b9551a6e59802b566f,2026-04-24 14:40:19+00:00,2026-04-24 14:40:19+00:00,
RCV-001075,TXN-0009892,true,single debit confirmation; settlement not confirmed,COMPLETED,0,MANUAL_REVIEW,RESOLVED_MANUALLY,REVIEWED,1004.51,,BDT,,,,autonomous-v1,RSA-0009892,b719996f6aa91236ec63ebea4c708b71837c4b82b1735642384be5a454e3ccf9,2026-06-03 11:22:39+00:00,,
RCV-001076,TXN-0009898,true,single debit confirmation; settlement not confirmed,BLOCKED,0,NO_ACTION,NOT_EXECUTED,NOT_VERIFIED,1400.6,,BDT,,,,autonomous-v1,RSA-0009898,5e3d517fd5fe7f530952aa17c223b48200602def3501f7884496576e6325bff3,2026-08-09 02:37:12+00:00,,
RCV-001077,TXN-0009899,true,single debit confirmation; settlement not confirmed,BLOCKED,0,NO_ACTION,NOT_EXECUTED,NOT_VERIFIED,3033.19,,BDT,amount above auto-release cap,,,autonomous-v1,RSA-0009899,ad4d5b47c5cb137f05b59b98d43d2e01d3f454c07c0c5c66bab54f93a545f619,2026-08-15 13:41:10+00:00,2026-08-15 13:41:10+00:00,
RCV-001078,TXN-0009900,true,single debit confirmation; settlement not confirmed,COMPLETED,0,MANUAL_REVIEW,RESOLVED_MANUALLY,REVIEWED,984.75,,BDT,,,,autonomous-v1,RSA-0009900,fef2abb331072e30c4dc8d676f67843cbc749f5827e59a5f4b3ba3c37f567548,2026-08-22 03:26:42+00:00,,
RCV-001079,TXN-0009902,true,single debit confirmation; settlement not confirmed,PENDING,0,MANUAL_REVIEW,AWAITING_REVIEW,NOT_VERIFIED,933.81,,BDT,,,,autonomous-v1,RSA-0009902,ba846a3c26fe915103eb37216a74e7c2422c4ff7b89fd8dc81d7c226abcfaae7,2026-09-22 15:05:14+00:00,,
RCV-001080,TXN-0009917,false,insufficient payment evidence,BLOCKED,0,NO_ACTION,NOT_EXECUTED,NOT_VERIFIED,2611.79,,BDT,INSUFFICIENT_EVIDENCE,,,autonomous-v1,RSA-0009917,7877c7e99fc1d85c0d7be15c8c0069fbf1823c9937c79094b23122740aea1c69,2026-03-19 01:26:01+00:00,2026-03-19 01:26:01+00:00,
RCV-001081,TXN-0009934,true,single debit confirmation; settlement not confirmed,BLOCKED,0,NO_ACTION,NOT_EXECUTED,NOT_VERIFIED,7373.59,,BDT,amount above auto-release cap,,,autonomous-v1,RSA-0009934,0e0208c5a244a795c1934e44cf68a06dfda8d3e7a432706365a89f8f49b3c1a7,2026-07-20 03:45:05+00:00,2026-07-20 03:45:05+00:00,
RCV-001082,TXN-0009943,true,single debit confirmation; settlement not confirmed,BLOCKED,0,NO_ACTION,NOT_EXECUTED,NOT_VERIFIED,6533.08,,BDT,amount above auto-release cap,,,autonomous-v1,RSA-0009943,9986fe29037d30c3e1492baf6b7c034afd8f28f214ca8b152358ba1b3d66938e,2026-08-27 04:10:56+00:00,2026-08-27 04:10:56+00:00,
RCV-001083,TXN-0009990,true,single debit confirmation; settlement not confirmed,BLOCKED,0,NO_ACTION,NOT_EXECUTED,NOT_VERIFIED,729.09,,BDT,,,,autonomous-v1,RSA-0009990,d82a8ba12ff770c8325a5ed2d2b81e51b1ba06c58f6a8a8a3d931adff19d71d3,2026-08-20 08:13:33+00:00,,
RCV-001084,TXN-0009996,false,evidence contradicts reported failure,PENDING,0,MANUAL_REVIEW,AWAITING_REVIEW,NOT_VERIFIED,13562.43,,BDT,,,,autonomous-v1,RSA-0009996,9be37791ee6b916bbd13d8d86271c9ba91db530f6ef3bff2294e63ebb232a2dd,2025-12-22 20:35:59+00:00,,
RCV-001085,TXN-0010019,true,single debit confirmation; settlement not confirmed,BLOCKED,0,NO_ACTION,NOT_EXECUTED,NOT_VERIFIED,6227.11,,BDT,amount above auto-release cap,,,autonomous-v1,RSA-0010019,998e3331aefa2a4a505fcb494df346d78287bf86ec26a7c9ee1f334fa5906c4a,2026-06-09 02:31:42+00:00,2026-06-09 02:31:42+00:00,
RCV-001086,TXN-0010029,true,single debit confirmation; settlement not confirmed,BLOCKED,0,NO_ACTION,NOT_EXECUTED,NOT_VERIFIED,7488.33,,BDT,amount above auto-release cap,,,autonomous-v1,RSA-0010029,2c2319793a26d523ae0b87e41bd8dfe91ef242e81b44a3fde86e3bd02655d242,2026-08-16 04:11:17+00:00,2026-08-16 04:11:17+00:00,
RCV-001087,TXN-0010043,false,insufficient payment evidence,BLOCKED,0,NO_ACTION,NOT_EXECUTED,NOT_VERIFIED,921.31,,BDT,INSUFFICIENT_EVIDENCE,,,autonomous-v1,RSA-0010043,8a922b2f00f6d90eae2c886ad36d44cb81ebe28cbb642263ac2478e3ceab4a8a,2026-04-15 20:02:22+00:00,2026-04-15 20:02:22+00:00,
RCV-001088,TXN-0010045,false,insufficient payment evidence,BLOCKED,0,NO_ACTION,NOT_EXECUTED,NOT_VERIFIED,2556.44,,BDT,INSUFFICIENT_EVIDENCE,,,autonomous-v1,RSA-0010045,7dd674ab6e88e597179ddbe4a9d6e345950ea26a50e27cd76a93beb005f461c9,2026-04-26 17:18:21+00:00,2026-04-26 17:18:21+00:00,
RCV-001089,TXN-0010046,true,single debit confirmation; settlement not confirmed,PENDING,0,MANUAL_REVIEW,AWAITING_REVIEW,NOT_VERIFIED,1314.39,,BDT,,,,autonomous-v1,RSA-0010046,b73c09cdb496587d9be3b69dfe5c4fc5e9c315e48a916830aee6568c5b119d4c,2026-05-07 11:16:32+00:00,,
RCV-001090,TXN-0010075,true,single debit confirmation; settlement not confirmed,BLOCKED,0,NO_ACTION,NOT_EXECUTED,NOT_VERIFIED,167.64,,BDT,,,,autonomous-v1,RSA-0010075,f54a90b1e8bb2859629513a8f8f8c3037350bb773a82c22f90c636d8be926b1e,2026-09-10 22:54:04+00:00,,
RCV-001091,TXN-0010077,true,single debit confirmation; settlement not confirmed,BLOCKED,0,NO_ACTION,NOT_EXECUTED,NOT_VERIFIED,1377.71,,BDT,policy block,,,autonomous-v1,RSA-0010077,bca7ae2a24ef658b1d86eb6a77d4edec1ee9568a948de5447fb56854811c323f,2026-03-15 22:18:26+00:00,2026-03-15 22:18:26+00:00,
RCV-001092,TXN-0010101,true,single debit confirmation; settlement not confirmed,PENDING,0,MANUAL_REVIEW,AWAITING_REVIEW,NOT_VERIFIED,556.11,,BDT,,,,autonomous-v1,RSA-0010101,fbafa8ae5d1f505229b9330fc88148dafbc7206e5eabd286aae519cea375fc2f,2026-06-29 06:26:46+00:00,,
RCV-001093,TXN-0010121,false,multiple customer debit confirmations,BLOCKED,0,NO_ACTION,NOT_EXECUTED,NOT_VERIFIED,2834.78,,BDT,DOUBLE_DEDUCTION,,,autonomous-v1,RSA-0010121,a9e5ad58fe157f5307b3cf66789cdab3a6042c6a958d189cb9cab0d6634dffdc,2026-08-27 09:13:11+00:00,2026-08-27 09:13:11+00:00,
RCV-001094,TXN-0010136,true,single debit confirmation; settlement not confirmed,BLOCKED,0,NO_ACTION,NOT_EXECUTED,NOT_VERIFIED,3951.82,,BDT,amount above auto-release cap,,,autonomous-v1,RSA-0010136,39cb555fa177b9cd23f4ba4184439457e58d2aed897977ddb0ab270ad8159a8e,2026-05-16 14:36:48+00:00,2026-05-16 14:36:48+00:00,
RCV-001095,TXN-0010147,true,single debit confirmation; settlement not confirmed,BLOCKED,0,NO_ACTION,NOT_EXECUTED,NOT_VERIFIED,1560.18,,BDT,policy block,,,autonomous-v1,RSA-0010147,8c913ede0996dbe16086be16cf2cda9d1ebc0e8c302f8a2242236a849c6582a0,2026-06-27 04:01:08+00:00,2026-06-27 04:01:08+00:00,
RCV-001096,TXN-0010152,true,single debit confirmation; settlement not confirmed,BLOCKED,0,NO_ACTION,NOT_EXECUTED,NOT_VERIFIED,3296.09,,BDT,amount above auto-release cap,,,autonomous-v1,RSA-0010152,3ff61651139385b2d09f09cce7c9332b9f190afd793e8f5a5174b9eb665ef97c,2026-08-09 04:30:03+00:00,2026-08-09 04:30:03+00:00,
RCV-001097,TXN-0010169,true,single debit confirmation; settlement not confirmed,BLOCKED,0,NO_ACTION,NOT_EXECUTED,NOT_VERIFIED,11527.29,,BDT,amount above auto-release cap,,,autonomous-v1,RSA-0010169,e43a2754ef64293967716523747166c4b5b03dc92012eba25f9f30c76f86ca44,2025-12-17 13:45:14+00:00,2025-12-17 13:45:14+00:00,
RCV-001098,TXN-0010171,true,single debit confirmation; settlement not confirmed,BLOCKED,0,NO_ACTION,NOT_EXECUTED,NOT_VERIFIED,1187.89,,BDT,,,,autonomous-v1,RSA-0010171,052f3994f76b8ee2bb715c593127ad0ff727f4341c43071cdf276b550dcf8964,2026-01-17 06:49:42+00:00,,
RCV-001099,TXN-0010185,true,single debit confirmation; settlement not confirmed,PENDING,0,MANUAL_REVIEW,AWAITING_REVIEW,NOT_VERIFIED,1478.62,,BDT,,,,autonomous-v1,RSA-0010185,09aa336500219f97143f6b140253ce4499c675c1a1dc7924a8aceaaf864d7fac,2026-09-12 01:28:19+00:00,,
RCV-001100,TXN-0010186,false,multiple customer debit confirmations,BLOCKED,0,NO_ACTION,NOT_EXECUTED,NOT_VERIFIED,7687.23,,BDT,DOUBLE_DEDUCTION,,,autonomous-v1,RSA-0010186,a487b0ec8099b3a53c9dd82b6660860d1a537509205be2faabef54e62e99360e,2026-09-13 10:45:32+00:00,2026-09-13 10:45:32+00:00,
RCV-001101,TXN-0010206,true,single debit confirmation; settlement not confirmed,BLOCKED,0,NO_ACTION,NOT_EXECUTED,NOT_VERIFIED,4837.19,,BDT,amount above auto-release cap,,,autonomous-v1,RSA-0010206,a9da6cd1f30bac042a911588a56a86b3e122c6d92e9d28c6ac843244850b71ec,2026-08-06 10:10:14+00:00,2026-08-06 10:10:14+00:00,
RCV-001102,TXN-0010207,true,single debit confirmation; settlement not confirmed,BLOCKED,0,NO_ACTION,NOT_EXECUTED,NOT_VERIFIED,10652.55,,BDT,policy block,,,autonomous-v1,RSA-0010207,c10af9fb5e35f7a86c32a2925bba727dcb9afe1c816b0c6f773e644bb9270bd3,2026-08-10 21:26:07+00:00,2026-08-10 21:26:07+00:00,
RCV-001103,TXN-0010223,true,single debit confirmation; settlement not confirmed,PENDING,0,MANUAL_REVIEW,AWAITING_REVIEW,NOT_VERIFIED,1150.08,,BDT,,,,autonomous-v1,RSA-0010223,71380888011bf9a05cbb57e17503ba007235957e8c86a8553cbc1045aa3e697b,2026-01-17 18:42:25+00:00,,
RCV-001104,TXN-0010229,false,insufficient payment evidence,BLOCKED,0,NO_ACTION,NOT_EXECUTED,NOT_VERIFIED,2383.43,,BDT,INSUFFICIENT_EVIDENCE,,,autonomous-v1,RSA-0010229,e5549d8cd0d1d3f8c80cdf92fa4d0d6daaaa82d14ae067b14ac774f9a75e0420,2026-04-06 18:31:31+00:00,2026-04-06 18:31:31+00:00,
RCV-001105,TXN-0010244,true,single debit confirmation; settlement not confirmed,PENDING,0,MANUAL_REVIEW,AWAITING_REVIEW,NOT_VERIFIED,1300.42,,BDT,,,,autonomous-v1,RSA-0010244,25c0f2fdcd73a22fa6dd2cdd97ec72659e1252b7a47cb44ecaa6305abb38be0e,2026-04-12 03:41:01+00:00,,
RCV-001106,TXN-0010249,false,insufficient payment evidence,BLOCKED,0,NO_ACTION,NOT_EXECUTED,NOT_VERIFIED,1383.5,,BDT,INSUFFICIENT_EVIDENCE,,,autonomous-v1,RSA-0010249,b575a11374a07e3393427dea43651b61e54b40a45b51270f6a09271ae77ef3cb,2026-07-25 03:50:22+00:00,2026-07-25 03:50:22+00:00,
RCV-001107,TXN-0010255,true,single debit confirmation; settlement not confirmed,BLOCKED,0,NO_ACTION,NOT_EXECUTED,NOT_VERIFIED,2436.02,,BDT,amount above auto-release cap,,,autonomous-v1,RSA-0010255,3b606f70f3d80ef78633ea318a569fbaafe90698a56c08ebb7c5859967185748,2026-02-05 19:32:20+00:00,2026-02-05 19:32:20+00:00,
RCV-001108,TXN-0010268,false,insufficient payment evidence,BLOCKED,0,NO_ACTION,NOT_EXECUTED,NOT_VERIFIED,810.15,,BDT,INSUFFICIENT_EVIDENCE,,,autonomous-v1,RSA-0010268,31f5251af0a003164cf7fb7b39e79aba8b34a07f2073a616a23779d01f34df9d,2026-07-11 01:44:45+00:00,2026-07-11 01:44:45+00:00,
RCV-001109,TXN-0010275,true,single debit confirmation; settlement not confirmed,PENDING,0,MANUAL_REVIEW,AWAITING_REVIEW,NOT_VERIFIED,1049.56,,BDT,,,,autonomous-v1,RSA-0010275,abc6dba949e254ed38442d096a7d6b2b203556bb4c7dd422f84f1ea35d17663d,2025-11-17 09:04:12+00:00,,
RCV-001110,TXN-0010300,true,single debit confirmation; settlement not confirmed,PENDING,0,MANUAL_REVIEW,AWAITING_REVIEW,NOT_VERIFIED,1372.47,,BDT,,,,autonomous-v1,RSA-0010300,a3b53ae4c8e2e80a3241153b877f450c7e2cf4df47923f4d483bf50c5cb42d75,2026-06-25 05:54:57+00:00,,
RCV-001111,TXN-0010312,true,single debit confirmation; settlement not confirmed,COMPLETED,1,RELEASE_LIMIT,RECOVERED,VERIFIED,1090.99,1090.99,BDT,,mock,REL-2B588769,autonomous-v1,RSA-0010312,393bb5aaa6783806c4d75a00dfbd329fc07f4575da2ab91c3e7ff245f532ed0b,2026-08-18 18:24:33+00:00,2026-08-18 18:36:33+00:00,2026-08-18 18:36:48+00:00
RCV-001112,TXN-0010317,true,single debit confirmation; settlement not confirmed,BLOCKED,0,NO_ACTION,NOT_EXECUTED,NOT_VERIFIED,749.39,,BDT,policy block,,,autonomous-v1,RSA-0010317,8d857d53f6ddaa4423a85970b1e2b5fb6e29126ffe971a8341c245fa8b0fef3a,2026-09-30 13:05:15+00:00,2026-09-30 13:05:15+00:00,
RCV-001113,TXN-0010319,true,single debit confirmation; settlement not confirmed,BLOCKED,0,NO_ACTION,NOT_EXECUTED,NOT_VERIFIED,3234.46,,BDT,amount above auto-release cap,,,autonomous-v1,RSA-0010319,7683bc5fec9be1905de00f321c20a7d9c8bd8864bb51146fc7a63f3f72ace559,2026-03-29 16:42:37+00:00,2026-03-29 16:42:37+00:00,
RCV-001114,TXN-0010324,false,insufficient payment evidence,BLOCKED,0,NO_ACTION,NOT_EXECUTED,NOT_VERIFIED,2924.32,,BDT,INSUFFICIENT_EVIDENCE,,,autonomous-v1,RSA-0010324,04c06bc42b9efed7c7a92954c76091972763916047a719448b618f1af83e997f,2026-06-07 17:49:20+00:00,2026-06-07 17:49:20+00:00,
RCV-001115,TXN-0010327,true,single debit confirmation; settlement not confirmed,BLOCKED,0,NO_ACTION,NOT_EXECUTED,NOT_VERIFIED,676.59,,BDT,,,,autonomous-v1,RSA-0010327,8d2267c5cbe24779141a23a6affc3975af3ce2acaa64df4705984ade2d576dc7,2026-09-24 09:18:33+00:00,,
RCV-001116,TXN-0010329,true,single debit confirmation; settlement not confirmed,PENDING,0,MANUAL_REVIEW,AWAITING_REVIEW,NOT_VERIFIED,175.13,,BDT,,,,autonomous-v1,RSA-0010329,d2e5cd22c7c7c3dc7831c6c84baa3dea56167c88fd80f9bd4ade6cfd92585c51,2026-02-10 07:33:58+00:00,,
RCV-001117,TXN-0010332,true,single debit confirmation; settlement not confirmed,PENDING,0,MANUAL_REVIEW,AWAITING_REVIEW,NOT_VERIFIED,194.57,,BDT,,,,autonomous-v1,RSA-0010332,e08779bce1c713381fb7c408102692a9b216c7098560ad796263af9015b59634,2026-07-05 23:19:16+00:00,,
RCV-001118,TXN-0010334,true,single debit confirmation; settlement not confirmed,BLOCKED,0,NO_ACTION,NOT_EXECUTED,NOT_VERIFIED,1244.72,,BDT,,,,autonomous-v1,RSA-0010334,b26f951c53d5344e9b5324f3ac748dbc92fa1a4e6aeb9774f38c596938ad8ffd,2026-07-17 20:54:34+00:00,,
RCV-001119,TXN-0010335,false,insufficient payment evidence,BLOCKED,0,NO_ACTION,NOT_EXECUTED,NOT_VERIFIED,1330.44,,BDT,INSUFFICIENT_EVIDENCE,,,autonomous-v1,RSA-0010335,6c13511a16d39584805500e939acb2a8f48acd6495e25c4b30adbe6324dc191c,2026-07-21 09:56:50+00:00,2026-07-21 09:56:50+00:00,
RCV-001120,TXN-0010338,false,settlement confirmed without merchant confirmation,PENDING,0,MANUAL_REVIEW,AWAITING_REVIEW,NOT_VERIFIED,1897.72,,BDT,,,,autonomous-v1,RSA-0010338,dc44b81e35db79c31c8c3f2ed8f5354dab67274e3bc4c2273144d8f0f2690903,2026-08-04 13:21:59+00:00,,
RCV-001121,TXN-0010339,true,single debit confirmation; settlement not confirmed,COMPLETED,0,MANUAL_REVIEW,RESOLVED_MANUALLY,REVIEWED,1345.45,,BDT,,,,autonomous-v1,RSA-0010339,671198f9cb878d1c6abe339448c747b6d67535bc7730c9b9bb5c9a08f349b176,2026-08-30 07:10:15+00:00,,
RCV-001122,TXN-0010340,true,single debit confirmation; settlement not confirmed,PENDING,0,MANUAL_REVIEW,AWAITING_REVIEW,NOT_VERIFIED,322.51,,BDT,,,,autonomous-v1,RSA-0010340,75ce14698912492058b037e3ac4e854fe834865bd6bb85a2f1abc9c14368d3b5,2026-09-05 09:55:23+00:00,,
RCV-001123,TXN-0010343,false,settlement confirmed without merchant confirmation,COMPLETED,0,MANUAL_REVIEW,RESOLVED_MANUALLY,REVIEWED,434.37,,BDT,,,,autonomous-v1,RSA-0010343,3bd2175f6c6cb3c9c0c6d6eb484b28e78170ead694cd0ff769efe5ce1cf9ed8a,2026-04-12 23:18:15+00:00,,
RCV-001124,TXN-0010360,true,single debit confirmation; settlement not confirmed,BLOCKED,0,NO_ACTION,NOT_EXECUTED,NOT_VERIFIED,539.46,,BDT,policy block,,,autonomous-v1,RSA-0010360,c128dafe3254782266df1635852ce53c7823ff1a73630b22374608e8412c48d7,2026-07-19 13:04:20+00:00,2026-07-19 13:04:20+00:00,
RCV-001125,TXN-0010361,true,single debit confirmation; settlement not confirmed,PENDING,0,MANUAL_REVIEW,AWAITING_REVIEW,NOT_VERIFIED,1028.55,,BDT,,,,autonomous-v1,RSA-0010361,b3e5420051c670610e801bf21af50e68df99a38930cab26b9fd9b4d3b22dffaa,2026-07-21 18:14:35+00:00,,
RCV-001126,TXN-0010375,false,insufficient payment evidence,BLOCKED,0,NO_ACTION,NOT_EXECUTED,NOT_VERIFIED,4002.61,,BDT,INSUFFICIENT_EVIDENCE,,,autonomous-v1,RSA-0010375,685d8ba326967bbd5c20ab42ebfdb752c89559a4e070f54ae4e02bedbeb523ac,2026-08-07 01:19:33+00:00,2026-08-07 01:19:33+00:00,
RCV-001127,TXN-0010383,false,settlement confirmed without merchant confirmation,PENDING,0,MANUAL_REVIEW,AWAITING_REVIEW,NOT_VERIFIED,1697.26,,BDT,,,,autonomous-v1,RSA-0010383,c964e413c36da134c0496c2977141b68eebc6d905cf1d268f213fef277c2d497,2026-09-04 02:35:15+00:00,,
RCV-001128,TXN-0010415,true,single debit confirmation; settlement not confirmed,BLOCKED,0,NO_ACTION,NOT_EXECUTED,NOT_VERIFIED,1124.22,,BDT,,,,autonomous-v1,RSA-0010415,1b50ae1669946b8bac7fedec9e2f20296a28bc8a9c70c80626a33135c28c2791,2026-08-05 15:53:16+00:00,,
RCV-001129,TXN-0010430,true,single debit confirmation; settlement not confirmed,PENDING,0,MANUAL_REVIEW,AWAITING_REVIEW,NOT_VERIFIED,318.18,,BDT,,,,autonomous-v1,RSA-0010430,563e0c9ff4ff6a31856490c6b886981cdf355d26755a2fb6e1aabf4d1d9739da,2026-03-18 20:35:36+00:00,,
RCV-001130,TXN-0010438,true,single debit confirmation; settlement not confirmed,BLOCKED,0,NO_ACTION,NOT_EXECUTED,NOT_VERIFIED,2048.18,,BDT,amount above auto-release cap,,,autonomous-v1,RSA-0010438,7756bf514b4f2e6544616d56065cb54294ba8b785020d010ce9bac149c51166c,2026-08-01 23:28:29+00:00,2026-08-01 23:28:29+00:00,
RCV-001131,TXN-0010439,true,single debit confirmation; settlement not confirmed,BLOCKED,0,NO_ACTION,NOT_EXECUTED,NOT_VERIFIED,8780.91,,BDT,amount above auto-release cap,,,autonomous-v1,RSA-0010439,84ee64de98f637e5f12bf2886757426c3543b2b3e0e56bd93c89a202e3d747a2,2026-08-02 20:53:28+00:00,2026-08-02 20:53:28+00:00,
RCV-001132,TXN-0010452,true,single debit confirmation; settlement not confirmed,BLOCKED,0,NO_ACTION,NOT_EXECUTED,NOT_VERIFIED,1229.56,,BDT,policy block,,,autonomous-v1,RSA-0010452,29673409477dd5c347d9f9cf8e7fc0eb5326e4b47dd2a77f47ab458b26bb0570,2026-02-06 11:54:16+00:00,2026-02-06 11:54:16+00:00,
RCV-001133,TXN-0010460,true,single debit confirmation; settlement not confirmed,BLOCKED,0,NO_ACTION,NOT_EXECUTED,NOT_VERIFIED,5896.92,,BDT,amount above auto-release cap,,,autonomous-v1,RSA-0010460,081b9f6fbe0659e77617e45602a3cf55179a2635c7ade9ffc72afaa47b9e8c97,2026-05-06 05:45:52+00:00,2026-05-06 05:45:52+00:00,
RCV-001134,TXN-0010464,true,single debit confirmation; settlement not confirmed,BLOCKED,0,NO_ACTION,NOT_EXECUTED,NOT_VERIFIED,3304.22,,BDT,amount above auto-release cap,,,autonomous-v1,RSA-0010464,996e7ae1815fb50f64dab6584e5602f685ba2f50162c759f679ef8f80c48d3e2,2026-07-29 06:52:19+00:00,2026-07-29 06:52:19+00:00,
RCV-001135,TXN-0010469,true,single debit confirmation; settlement not confirmed,PENDING,0,MANUAL_REVIEW,AWAITING_REVIEW,NOT_VERIFIED,291.2,,BDT,,,,autonomous-v1,RSA-0010469,16019fed584b317183420ce2b47848315eae46a7a8fe71ee4a860f8082e80295,2026-09-27 06:22:36+00:00,,
RCV-001136,TXN-0010497,false,multiple customer debit confirmations,BLOCKED,0,NO_ACTION,NOT_EXECUTED,NOT_VERIFIED,12439.32,,BDT,DOUBLE_DEDUCTION,,,autonomous-v1,RSA-0010497,37c3c86c5978dac262c703902258e956016c293b50b566bc5a12288a81c41475,2026-07-28 21:19:41+00:00,2026-07-28 21:19:41+00:00,
RCV-001137,DEMO-S1,true,genuine failure; held limit released in sandbox,COMPLETED,1,RELEASE_LIMIT,RECOVERED,VERIFIED,1250.0,1250.0,BDT,,mock,REL-1A051024,autonomous-v1,RSA-0010501,66856abdb59ef294bb9d843a288a5e3fdc91666f2a888e75ce246921314f6ae6,2026-09-17 13:34:30+00:00,2026-09-17 13:35:00+00:00,2026-09-17 13:35:30+00:00
RCV-001138,DEMO-S2,false,double deduction — autonomous recovery refused,BLOCKED,0,NO_ACTION,NOT_EXECUTED,NOT_VERIFIED,890.0,,BDT,DOUBLE_DEDUCTION,,,autonomous-v1,RSA-0010502,7cf8ab4913fe24b2955086f7e163f09ba7e374fecc2503ec627513b7686aceb1,2026-09-18 11:47:30+00:00,2026-09-18 11:47:30+00:00,
RCV-001139,DEMO-S3,false,already success — autonomous recovery refused,BLOCKED,0,NO_ACTION,NOT_EXECUTED,NOT_VERIFIED,640.0,,BDT,ALREADY_SUCCESS,,,autonomous-v1,RSA-0010503,b8084a8fd6fa523a92135bfb8f329df3957a181dea62c9a6ed2026570031816e,2026-09-19 14:10:30+00:00,2026-09-19 14:10:30+00:00,
RCV-001140,DEMO-S4,false,insufficient evidence — autonomous recovery refused,BLOCKED,0,NO_ACTION,NOT_EXECUTED,NOT_VERIFIED,450.0,,BDT,INSUFFICIENT_EVIDENCE,,,autonomous-v1,RSA-0010504,e69dc691f5547922d545128231866f2bb116650826dfe4d1b83593a437aaee45,2026-09-20 18:19:30+00:00,2026-09-20 18:19:30+00:00,
RCV-001141,DEMO-S5,true,new successful settlement — autonomous recovery refused,BLOCKED,0,NO_ACTION,NOT_EXECUTED,NOT_VERIFIED,1499.0,,BDT,NEW_SUCCESSFUL_SETTLEMENT,,,autonomous-v1,RSA-0010505,365eee332ca42f1d15293b057922edb35fc59e84498119484880f40892077e1f,2026-09-21 20:24:30+00:00,2026-09-21 20:24:30+00:00,
RCV-001142,DEMO-S6,true,genuine failure; held limit released in sandbox,COMPLETED,2,RELEASE_LIMIT,RECOVERED,VERIFIED,1750.0,1750.0,BDT,,mock,REL-A8C8038E,autonomous-v1,RSA-0010506,1ebea7fca408f23c83baafbc549d15cec961acca550c3d0ac87065bb14ae8942,2026-09-22 17:42:30+00:00,2026-09-22 17:43:00+00:00,2026-09-22 17:43:30+00:00
